allDate,prevDay,prevWeek,avgTemp,wF,MonMed,classSession,dayType,season
1/14/2009 0:00,NaN,NaN,47,7.192282399,10.7884236,0,wk,Winter
1/15/2009 0:00,7.192282399,NaN,46,6.81374122,10.7884236,0,wk,Winter
1/16/2009 0:00,6.81374122,NaN,41.5,7.570823578,10.7884236,0,wk,Winter
1/17/2009 0:00,7.570823578,NaN,57.5,5.678117684,10.7884236,0,wknd,Winter
1/18/2009 0:00,5.678117684,NaN,61,6.435200042,10.7884236,0,wknd,Winter
1/19/2009 0:00,6.435200042,NaN,58,9.084988294,10.7884236,0,wk,Winter
1/20/2009 0:00,9.084988294,NaN,50,14.3845648,10.7884236,1,wk,Winter
1/21/2009 0:00,14.3845648,7.192282399,53.5,15.14164716,10.7884236,1,wk,Winter
1/22/2009 0:00,15.14164716,6.81374122,61,14.00602362,10.7884236,1,wk,Winter
1/23/2009 0:00,14.00602362,7.570823578,68,12.4918589,10.7884236,1,wk,Winter
1/24/2009 0:00,12.4918589,5.678117684,50.5,6.81374122,10.7884236,1,wknd,Winter
1/25/2009 0:00,6.81374122,6.435200042,48.5,8.327905936,10.7884236,1,wknd,Winter
1/26/2009 0:00,8.327905936,9.084988294,61.5,14.00602362,10.7884236,1,wk,Winter
1/27/2009 0:00,14.00602362,14.3845648,49.5,14.3845648,10.7884236,1,wk,Winter
1/28/2009 0:00,14.3845648,15.14164716,40,15.52018834,10.7884236,1,wk,Winter
1/29/2009 0:00,15.52018834,14.00602362,43,15.52018834,10.7884236,1,wk,Winter
1/30/2009 0:00,15.52018834,12.4918589,50.5,14.76310598,10.7884236,1,wk,Winter
1/31/2009 0:00,14.76310598,6.81374122,53.5,9.084988294,10.7884236,1,wknd,Winter
2/1/2009 0:00,9.084988294,8.327905936,61.5,10.22061183,14.76310598,1,wknd,Winter
2/2/2009 0:00,10.22061183,14.00602362,50.5,14.00602362,14.76310598,1,wk,Winter
2/3/2009 0:00,14.00602362,14.3845648,53.5,15.14164716,14.76310598,1,wk,Winter
2/4/2009 0:00,15.14164716,15.52018834,54,15.89872951,14.76310598,1,wk,Winter
2/5/2009 0:00,15.89872951,15.52018834,60.5,15.52018834,14.76310598,1,wk,Winter
2/6/2009 0:00,15.52018834,14.76310598,66.5,13.62748244,14.76310598,1,wk,Winter
2/7/2009 0:00,13.62748244,9.084988294,69.5,7.192282399,14.76310598,1,wknd,Winter
2/8/2009 0:00,7.192282399,10.22061183,66.5,7.949364757,14.76310598,1,wknd,Winter
2/9/2009 0:00,7.949364757,14.00602362,64.5,15.14164716,14.76310598,1,wk,Winter
2/10/2009 0:00,15.14164716,15.14164716,64.5,14.3845648,14.76310598,1,wk,Winter
2/11/2009 0:00,14.3845648,15.89872951,61.5,15.14164716,14.76310598,1,wk,Winter
2/12/2009 0:00,15.14164716,15.52018834,59.5,16.27727069,14.76310598,1,wk,Winter
2/13/2009 0:00,16.27727069,13.62748244,70,13.24894126,14.76310598,1,wk,Winter
2/14/2009 0:00,13.24894126,7.192282399,56,6.435200042,14.76310598,1,wknd,Winter
2/15/2009 0:00,6.435200042,7.949364757,58.5,9.842070652,14.76310598,1,wknd,Winter
2/16/2009 0:00,9.842070652,15.14164716,54.5,15.52018834,14.76310598,1,wk,Winter
2/17/2009 0:00,15.52018834,14.3845648,58,15.89872951,14.76310598,1,wk,Winter
2/18/2009 0:00,15.89872951,15.14164716,70,17.03435305,14.76310598,1,wk,Winter
2/19/2009 0:00,17.03435305,16.27727069,54.5,15.89872951,14.76310598,1,wk,Winter
2/20/2009 0:00,15.89872951,13.24894126,54,13.24894126,14.76310598,1,wk,Winter
2/21/2009 0:00,13.24894126,6.435200042,53.5,7.192282399,14.76310598,1,wknd,Winter
2/22/2009 0:00,7.192282399,9.842070652,49,9.463529473,14.76310598,1,wknd,Winter
2/23/2009 0:00,9.463529473,15.52018834,53,15.89872951,14.76310598,1,wk,Winter
2/24/2009 0:00,15.89872951,15.89872951,65.5,16.27727069,14.76310598,1,wk,Winter
2/25/2009 0:00,16.27727069,17.03435305,73,16.27727069,14.76310598,1,wk,Winter
2/26/2009 0:00,16.27727069,15.89872951,77.5,15.52018834,14.76310598,1,wk,Winter
2/27/2009 0:00,15.52018834,13.24894126,74.5,13.24894126,14.76310598,1,wk,Winter
2/28/2009 0:00,13.24894126,7.192282399,52.5,7.192282399,14.76310598,1,wknd,Winter
3/1/2009 0:00,7.192282399,9.463529473,48.5,9.084988294,12.4918589,1,wknd,Spring
3/2/2009 0:00,9.084988294,15.89872951,51,15.52018834,12.4918589,1,wk,Spring
3/3/2009 0:00,15.52018834,16.27727069,59.5,15.89872951,12.4918589,1,wk,Spring
3/4/2009 0:00,15.89872951,16.27727069,67.5,15.52018834,12.4918589,1,wk,Spring
3/5/2009 0:00,15.52018834,15.52018834,73.5,15.52018834,12.4918589,1,wk,Spring
3/6/2009 0:00,15.52018834,13.24894126,75.5,12.4918589,12.4918589,1,wk,Spring
3/7/2009 0:00,12.4918589,7.192282399,74,12.11331773,12.4918589,1,wknd,Spring
3/8/2009 0:00,12.11331773,9.084988294,77,10.22061183,12.4918589,1,wknd,Spring
3/9/2009 0:00,10.22061183,15.52018834,76,16.27727069,12.4918589,1,wk,Spring
3/10/2009 0:00,16.27727069,15.89872951,76,15.52018834,12.4918589,1,wk,Spring
3/11/2009 0:00,15.52018834,15.52018834,57,16.27727069,12.4918589,1,wk,Spring
3/12/2009 0:00,16.27727069,15.52018834,42.5,15.52018834,12.4918589,1,wk,Spring
3/13/2009 0:00,15.52018834,12.4918589,41,10.22061183,12.4918589,1,wk,Spring
3/14/2009 0:00,10.22061183,12.11331773,45.5,1.135623537,12.4918589,0,wknd,Spring
3/15/2009 0:00,1.135623537,10.22061183,55.5,1.135623537,12.4918589,0,wknd,Spring
3/16/2009 0:00,1.135623537,16.27727069,64,4.163952968,12.4918589,0,wk,Spring
3/17/2009 0:00,4.163952968,15.52018834,67.5,6.435200042,12.4918589,0,wk,Spring
3/18/2009 0:00,6.435200042,16.27727069,69.5,2.649788252,12.4918589,0,wk,Spring
3/19/2009 0:00,2.649788252,15.52018834,70.5,3.028329431,12.4918589,0,wk,Spring
3/20/2009 0:00,3.028329431,10.22061183,66.5,5.299576505,12.4918589,0,wk,Spring
3/21/2009 0:00,5.299576505,1.135623537,67,1.135623537,12.4918589,0,wknd,Spring
3/22/2009 0:00,1.135623537,1.135623537,73,5.299576505,12.4918589,0,wknd,Spring
3/23/2009 0:00,5.299576505,4.163952968,72.5,15.14164716,12.4918589,1,wk,Spring
3/24/2009 0:00,15.14164716,6.435200042,72,17.79143541,12.4918589,1,wk,Spring
3/25/2009 0:00,17.79143541,2.649788252,62,15.52018834,12.4918589,1,wk,Spring
3/26/2009 0:00,15.52018834,3.028329431,65.5,15.52018834,12.4918589,1,wk,Spring
3/27/2009 0:00,15.52018834,5.299576505,65,14.00602362,12.4918589,1,wk,Spring
3/28/2009 0:00,14.00602362,1.135623537,53.5,6.435200042,12.4918589,1,wknd,Spring
3/29/2009 0:00,6.435200042,5.299576505,56,10.22061183,12.4918589,1,wknd,Spring
3/30/2009 0:00,10.22061183,15.14164716,69.5,14.76310598,12.4918589,1,wk,Spring
3/31/2009 0:00,14.76310598,17.79143541,63.5,18.16997659,12.4918589,1,wk,Spring
4/1/2009 0:00,18.16997659,15.52018834,61.5,15.89872951,14.76310598,1,wk,Spring
4/2/2009 0:00,15.89872951,15.52018834,61,17.79143541,14.76310598,1,wk,Spring
4/3/2009 0:00,17.79143541,14.00602362,63,15.14164716,14.76310598,1,wk,Spring
4/4/2009 0:00,15.14164716,6.435200042,71.5,7.192282399,14.76310598,1,wknd,Spring
4/5/2009 0:00,7.192282399,10.22061183,63.5,9.842070652,14.76310598,1,wknd,Spring
4/6/2009 0:00,9.842070652,14.76310598,55,15.52018834,14.76310598,1,wk,Spring
4/7/2009 0:00,15.52018834,18.16997659,58,17.79143541,14.76310598,1,wk,Spring
4/8/2009 0:00,17.79143541,15.89872951,69,15.52018834,14.76310598,1,wk,Spring
4/9/2009 0:00,15.52018834,17.79143541,79,14.76310598,14.76310598,1,wk,Spring
4/10/2009 0:00,14.76310598,15.14164716,64.5,11.35623537,14.76310598,1,wk,Spring
4/11/2009 0:00,11.35623537,7.192282399,61,6.056658863,14.76310598,1,wknd,Spring
4/12/2009 0:00,6.056658863,9.842070652,70,9.463529473,14.76310598,1,wknd,Spring
4/13/2009 0:00,9.463529473,15.52018834,63.5,14.76310598,14.76310598,1,wk,Spring
4/14/2009 0:00,14.76310598,17.79143541,63,18.16997659,14.76310598,1,wk,Spring
4/15/2009 0:00,18.16997659,15.52018834,70,14.3845648,14.76310598,1,wk,Spring
4/16/2009 0:00,14.3845648,14.76310598,69,14.3845648,14.76310598,1,wk,Spring
4/17/2009 0:00,14.3845648,11.35623537,63.5,14.3845648,14.76310598,1,wk,Spring
4/18/2009 0:00,14.3845648,6.056658863,72.5,6.81374122,14.76310598,1,wknd,Spring
4/19/2009 0:00,6.81374122,9.463529473,69.5,9.084988294,14.76310598,1,wknd,Spring
4/20/2009 0:00,9.084988294,14.76310598,68.5,14.76310598,14.76310598,1,wk,Spring
4/21/2009 0:00,14.76310598,18.16997659,77,17.79143541,14.76310598,1,wk,Spring
4/22/2009 0:00,17.79143541,14.3845648,79,15.14164716,14.76310598,1,wk,Spring
4/23/2009 0:00,15.14164716,14.3845648,74,15.89872951,14.76310598,1,wk,Spring
4/24/2009 0:00,15.89872951,14.3845648,74.5,13.24894126,14.76310598,1,wk,Spring
4/25/2009 0:00,13.24894126,6.81374122,79.5,6.81374122,14.76310598,1,wknd,Spring
4/26/2009 0:00,6.81374122,9.084988294,76,8.706447115,14.76310598,1,wknd,Spring
4/27/2009 0:00,8.706447115,14.76310598,67.5,15.14164716,14.76310598,1,wk,Spring
4/28/2009 0:00,15.14164716,17.79143541,73,17.79143541,14.76310598,1,wk,Spring
4/29/2009 0:00,17.79143541,15.14164716,77,14.76310598,14.76310598,1,wk,Spring
4/30/2009 0:00,14.76310598,15.89872951,79,15.52018834,14.76310598,1,wk,Spring
5/1/2009 0:00,15.52018834,13.24894126,80,14.00602362,7.192282399,1,wk,Spring
5/2/2009 0:00,14.00602362,6.81374122,79.5,6.435200042,7.192282399,1,wknd,Spring
5/3/2009 0:00,6.435200042,8.706447115,74,8.706447115,7.192282399,1,wknd,Spring
5/4/2009 0:00,8.706447115,15.14164716,70,14.76310598,7.192282399,1,wk,Spring
5/5/2009 0:00,14.76310598,17.79143541,80,17.41289423,7.192282399,1,wk,Spring
5/6/2009 0:00,17.41289423,14.76310598,82.5,15.14164716,7.192282399,1,wk,Spring
5/7/2009 0:00,15.14164716,15.52018834,83,14.3845648,7.192282399,1,wk,Spring
5/8/2009 0:00,14.3845648,14.00602362,85.5,14.76310598,7.192282399,1,wk,Spring
5/9/2009 0:00,14.76310598,6.435200042,83,6.81374122,7.192282399,1,wknd,Spring
5/10/2009 0:00,6.81374122,8.706447115,83,7.570823578,7.192282399,1,wknd,Spring
5/11/2009 0:00,7.570823578,14.76310598,83.5,12.87040008,7.192282399,1,wk,Spring
5/12/2009 0:00,12.87040008,17.41289423,83.5,15.52018834,7.192282399,1,wk,Spring
5/13/2009 0:00,15.52018834,15.14164716,85,13.62748244,7.192282399,1,wk,Spring
5/14/2009 0:00,13.62748244,14.3845648,82.5,13.62748244,7.192282399,1,wk,Spring
5/15/2009 0:00,13.62748244,14.76310598,83,14.76310598,7.192282399,1,wk,Spring
5/16/2009 0:00,14.76310598,6.81374122,72.5,7.192282399,7.192282399,1,wknd,Spring
5/17/2009 0:00,7.192282399,7.570823578,68.5,6.056658863,7.192282399,1,wknd,Spring
5/18/2009 0:00,6.056658863,12.87040008,68,8.706447115,7.192282399,1,wk,Spring
5/19/2009 0:00,8.706447115,15.52018834,67.5,9.842070652,7.192282399,1,wk,Spring
5/20/2009 0:00,9.842070652,13.62748244,70.5,5.678117684,7.192282399,1,wk,Spring
5/21/2009 0:00,5.678117684,13.62748244,73,1.514164716,7.192282399,1,wk,Spring
5/22/2009 0:00,1.514164716,14.76310598,78.5,3.40687061,7.192282399,1,wk,Spring
5/23/2009 0:00,3.40687061,7.192282399,75,1.135623537,7.192282399,1,wknd,Spring
5/24/2009 0:00,1.135623537,6.056658863,75,0.757082358,7.192282399,0,wknd,Spring
5/25/2009 0:00,0.757082358,8.706447115,78,0.757082358,7.192282399,0,wk,Spring
5/26/2009 0:00,0.757082358,9.842070652,82.5,7.192282399,7.192282399,0,wk,Spring
5/27/2009 0:00,7.192282399,5.678117684,79.5,4.921035326,7.192282399,0,wk,Spring
5/28/2009 0:00,4.921035326,1.514164716,80,4.163952968,7.192282399,0,wk,Spring
5/29/2009 0:00,4.163952968,3.40687061,82,6.81374122,7.192282399,0,wk,Spring
5/30/2009 0:00,6.81374122,1.135623537,81.5,0.757082358,7.192282399,0,wknd,Spring
5/31/2009 0:00,0.757082358,0.757082358,81,1.135623537,7.192282399,0,wknd,Spring
6/1/2009 0:00,1.135623537,0.757082358,80,5.299576505,9.274258883,0,wk,Summer
6/2/2009 0:00,5.299576505,7.192282399,84,7.570823578,9.274258883,0,wk,Summer
6/3/2009 0:00,7.570823578,4.921035326,80,5.678117684,9.274258883,0,wk,Summer
6/4/2009 0:00,5.678117684,4.163952968,78.5,8.327905936,9.274258883,0,wk,Summer
6/5/2009 0:00,8.327905936,6.81374122,77.5,7.949364757,9.274258883,0,wk,Summer
6/6/2009 0:00,7.949364757,0.757082358,83.5,5.299576505,9.274258883,0,wknd,Summer
6/7/2009 0:00,5.299576505,1.135623537,82.5,9.084988294,9.274258883,0,wknd,Summer
6/8/2009 0:00,9.084988294,5.299576505,84,9.842070652,9.274258883,0,wk,Summer
6/9/2009 0:00,9.842070652,7.570823578,84.5,14.3845648,9.274258883,0,wk,Summer
6/10/2009 0:00,14.3845648,5.678117684,88,12.4918589,9.274258883,0,wk,Summer
6/11/2009 0:00,12.4918589,8.327905936,84.5,11.35623537,9.274258883,0,wk,Summer
6/12/2009 0:00,11.35623537,7.949364757,84,10.59915301,9.274258883,0,wk,Summer
6/13/2009 0:00,10.59915301,5.299576505,88,5.299576505,9.274258883,0,wknd,Summer
6/14/2009 0:00,5.299576505,9.084988294,88,6.056658863,9.274258883,0,wknd,Summer
6/15/2009 0:00,6.056658863,9.842070652,88.5,8.706447115,9.274258883,0,wk,Summer
6/16/2009 0:00,8.706447115,14.3845648,89,11.35623537,9.274258883,0,wk,Summer
6/17/2009 0:00,11.35623537,12.4918589,89,9.463529473,9.274258883,0,wk,Summer
6/18/2009 0:00,9.463529473,11.35623537,89,10.22061183,9.274258883,0,wk,Summer
6/19/2009 0:00,10.22061183,10.59915301,87.5,9.842070652,9.274258883,0,wk,Summer
6/20/2009 0:00,9.842070652,5.299576505,90,5.678117684,9.274258883,0,wknd,Summer
6/21/2009 0:00,5.678117684,6.056658863,89,5.678117684,9.274258883,0,wknd,Summer
6/22/2009 0:00,5.678117684,8.706447115,88.5,5.678117684,9.274258883,0,wk,Summer
6/23/2009 0:00,5.678117684,11.35623537,89,11.73477655,9.274258883,0,wk,Summer
6/24/2009 0:00,11.73477655,9.463529473,91,10.22061183,9.274258883,0,wk,Summer
6/25/2009 0:00,10.22061183,10.22061183,92.5,9.842070652,9.274258883,0,wk,Summer
6/26/2009 0:00,9.842070652,9.842070652,91.5,10.22061183,9.274258883,0,wk,Summer
6/27/2009 0:00,10.22061183,5.678117684,92,6.435200042,9.274258883,0,wknd,Summer
6/28/2009 0:00,6.435200042,5.678117684,90.5,6.056658863,9.274258883,0,wknd,Summer
6/29/2009 0:00,6.056658863,5.678117684,91.5,9.463529473,9.274258883,0,wk,Summer
6/30/2009 0:00,9.463529473,11.73477655,81.5,10.59915301,9.274258883,0,wk,Summer
7/1/2009 0:00,10.59915301,10.22061183,83.5,9.463529473,8.327905936,0,wk,Summer
7/2/2009 0:00,9.463529473,9.842070652,88.5,8.706447115,8.327905936,0,wk,Summer
7/3/2009 0:00,8.706447115,10.22061183,89,7.570823578,8.327905936,0,wk,Summer
7/4/2009 0:00,7.570823578,6.435200042,91.5,4.542494147,8.327905936,0,wknd,Summer
7/5/2009 0:00,4.542494147,6.056658863,91.5,5.299576505,8.327905936,0,wknd,Summer
7/6/2009 0:00,5.299576505,9.463529473,87.5,7.192282399,8.327905936,0,wk,Summer
7/7/2009 0:00,7.192282399,10.59915301,90,11.35623537,8.327905936,0,wk,Summer
7/8/2009 0:00,11.35623537,9.463529473,92,9.084988294,8.327905936,0,wk,Summer
7/9/2009 0:00,9.084988294,8.706447115,91.5,8.706447115,8.327905936,0,wk,Summer
7/10/2009 0:00,8.706447115,7.570823578,90,9.084988294,8.327905936,0,wk,Summer
7/11/2009 0:00,9.084988294,4.542494147,88.5,5.299576505,8.327905936,0,wknd,Summer
7/12/2009 0:00,5.299576505,5.299576505,89.5,4.921035326,8.327905936,0,wknd,Summer
7/13/2009 0:00,4.921035326,7.192282399,91,8.327905936,8.327905936,0,wk,Summer
7/14/2009 0:00,8.327905936,11.35623537,90.5,10.22061183,8.327905936,0,wk,Summer
7/15/2009 0:00,10.22061183,9.084988294,90,10.22061183,8.327905936,0,wk,Summer
7/16/2009 0:00,10.22061183,8.706447115,91,9.463529473,8.327905936,0,wk,Summer
7/17/2009 0:00,9.463529473,9.084988294,90,9.463529473,8.327905936,0,wk,Summer
7/18/2009 0:00,9.463529473,5.299576505,88,6.435200042,8.327905936,0,wknd,Summer
7/19/2009 0:00,6.435200042,4.921035326,89.5,4.921035326,8.327905936,0,wknd,Summer
7/20/2009 0:00,4.921035326,8.327905936,89.5,8.327905936,8.327905936,0,wk,Summer
7/21/2009 0:00,8.327905936,10.22061183,90.5,9.084988294,8.327905936,0,wk,Summer
7/22/2009 0:00,9.084988294,10.22061183,87.5,8.327905936,8.327905936,0,wk,Summer
7/23/2009 0:00,8.327905936,9.463529473,86,9.842070652,8.327905936,0,wk,Summer
7/24/2009 0:00,9.842070652,9.463529473,89,6.435200042,8.327905936,0,wk,Summer
7/25/2009 0:00,6.435200042,6.435200042,90,3.40687061,8.327905936,0,wknd,Summer
7/26/2009 0:00,3.40687061,4.921035326,91,3.028329431,8.327905936,0,wknd,Summer
7/27/2009 0:00,3.028329431,8.327905936,92,5.678117684,8.327905936,0,wk,Summer
7/28/2009 0:00,5.678117684,9.084988294,91,8.327905936,8.327905936,0,wk,Summer
7/29/2009 0:00,8.327905936,8.327905936,89.5,6.81374122,8.327905936,0,wk,Summer
7/30/2009 0:00,6.81374122,9.842070652,85,7.192282399,8.327905936,0,wk,Summer
7/31/2009 0:00,7.192282399,6.435200042,89.5,9.463529473,8.327905936,0,wk,Summer
8/1/2009 0:00,9.463529473,3.40687061,91,4.163952968,7.570823578,0,wknd,Summer
8/2/2009 0:00,4.163952968,3.028329431,88.5,3.40687061,7.570823578,0,wknd,Summer
8/3/2009 0:00,3.40687061,5.678117684,88.5,6.81374122,7.570823578,0,wk,Summer
8/4/2009 0:00,6.81374122,8.327905936,90,8.706447115,7.570823578,0,wk,Summer
8/5/2009 0:00,8.706447115,6.81374122,90.5,8.706447115,7.570823578,0,wk,Summer
8/6/2009 0:00,8.706447115,7.192282399,91.5,6.435200042,7.570823578,0,wk,Summer
8/7/2009 0:00,6.435200042,9.463529473,91,4.542494147,7.570823578,0,wk,Summer
8/8/2009 0:00,4.542494147,4.163952968,90.5,3.028329431,7.570823578,0,wknd,Summer
8/9/2009 0:00,3.028329431,3.40687061,91,3.785411789,7.570823578,0,wknd,Summer
8/10/2009 0:00,3.785411789,6.81374122,91,6.056658863,7.570823578,0,wk,Summer
8/11/2009 0:00,6.056658863,8.706447115,91,8.327905936,7.570823578,0,wk,Summer
8/12/2009 0:00,8.327905936,8.706447115,88,7.570823578,7.570823578,0,wk,Summer
8/13/2009 0:00,7.570823578,6.435200042,86.5,7.949364757,7.570823578,0,wk,Summer
8/14/2009 0:00,7.949364757,4.542494147,89,7.570823578,7.570823578,0,wk,Summer
8/15/2009 0:00,7.570823578,3.028329431,90,5.678117684,7.570823578,0,wknd,Summer
8/16/2009 0:00,5.678117684,3.785411789,90,5.299576505,7.570823578,0,wknd,Summer
8/17/2009 0:00,5.299576505,6.056658863,90,6.056658863,7.570823578,0,wk,Summer
8/18/2009 0:00,6.056658863,8.327905936,89.5,6.81374122,7.570823578,0,wk,Summer
8/19/2009 0:00,6.81374122,7.570823578,88.5,4.921035326,7.570823578,0,wk,Summer
8/20/2009 0:00,4.921035326,7.949364757,91,33.31162374,7.570823578,0,wk,Summer
8/21/2009 0:00,33.31162374,7.570823578,91.5,8.327905936,7.570823578,0,wk,Summer
8/22/2009 0:00,8.327905936,5.678117684,89.5,5.678117684,7.570823578,0,wknd,Summer
8/23/2009 0:00,5.678117684,5.299576505,91.5,5.299576505,7.570823578,0,wknd,Summer
8/24/2009 0:00,5.299576505,6.056658863,90,10.22061183,7.570823578,0,wk,Summer
8/25/2009 0:00,10.22061183,6.81374122,89.5,10.97769419,7.570823578,0,wk,Summer
8/26/2009 0:00,10.97769419,4.921035326,89.5,12.87040008,7.570823578,1,wk,Summer
8/27/2009 0:00,12.87040008,33.31162374,88,13.62748244,7.570823578,1,wk,Summer
8/28/2009 0:00,13.62748244,8.327905936,85.5,124.918589,7.570823578,1,wk,Summer
8/29/2009 0:00,124.918589,5.678117684,84.5,49.21035326,7.570823578,1,wknd,Summer
8/30/2009 0:00,49.21035326,5.299576505,83,75.70823578,7.570823578,1,wknd,Summer
8/31/2009 0:00,75.70823578,10.22061183,82.5,143.845648,7.570823578,1,wk,Summer
9/1/2009 0:00,143.845648,10.97769419,82.5,162.7727069,147.6310598,1,wk,Fall
9/2/2009 0:00,162.7727069,12.87040008,84.5,143.845648,147.6310598,1,wk,Fall
9/3/2009 0:00,143.845648,13.62748244,87.5,136.2748244,147.6310598,1,wk,Fall
9/4/2009 0:00,136.2748244,124.918589,81.5,132.4894126,147.6310598,1,wk,Fall
9/5/2009 0:00,132.4894126,49.21035326,81.5,56.78117684,147.6310598,1,wknd,Fall
9/6/2009 0:00,56.78117684,75.70823578,83.5,56.78117684,147.6310598,1,wknd,Fall
9/7/2009 0:00,56.78117684,143.845648,83.5,79.49364757,147.6310598,1,wk,Fall
9/8/2009 0:00,79.49364757,162.7727069,84.5,170.3435305,147.6310598,1,wk,Fall
9/9/2009 0:00,170.3435305,143.845648,81.5,177.9143541,147.6310598,1,wk,Fall
9/10/2009 0:00,177.9143541,136.2748244,80,NaN,147.6310598,1,wk,Fall
9/11/2009 0:00,NaN,132.4894126,76.5,147.6310598,147.6310598,1,wk,Fall
9/12/2009 0:00,147.6310598,56.78117684,73.5,68.1374122,147.6310598,1,wknd,Fall
9/13/2009 0:00,68.1374122,56.78117684,77,87.06447115,147.6310598,1,wknd,Fall
9/14/2009 0:00,87.06447115,79.49364757,75.5,155.2018834,147.6310598,1,wk,Fall
9/15/2009 0:00,155.2018834,170.3435305,78,170.3435305,147.6310598,1,wk,Fall
9/16/2009 0:00,170.3435305,177.9143541,78.5,151.4164716,147.6310598,1,wk,Fall
9/17/2009 0:00,151.4164716,NaN,76.5,162.7727069,147.6310598,1,wk,Fall
9/18/2009 0:00,162.7727069,147.6310598,79,143.845648,147.6310598,1,wk,Fall
9/19/2009 0:00,143.845648,68.1374122,79,75.70823578,147.6310598,1,wknd,Fall
9/20/2009 0:00,75.70823578,87.06447115,81.5,94.63529473,147.6310598,1,wknd,Fall
9/21/2009 0:00,94.63529473,155.2018834,85.5,151.4164716,147.6310598,1,wk,Fall
9/22/2009 0:00,151.4164716,170.3435305,71.5,181.6997659,147.6310598,1,wk,Fall
9/23/2009 0:00,181.6997659,151.4164716,62,158.9872951,147.6310598,1,wk,Fall
9/24/2009 0:00,158.9872951,162.7727069,63,166.5581187,147.6310598,1,wk,Fall
9/25/2009 0:00,166.5581187,143.845648,71.5,140.0602362,147.6310598,1,wk,Fall
9/26/2009 0:00,140.0602362,75.70823578,78.5,75.70823578,147.6310598,1,wknd,Fall
9/27/2009 0:00,75.70823578,94.63529473,80.5,94.63529473,147.6310598,1,wknd,Fall
9/28/2009 0:00,94.63529473,151.4164716,78,166.5581187,147.6310598,1,wk,Fall
9/29/2009 0:00,166.5581187,181.6997659,71,177.9143541,147.6310598,1,wk,Fall
9/30/2009 0:00,177.9143541,158.9872951,78.5,155.2018834,147.6310598,1,wk,Fall
10/1/2009 0:00,155.2018834,166.5581187,80.5,155.2018834,151.4164716,1,wk,Fall
10/2/2009 0:00,155.2018834,140.0602362,72.5,143.845648,151.4164716,1,wk,Fall
10/3/2009 0:00,143.845648,75.70823578,68,68.1374122,151.4164716,1,wknd,Fall
10/4/2009 0:00,68.1374122,94.63529473,77.5,87.06447115,151.4164716,1,wknd,Fall
10/5/2009 0:00,87.06447115,166.5581187,72,155.2018834,151.4164716,1,wk,Fall
10/6/2009 0:00,155.2018834,177.9143541,82.5,181.6997659,151.4164716,1,wk,Fall
10/7/2009 0:00,181.6997659,155.2018834,73.5,158.9872951,151.4164716,1,wk,Fall
10/8/2009 0:00,158.9872951,155.2018834,85,162.7727069,151.4164716,1,wk,Fall
10/9/2009 0:00,162.7727069,143.845648,68,143.845648,151.4164716,1,wk,Fall
10/10/2009 0:00,143.845648,68.1374122,56.5,79.49364757,151.4164716,1,wknd,Fall
10/11/2009 0:00,79.49364757,87.06447115,56.5,94.63529473,151.4164716,1,wknd,Fall
10/12/2009 0:00,94.63529473,155.2018834,64,158.9872951,151.4164716,1,wk,Fall
10/13/2009 0:00,158.9872951,181.6997659,75.5,158.9872951,151.4164716,1,wk,Fall
10/14/2009 0:00,158.9872951,158.9872951,82.5,158.9872951,151.4164716,1,wk,Fall
10/15/2009 0:00,158.9872951,162.7727069,77.5,158.9872951,151.4164716,1,wk,Fall
10/16/2009 0:00,158.9872951,143.845648,66,143.845648,151.4164716,1,wk,Fall
10/17/2009 0:00,143.845648,79.49364757,66,64.35200042,151.4164716,1,wknd,Fall
10/18/2009 0:00,64.35200042,94.63529473,64,83.27905936,151.4164716,1,wknd,Fall
10/19/2009 0:00,83.27905936,158.9872951,67,155.2018834,151.4164716,1,wk,Fall
10/20/2009 0:00,155.2018834,158.9872951,70,177.9143541,151.4164716,1,wk,Fall
10/21/2009 0:00,177.9143541,158.9872951,73,162.7727069,151.4164716,1,wk,Fall
10/22/2009 0:00,162.7727069,158.9872951,63.5,151.4164716,151.4164716,1,wk,Fall
10/23/2009 0:00,151.4164716,143.845648,61.5,147.6310598,151.4164716,1,wk,Fall
10/24/2009 0:00,147.6310598,64.35200042,62,75.70823578,151.4164716,1,wknd,Fall
10/25/2009 0:00,75.70823578,83.27905936,70.5,1,151.4164716,1,wknd,Fall
10/26/2009 0:00,1,155.2018834,62.5,1,151.4164716,1,wk,Fall
10/27/2009 0:00,1,177.9143541,58.5,185.4851777,151.4164716,1,wk,Fall
10/28/2009 0:00,185.4851777,162.7727069,66.5,151.4164716,151.4164716,1,wk,Fall
10/29/2009 0:00,151.4164716,151.4164716,69,162.7727069,151.4164716,1,wk,Fall
10/30/2009 0:00,162.7727069,147.6310598,59.5,151.4164716,151.4164716,1,wk,Fall
10/31/2009 0:00,151.4164716,75.70823578,60,68.1374122,151.4164716,1,wknd,Fall
11/1/2009 0:00,68.1374122,1,61,94.63529473,143.845648,1,wknd,Fall
11/2/2009 0:00,94.63529473,1,61.5,158.9872951,143.845648,1,wk,Fall
11/3/2009 0:00,158.9872951,185.4851777,64,177.9143541,143.845648,1,wk,Fall
11/4/2009 0:00,177.9143541,151.4164716,63.5,162.7727069,143.845648,1,wk,Fall
11/5/2009 0:00,162.7727069,162.7727069,65.5,155.2018834,143.845648,1,wk,Fall
11/6/2009 0:00,155.2018834,151.4164716,64.5,143.845648,143.845648,1,wk,Fall
11/7/2009 0:00,143.845648,68.1374122,68,75.70823578,143.845648,1,wknd,Fall
11/8/2009 0:00,75.70823578,94.63529473,64,87.06447115,143.845648,1,wknd,Fall
11/9/2009 0:00,87.06447115,158.9872951,70,158.9872951,143.845648,1,wk,Fall
11/10/2009 0:00,158.9872951,177.9143541,68.5,181.6997659,143.845648,1,wk,Fall
11/11/2009 0:00,181.6997659,162.7727069,67.5,158.9872951,143.845648,1,wk,Fall
11/12/2009 0:00,158.9872951,155.2018834,63,151.4164716,143.845648,1,wk,Fall
11/13/2009 0:00,151.4164716,143.845648,65,124.918589,143.845648,1,wk,Fall
11/14/2009 0:00,124.918589,75.70823578,68,52.99576505,143.845648,1,wknd,Fall
11/15/2009 0:00,52.99576505,87.06447115,71.5,90.84988294,143.845648,1,wknd,Fall
11/16/2009 0:00,90.84988294,158.9872951,57,166.5581187,143.845648,1,wk,Fall
11/17/2009 0:00,166.5581187,181.6997659,53,166.5581187,143.845648,1,wk,Fall
11/18/2009 0:00,166.5581187,158.9872951,56,NaN,143.845648,1,wk,Fall
11/19/2009 0:00,NaN,151.4164716,60.5,155.2018834,143.845648,1,wk,Fall
11/20/2009 0:00,155.2018834,124.918589,61.5,124.918589,143.845648,1,wk,Fall
11/21/2009 0:00,124.918589,52.99576505,56,75.70823578,143.845648,1,wknd,Fall
11/22/2009 0:00,75.70823578,90.84988294,57.5,94.63529473,143.845648,1,wknd,Fall
11/23/2009 0:00,94.63529473,166.5581187,60,155.2018834,143.845648,1,wk,Fall
11/24/2009 0:00,155.2018834,166.5581187,56.5,151.4164716,143.845648,1,wk,Fall
11/25/2009 0:00,151.4164716,NaN,54.5,52.99576505,143.845648,1,wk,Fall
11/26/2009 0:00,52.99576505,155.2018834,53.5,3.785411789,143.845648,0,wk,Fall
11/27/2009 0:00,3.785411789,124.918589,52.5,7.570823578,143.845648,0,wk,Fall
11/28/2009 0:00,7.570823578,75.70823578,61,3.785411789,143.845648,0,wknd,Fall
11/29/2009 0:00,3.785411789,94.63529473,61,37.85411789,143.845648,0,wknd,Fall
11/30/2009 0:00,37.85411789,155.2018834,49.5,174.1289423,143.845648,1,wk,Fall
12/1/2009 0:00,174.1289423,151.4164716,46,NaN,45.42494147,1,wk,Winter
12/2/2009 0:00,NaN,52.99576505,45.5,155.2018834,45.42494147,1,wk,Winter
12/3/2009 0:00,155.2018834,3.785411789,42.5,166.5581187,45.42494147,1,wk,Winter
12/4/2009 0:00,166.5581187,7.570823578,35,124.918589,45.42494147,1,wk,Winter
12/5/2009 0:00,124.918589,3.785411789,37.5,68.1374122,45.42494147,1,wknd,Winter
12/6/2009 0:00,68.1374122,37.85411789,45,83.27905936,45.42494147,1,wknd,Winter
12/7/2009 0:00,83.27905936,174.1289423,47.5,132.4894126,45.42494147,1,wk,Winter
12/8/2009 0:00,132.4894126,NaN,50,151.4164716,45.42494147,1,wk,Winter
12/9/2009 0:00,151.4164716,155.2018834,41,143.845648,45.42494147,1,wk,Winter
12/10/2009 0:00,143.845648,166.5581187,37.5,143.845648,45.42494147,1,wk,Winter
12/11/2009 0:00,143.845648,124.918589,45,124.918589,45.42494147,1,wk,Winter
12/12/2009 0:00,124.918589,68.1374122,47.5,75.70823578,45.42494147,1,wknd,Winter
12/13/2009 0:00,75.70823578,83.27905936,58,75.70823578,45.42494147,1,wknd,Winter
12/14/2009 0:00,75.70823578,132.4894126,59.5,121.1331773,45.42494147,1,wk,Winter
12/15/2009 0:00,121.1331773,151.4164716,52,94.63529473,45.42494147,1,wk,Winter
12/16/2009 0:00,94.63529473,143.845648,43,60.56658863,45.42494147,0,wk,Winter
12/17/2009 0:00,60.56658863,143.845648,47,30.28329431,45.42494147,0,wk,Winter
12/18/2009 0:00,30.28329431,124.918589,54,18.92705895,45.42494147,0,wk,Winter
12/19/2009 0:00,18.92705895,75.70823578,50.5,3.785411789,45.42494147,0,wknd,Winter
12/20/2009 0:00,3.785411789,75.70823578,48,3.785411789,45.42494147,0,wknd,Winter
12/21/2009 0:00,3.785411789,121.1331773,53,7.570823578,45.42494147,0,wk,Winter
12/22/2009 0:00,7.570823578,94.63529473,63,7.570823578,45.42494147,0,wk,Winter
12/23/2009 0:00,7.570823578,60.56658863,65,3.785411789,45.42494147,0,wk,Winter
12/24/2009 0:00,3.785411789,30.28329431,46.5,3.785411789,45.42494147,0,wk,Winter
12/25/2009 0:00,3.785411789,18.92705895,40,3.785411789,45.42494147,0,wk,Winter
12/26/2009 0:00,3.785411789,3.785411789,42.5,3.785411789,45.42494147,0,wknd,Winter
12/27/2009 0:00,3.785411789,3.785411789,46,3.785411789,45.42494147,0,wknd,Winter
12/28/2009 0:00,3.785411789,7.570823578,43,7.570823578,45.42494147,0,wk,Winter
12/29/2009 0:00,7.570823578,7.570823578,37.5,3.785411789,45.42494147,0,wk,Winter
12/30/2009 0:00,3.785411789,3.785411789,50.5,3.785411789,45.42494147,0,wk,Winter
12/31/2009 0:00,3.785411789,3.785411789,55,7.570823578,45.42494147,0,wk,Winter
1/1/2010 0:00,7.570823578,3.785411789,45,7.570823578,56.78117684,0,wk,Winter
1/2/2010 0:00,7.570823578,3.785411789,42,3.785411789,56.78117684,0,wknd,Winter
1/3/2010 0:00,3.785411789,3.785411789,45,7.570823578,56.78117684,0,wknd,Winter
1/4/2010 0:00,7.570823578,7.570823578,40,11.35623537,56.78117684,0,wk,Winter
1/5/2010 0:00,11.35623537,3.785411789,38,15.14164716,56.78117684,0,wk,Winter
1/6/2010 0:00,15.14164716,3.785411789,43.5,22.71247073,56.78117684,0,wk,Winter
1/7/2010 0:00,22.71247073,7.570823578,40.5,34.0687061,56.78117684,0,wk,Winter
1/8/2010 0:00,34.0687061,7.570823578,28,37.85411789,56.78117684,0,wk,Winter
1/9/2010 0:00,37.85411789,3.785411789,29.5,7.570823578,56.78117684,0,wknd,Winter
1/10/2010 0:00,7.570823578,7.570823578,34,49.21035326,56.78117684,0,wknd,Winter
1/11/2010 0:00,49.21035326,11.35623537,42,49.21035326,56.78117684,0,wk,Winter
1/12/2010 0:00,49.21035326,15.14164716,52.5,83.27905936,56.78117684,0,wk,Winter
1/13/2010 0:00,83.27905936,22.71247073,51,68.1374122,56.78117684,0,wk,Winter
1/14/2010 0:00,68.1374122,34.0687061,54,37.85411789,56.78117684,0,wk,Winter
1/15/2010 0:00,37.85411789,37.85411789,50,26.49788252,56.78117684,0,wk,Winter
1/16/2010 0:00,26.49788252,7.570823578,53,22.71247073,56.78117684,0,wknd,Winter
1/17/2010 0:00,22.71247073,49.21035326,52,30.28329431,56.78117684,0,wknd,Winter
1/18/2010 0:00,30.28329431,49.21035326,57,56.78117684,56.78117684,0,wk,Winter
1/19/2010 0:00,56.78117684,83.27905936,66.5,140.0602362,56.78117684,1,wk,Winter
1/20/2010 0:00,140.0602362,68.1374122,64.5,147.6310598,56.78117684,1,wk,Winter
1/21/2010 0:00,147.6310598,37.85411789,61,158.9872951,56.78117684,1,wk,Winter
1/22/2010 0:00,158.9872951,26.49788252,61,132.4894126,56.78117684,1,wk,Winter
1/23/2010 0:00,132.4894126,22.71247073,62,68.1374122,56.78117684,1,wknd,Winter
1/24/2010 0:00,68.1374122,30.28329431,53.5,90.84988294,56.78117684,1,wknd,Winter
1/25/2010 0:00,90.84988294,56.78117684,51,151.4164716,56.78117684,1,wk,Winter
1/26/2010 0:00,151.4164716,140.0602362,52.5,151.4164716,56.78117684,1,wk,Winter
1/27/2010 0:00,151.4164716,147.6310598,61,151.4164716,56.78117684,1,wk,Winter
1/28/2010 0:00,151.4164716,158.9872951,63.5,158.9872951,56.78117684,1,wk,Winter
1/29/2010 0:00,158.9872951,132.4894126,48,143.845648,56.78117684,1,wk,Winter
1/30/2010 0:00,143.845648,68.1374122,38,90.84988294,56.78117684,1,wknd,Winter
1/31/2010 0:00,90.84988294,90.84988294,33,113.5623537,56.78117684,1,wknd,Winter
2/1/2010 0:00,113.5623537,151.4164716,40,140.0602362,145.7383539,1,wk,Winter
2/2/2010 0:00,140.0602362,151.4164716,48,143.845648,145.7383539,1,wk,Winter
2/3/2010 0:00,143.845648,151.4164716,48,162.7727069,145.7383539,1,wk,Winter
2/4/2010 0:00,162.7727069,158.9872951,46,158.9872951,145.7383539,1,wk,Winter
2/5/2010 0:00,158.9872951,143.845648,51.5,124.918589,145.7383539,1,wk,Winter
2/6/2010 0:00,124.918589,90.84988294,50,56.78117684,145.7383539,1,wknd,Winter
2/7/2010 0:00,56.78117684,113.5623537,45.5,90.84988294,145.7383539,1,wknd,Winter
2/8/2010 0:00,90.84988294,140.0602362,55,151.4164716,145.7383539,1,wk,Winter
2/9/2010 0:00,151.4164716,143.845648,42,158.9872951,145.7383539,1,wk,Winter
2/10/2010 0:00,158.9872951,162.7727069,37,162.7727069,145.7383539,1,wk,Winter
2/11/2010 0:00,162.7727069,158.9872951,38,155.2018834,145.7383539,1,wk,Winter
2/12/2010 0:00,155.2018834,124.918589,40.5,132.4894126,145.7383539,1,wk,Winter
2/13/2010 0:00,132.4894126,56.78117684,44,52.99576505,145.7383539,1,wknd,Winter
2/14/2010 0:00,52.99576505,90.84988294,53,90.84988294,145.7383539,1,wknd,Winter
2/15/2010 0:00,90.84988294,151.4164716,43.5,155.2018834,145.7383539,1,wk,Winter
2/16/2010 0:00,155.2018834,158.9872951,44.5,155.2018834,145.7383539,1,wk,Winter
2/17/2010 0:00,155.2018834,162.7727069,46.5,162.7727069,145.7383539,1,wk,Winter
2/18/2010 0:00,162.7727069,155.2018834,48.5,170.3435305,145.7383539,1,wk,Winter
2/19/2010 0:00,170.3435305,132.4894126,53.5,136.2748244,145.7383539,1,wk,Winter
2/20/2010 0:00,136.2748244,52.99576505,60.5,68.1374122,145.7383539,1,wknd,Winter
2/21/2010 0:00,68.1374122,90.84988294,62,98.42070652,145.7383539,1,wknd,Winter
2/22/2010 0:00,98.42070652,155.2018834,46.5,151.4164716,145.7383539,1,wk,Winter
2/23/2010 0:00,151.4164716,155.2018834,36.5,147.6310598,145.7383539,1,wk,Winter
2/24/2010 0:00,147.6310598,162.7727069,43,151.4164716,145.7383539,1,wk,Winter
2/25/2010 0:00,151.4164716,170.3435305,48,147.6310598,145.7383539,1,wk,Winter
2/26/2010 0:00,147.6310598,136.2748244,49.5,124.918589,145.7383539,1,wk,Winter
2/27/2010 0:00,124.918589,68.1374122,51.5,75.70823578,145.7383539,1,wknd,Winter
2/28/2010 0:00,75.70823578,98.42070652,51.5,90.84988294,145.7383539,1,wknd,Winter
3/1/2010 0:00,90.84988294,151.4164716,52.5,151.4164716,132.4894126,1,wk,Spring
3/2/2010 0:00,151.4164716,147.6310598,49,147.6310598,132.4894126,1,wk,Spring
3/3/2010 0:00,147.6310598,151.4164716,52,151.4164716,132.4894126,1,wk,Spring
3/4/2010 0:00,151.4164716,147.6310598,57,151.4164716,132.4894126,1,wk,Spring
3/5/2010 0:00,151.4164716,124.918589,56,132.4894126,132.4894126,1,wk,Spring
3/6/2010 0:00,132.4894126,75.70823578,58.5,109.7769419,132.4894126,1,wknd,Spring
3/7/2010 0:00,109.7769419,90.84988294,58,60.56658863,132.4894126,1,wknd,Spring
3/8/2010 0:00,60.56658863,151.4164716,62,140.0602362,132.4894126,1,wk,Spring
3/9/2010 0:00,140.0602362,147.6310598,66,151.4164716,132.4894126,1,wk,Spring
3/10/2010 0:00,151.4164716,151.4164716,65.5,143.845648,132.4894126,1,wk,Spring
3/11/2010 0:00,143.845648,151.4164716,60.5,147.6310598,132.4894126,1,wk,Spring
3/12/2010 0:00,147.6310598,132.4894126,59,90.84988294,132.4894126,1,wk,Spring
3/13/2010 0:00,90.84988294,109.7769419,60,11.35623537,132.4894126,0,wknd,Spring
3/14/2010 0:00,11.35623537,60.56658863,63,7.570823578,132.4894126,0,wknd,Spring
3/15/2010 0:00,7.570823578,140.0602362,62,34.0687061,132.4894126,0,wk,Spring
3/16/2010 0:00,34.0687061,151.4164716,53.5,37.85411789,132.4894126,0,wk,Spring
3/17/2010 0:00,37.85411789,143.845648,59.5,41.63952968,132.4894126,0,wk,Spring
3/18/2010 0:00,41.63952968,147.6310598,58,45.42494147,132.4894126,0,wk,Spring
3/19/2010 0:00,45.42494147,90.84988294,63,60.56658863,132.4894126,0,wk,Spring
3/20/2010 0:00,60.56658863,11.35623537,50,11.35623537,132.4894126,0,wknd,Spring
3/21/2010 0:00,11.35623537,7.570823578,49,30.28329431,132.4894126,0,wknd,Spring
3/22/2010 0:00,30.28329431,34.0687061,56,140.0602362,132.4894126,1,wk,Spring
3/23/2010 0:00,140.0602362,37.85411789,61,151.4164716,132.4894126,1,wk,Spring
3/24/2010 0:00,151.4164716,41.63952968,60.5,155.2018834,132.4894126,1,wk,Spring
3/25/2010 0:00,155.2018834,45.42494147,58,151.4164716,132.4894126,1,wk,Spring
3/26/2010 0:00,151.4164716,60.56658863,57.5,128.7040008,132.4894126,1,wk,Spring
3/27/2010 0:00,128.7040008,11.35623537,66,64.35200042,132.4894126,1,wknd,Spring
3/28/2010 0:00,64.35200042,30.28329431,60,79.49364757,132.4894126,1,wknd,Spring
3/29/2010 0:00,79.49364757,140.0602362,61,143.845648,132.4894126,1,wk,Spring
3/30/2010 0:00,143.845648,151.4164716,66.5,158.9872951,132.4894126,1,wk,Spring
3/31/2010 0:00,158.9872951,155.2018834,69.5,158.9872951,132.4894126,1,wk,Spring
4/1/2010 0:00,158.9872951,151.4164716,70.5,151.4164716,141.9529421,1,wk,Spring
4/2/2010 0:00,151.4164716,128.7040008,70,102.2061183,141.9529421,1,wk,Spring
4/3/2010 0:00,102.2061183,64.35200042,66.5,60.56658863,141.9529421,1,wknd,Spring
4/4/2010 0:00,60.56658863,79.49364757,74.5,83.27905936,141.9529421,1,wknd,Spring
4/5/2010 0:00,83.27905936,143.845648,76,147.6310598,141.9529421,1,wk,Spring
4/6/2010 0:00,147.6310598,158.9872951,74,151.4164716,141.9529421,1,wk,Spring
4/7/2010 0:00,151.4164716,158.9872951,67.5,147.6310598,141.9529421,1,wk,Spring
4/8/2010 0:00,147.6310598,151.4164716,59.5,151.4164716,141.9529421,1,wk,Spring
4/9/2010 0:00,151.4164716,102.2061183,58,128.7040008,141.9529421,1,wk,Spring
4/10/2010 0:00,128.7040008,60.56658863,67,71.92282399,141.9529421,1,wknd,Spring
4/11/2010 0:00,71.92282399,83.27905936,64.5,83.27905936,141.9529421,1,wknd,Spring
4/12/2010 0:00,83.27905936,147.6310598,69,143.845648,141.9529421,1,wk,Spring
4/13/2010 0:00,143.845648,151.4164716,69,158.9872951,141.9529421,1,wk,Spring
4/14/2010 0:00,158.9872951,147.6310598,69.5,147.6310598,141.9529421,1,wk,Spring
4/15/2010 0:00,147.6310598,151.4164716,70.5,151.4164716,141.9529421,1,wk,Spring
4/16/2010 0:00,151.4164716,128.7040008,68.5,128.7040008,141.9529421,1,wk,Spring
4/17/2010 0:00,128.7040008,71.92282399,68.5,68.1374122,141.9529421,1,wknd,Spring
4/18/2010 0:00,68.1374122,83.27905936,64,75.70823578,141.9529421,1,wknd,Spring
4/19/2010 0:00,75.70823578,143.845648,59.5,140.0602362,141.9529421,1,wk,Spring
4/20/2010 0:00,140.0602362,158.9872951,66.5,155.2018834,141.9529421,1,wk,Spring
4/21/2010 0:00,155.2018834,147.6310598,68,143.845648,141.9529421,1,wk,Spring
4/22/2010 0:00,143.845648,151.4164716,68.5,151.4164716,141.9529421,1,wk,Spring
4/23/2010 0:00,151.4164716,128.7040008,75,128.7040008,141.9529421,1,wk,Spring
4/24/2010 0:00,128.7040008,68.1374122,68.5,60.56658863,141.9529421,1,wknd,Spring
4/25/2010 0:00,60.56658863,75.70823578,70.5,75.70823578,141.9529421,1,wknd,Spring
4/26/2010 0:00,75.70823578,140.0602362,70.5,132.4894126,141.9529421,1,wk,Spring
4/27/2010 0:00,132.4894126,155.2018834,67,147.6310598,141.9529421,1,wk,Spring
4/28/2010 0:00,147.6310598,143.845648,65,147.6310598,141.9529421,1,wk,Spring
4/29/2010 0:00,147.6310598,151.4164716,73.5,155.2018834,141.9529421,1,wk,Spring
4/30/2010 0:00,155.2018834,128.7040008,80.5,136.2748244,141.9529421,1,wk,Spring
5/1/2010 0:00,136.2748244,60.56658863,74,68.1374122,66.24470631,1,wknd,Spring
5/2/2010 0:00,68.1374122,75.70823578,73.5,83.27905936,66.24470631,1,wknd,Spring
5/3/2010 0:00,83.27905936,132.4894126,72.5,147.6310598,66.24470631,1,wk,Spring
5/4/2010 0:00,147.6310598,147.6310598,73,NaN,66.24470631,1,wk,Spring
5/5/2010 0:00,NaN,147.6310598,77,155.2018834,66.24470631,1,wk,Spring
5/6/2010 0:00,155.2018834,155.2018834,78,147.6310598,66.24470631,1,wk,Spring
5/7/2010 0:00,147.6310598,136.2748244,83.5,147.6310598,66.24470631,1,wk,Spring
5/8/2010 0:00,147.6310598,68.1374122,70.5,68.1374122,66.24470631,1,wknd,Spring
5/9/2010 0:00,68.1374122,83.27905936,71.5,64.35200042,66.24470631,1,wknd,Spring
5/10/2010 0:00,64.35200042,147.6310598,80,117.3477655,66.24470631,1,wk,Spring
5/11/2010 0:00,117.3477655,NaN,82,155.2018834,66.24470631,1,wk,Spring
5/12/2010 0:00,155.2018834,155.2018834,82,143.845648,66.24470631,1,wk,Spring
5/13/2010 0:00,143.845648,147.6310598,81.5,140.0602362,66.24470631,1,wk,Spring
5/14/2010 0:00,140.0602362,147.6310598,71,140.0602362,66.24470631,1,wk,Spring
5/15/2010 0:00,140.0602362,68.1374122,73.5,87.06447115,66.24470631,1,wknd,Spring
5/16/2010 0:00,87.06447115,64.35200042,76,56.78117684,66.24470631,1,wknd,Spring
5/17/2010 0:00,56.78117684,117.3477655,79.5,90.84988294,66.24470631,1,wk,Spring
5/18/2010 0:00,90.84988294,155.2018834,77,102.2061183,66.24470631,1,wk,Spring
5/19/2010 0:00,102.2061183,143.845648,79.5,60.56658863,66.24470631,0,wk,Spring
5/20/2010 0:00,60.56658863,140.0602362,80.5,11.35623537,66.24470631,0,wk,Spring
5/21/2010 0:00,11.35623537,140.0602362,83,52.99576505,66.24470631,0,wk,Spring
5/22/2010 0:00,52.99576505,87.06447115,83.5,11.35623537,66.24470631,0,wknd,Spring
5/23/2010 0:00,11.35623537,56.78117684,82.5,3.785411789,66.24470631,0,wknd,Spring
5/24/2010 0:00,3.785411789,90.84988294,80.5,37.85411789,66.24470631,0,wk,Spring
5/25/2010 0:00,37.85411789,102.2061183,78.5,64.35200042,66.24470631,0,wk,Spring
5/26/2010 0:00,64.35200042,60.56658863,81,37.85411789,66.24470631,0,wk,Spring
5/27/2010 0:00,37.85411789,11.35623537,80.5,52.99576505,66.24470631,0,wk,Spring
5/28/2010 0:00,52.99576505,52.99576505,82.5,52.99576505,66.24470631,0,wk,Spring
5/29/2010 0:00,52.99576505,11.35623537,83.5,3.785411789,66.24470631,0,wknd,Spring
5/30/2010 0:00,3.785411789,3.785411789,84,3.785411789,66.24470631,0,wknd,Spring
5/31/2010 0:00,3.785411789,37.85411789,81.5,7.570823578,66.24470631,0,wk,Spring
6/1/2010 0:00,7.570823578,64.35200042,82,79.49364757,96.52800062,0,wk,Summer
6/2/2010 0:00,79.49364757,37.85411789,82,68.1374122,96.52800062,0,wk,Summer
6/3/2010 0:00,68.1374122,52.99576505,70.5,68.1374122,96.52800062,0,wk,Summer
6/4/2010 0:00,68.1374122,52.99576505,81.5,94.63529473,96.52800062,0,wk,Summer
6/5/2010 0:00,94.63529473,3.785411789,82,64.35200042,96.52800062,0,wknd,Summer
6/6/2010 0:00,64.35200042,3.785411789,86.5,90.84988294,96.52800062,0,wknd,Summer
6/7/2010 0:00,90.84988294,7.570823578,85,102.2061183,96.52800062,0,wk,Summer
6/8/2010 0:00,102.2061183,79.49364757,82.5,140.0602362,96.52800062,0,wk,Summer
6/9/2010 0:00,140.0602362,68.1374122,78.5,117.3477655,96.52800062,0,wk,Summer
6/10/2010 0:00,117.3477655,68.1374122,85.5,109.7769419,96.52800062,0,wk,Summer
6/11/2010 0:00,109.7769419,94.63529473,85,98.42070652,96.52800062,0,wk,Summer
6/12/2010 0:00,98.42070652,64.35200042,86.5,56.78117684,96.52800062,0,wknd,Summer
6/13/2010 0:00,56.78117684,90.84988294,86.5,56.78117684,96.52800062,0,wknd,Summer
6/14/2010 0:00,56.78117684,102.2061183,85.5,90.84988294,96.52800062,0,wk,Summer
6/15/2010 0:00,90.84988294,140.0602362,85.5,124.918589,96.52800062,0,wk,Summer
6/16/2010 0:00,124.918589,117.3477655,86,113.5623537,96.52800062,0,wk,Summer
6/17/2010 0:00,113.5623537,109.7769419,83.5,128.7040008,96.52800062,0,wk,Summer
6/18/2010 0:00,128.7040008,98.42070652,86,102.2061183,96.52800062,0,wk,Summer
6/19/2010 0:00,102.2061183,56.78117684,85.5,45.42494147,96.52800062,0,wknd,Summer
6/20/2010 0:00,45.42494147,56.78117684,85.5,68.1374122,96.52800062,0,wknd,Summer
6/21/2010 0:00,68.1374122,90.84988294,85,90.84988294,96.52800062,0,wk,Summer
6/22/2010 0:00,90.84988294,124.918589,85,124.918589,96.52800062,0,wk,Summer
6/23/2010 0:00,124.918589,113.5623537,85.5,117.3477655,96.52800062,0,wk,Summer
6/24/2010 0:00,117.3477655,128.7040008,84,113.5623537,96.52800062,0,wk,Summer
6/25/2010 0:00,113.5623537,102.2061183,87,124.918589,96.52800062,0,wk,Summer
6/26/2010 0:00,124.918589,45.42494147,86.5,60.56658863,96.52800062,0,wknd,Summer
6/27/2010 0:00,60.56658863,68.1374122,87,60.56658863,96.52800062,0,wknd,Summer
6/28/2010 0:00,60.56658863,90.84988294,88,83.27905936,96.52800062,0,wk,Summer
6/29/2010 0:00,83.27905936,124.918589,83,105.9915301,96.52800062,0,wk,Summer
6/30/2010 0:00,105.9915301,117.3477655,80.5,102.2061183,96.52800062,0,wk,Summer
7/1/2010 0:00,102.2061183,113.5623537,79,94.63529473,64.35200042,0,wk,Summer
7/2/2010 0:00,94.63529473,124.918589,80.5,94.63529473,64.35200042,0,wk,Summer
7/3/2010 0:00,94.63529473,60.56658863,82.5,22.71247073,64.35200042,0,wknd,Summer
7/4/2010 0:00,22.71247073,60.56658863,85,41.63952968,64.35200042,0,wknd,Summer
7/5/2010 0:00,41.63952968,83.27905936,85,75.70823578,64.35200042,0,wk,Summer
7/6/2010 0:00,75.70823578,105.9915301,85,109.7769419,64.35200042,0,wk,Summer
7/7/2010 0:00,109.7769419,102.2061183,85,87.06447115,64.35200042,0,wk,Summer
7/8/2010 0:00,87.06447115,94.63529473,79,83.27905936,64.35200042,0,wk,Summer
7/9/2010 0:00,83.27905936,94.63529473,82,83.27905936,64.35200042,0,wk,Summer
7/10/2010 0:00,83.27905936,22.71247073,84.5,1,64.35200042,0,wknd,Summer
7/11/2010 0:00,1,41.63952968,84,1,64.35200042,0,wknd,Summer
7/12/2010 0:00,1,75.70823578,84.5,98.42070652,64.35200042,0,wk,Summer
7/13/2010 0:00,98.42070652,109.7769419,86,113.5623537,64.35200042,0,wk,Summer
7/14/2010 0:00,113.5623537,87.06447115,87,94.63529473,64.35200042,0,wk,Summer
7/15/2010 0:00,94.63529473,83.27905936,87,87.06447115,64.35200042,0,wk,Summer
7/16/2010 0:00,87.06447115,83.27905936,86.5,98.42070652,64.35200042,0,wk,Summer
7/17/2010 0:00,98.42070652,1,86.5,34.0687061,64.35200042,0,wknd,Summer
7/18/2010 0:00,34.0687061,1,87.5,45.42494147,64.35200042,0,wknd,Summer
7/19/2010 0:00,45.42494147,98.42070652,86.5,49.21035326,64.35200042,0,wk,Summer
7/20/2010 0:00,49.21035326,113.5623537,85.5,68.1374122,64.35200042,0,wk,Summer
7/21/2010 0:00,68.1374122,94.63529473,86,49.21035326,64.35200042,0,wk,Summer
7/22/2010 0:00,49.21035326,87.06447115,86.5,60.56658863,64.35200042,0,wk,Summer
7/23/2010 0:00,60.56658863,98.42070652,84.5,79.49364757,64.35200042,0,wk,Summer
7/24/2010 0:00,79.49364757,34.0687061,85,34.0687061,64.35200042,0,wknd,Summer
7/25/2010 0:00,34.0687061,45.42494147,85.5,30.28329431,64.35200042,0,wknd,Summer
7/26/2010 0:00,30.28329431,49.21035326,86,49.21035326,64.35200042,0,wk,Summer
7/27/2010 0:00,49.21035326,68.1374122,82,71.92282399,64.35200042,0,wk,Summer
7/28/2010 0:00,71.92282399,49.21035326,78.5,45.42494147,64.35200042,0,wk,Summer
7/29/2010 0:00,45.42494147,60.56658863,84.5,49.21035326,64.35200042,0,wk,Summer
7/30/2010 0:00,49.21035326,79.49364757,86,64.35200042,64.35200042,0,wk,Summer
7/31/2010 0:00,64.35200042,34.0687061,87,37.85411789,64.35200042,0,wknd,Summer
8/1/2010 0:00,37.85411789,30.28329431,87.5,30.28329431,51.10305915,0,wknd,Summer
8/2/2010 0:00,30.28329431,49.21035326,87.5,41.63952968,51.10305915,0,wk,Summer
8/3/2010 0:00,41.63952968,71.92282399,86.5,64.35200042,51.10305915,0,wk,Summer
8/4/2010 0:00,64.35200042,45.42494147,87.5,45.42494147,51.10305915,0,wk,Summer
8/5/2010 0:00,45.42494147,49.21035326,88,45.42494147,51.10305915,0,wk,Summer
8/6/2010 0:00,45.42494147,64.35200042,89.5,68.1374122,51.10305915,0,wk,Summer
8/7/2010 0:00,68.1374122,37.85411789,87.5,22.71247073,51.10305915,0,wknd,Summer
8/8/2010 0:00,22.71247073,30.28329431,88.5,22.71247073,51.10305915,0,wknd,Summer
8/9/2010 0:00,22.71247073,41.63952968,89,41.63952968,51.10305915,0,wk,Summer
8/10/2010 0:00,41.63952968,64.35200042,89.5,60.56658863,51.10305915,0,wk,Summer
8/11/2010 0:00,60.56658863,45.42494147,89,41.63952968,51.10305915,0,wk,Summer
8/12/2010 0:00,41.63952968,45.42494147,87.5,49.21035326,51.10305915,0,wk,Summer
8/13/2010 0:00,49.21035326,68.1374122,89,56.78117684,51.10305915,0,wk,Summer
8/14/2010 0:00,56.78117684,22.71247073,90.5,26.49788252,51.10305915,0,wknd,Summer
8/15/2010 0:00,26.49788252,22.71247073,90.5,18.92705895,51.10305915,0,wknd,Summer
8/16/2010 0:00,18.92705895,41.63952968,91,37.85411789,51.10305915,0,wk,Summer
8/17/2010 0:00,37.85411789,60.56658863,89.5,75.70823578,51.10305915,0,wk,Summer
8/18/2010 0:00,75.70823578,41.63952968,91,37.85411789,51.10305915,0,wk,Summer
8/19/2010 0:00,37.85411789,49.21035326,90,52.99576505,51.10305915,0,wk,Summer
8/20/2010 0:00,52.99576505,56.78117684,90,87.06447115,51.10305915,0,wk,Summer
8/21/2010 0:00,87.06447115,26.49788252,90,45.42494147,51.10305915,0,wknd,Summer
8/22/2010 0:00,45.42494147,18.92705895,90.5,109.7769419,51.10305915,0,wknd,Summer
8/23/2010 0:00,109.7769419,37.85411789,91.5,132.4894126,51.10305915,0,wk,Summer
8/24/2010 0:00,132.4894126,75.70823578,92.5,121.1331773,51.10305915,0,wk,Summer
8/25/2010 0:00,121.1331773,37.85411789,87.5,166.5581187,51.10305915,1,wk,Summer
8/26/2010 0:00,166.5581187,52.99576505,85.5,162.7727069,51.10305915,1,wk,Summer
8/27/2010 0:00,162.7727069,87.06447115,84,143.845648,51.10305915,1,wk,Summer
8/28/2010 0:00,143.845648,45.42494147,82.5,37.85411789,51.10305915,1,wknd,Summer
8/29/2010 0:00,37.85411789,109.7769419,85.5,87.06447115,51.10305915,1,wknd,Summer
8/30/2010 0:00,87.06447115,132.4894126,90,174.1289423,51.10305915,1,wk,Summer
8/31/2010 0:00,174.1289423,121.1331773,90,NaN,51.10305915,1,wk,Summer
9/1/2010 0:00,NaN,166.5581187,89.5,151.4164716,109.7769419,1,wk,Fall
9/2/2010 0:00,151.4164716,162.7727069,87,177.9143541,109.7769419,1,wk,Fall
9/3/2010 0:00,177.9143541,143.845648,78,124.918589,109.7769419,1,wk,Fall
9/4/2010 0:00,124.918589,37.85411789,82.5,34.0687061,109.7769419,1,wknd,Fall
9/5/2010 0:00,34.0687061,87.06447115,81.5,52.99576505,109.7769419,1,wknd,Fall
9/6/2010 0:00,52.99576505,174.1289423,82.5,64.35200042,109.7769419,1,wk,Fall
9/7/2010 0:00,64.35200042,NaN,75.5,151.4164716,109.7769419,1,wk,Fall
9/8/2010 0:00,151.4164716,151.4164716,80.5,109.7769419,109.7769419,1,wk,Fall
9/9/2010 0:00,109.7769419,177.9143541,84.5,113.5623537,109.7769419,1,wk,Fall
9/10/2010 0:00,113.5623537,124.918589,85,109.7769419,109.7769419,1,wk,Fall
9/11/2010 0:00,109.7769419,34.0687061,85.5,34.0687061,109.7769419,1,wknd,Fall
9/12/2010 0:00,34.0687061,52.99576505,85,56.78117684,109.7769419,1,wknd,Fall
9/13/2010 0:00,56.78117684,64.35200042,84.5,117.3477655,109.7769419,1,wk,Fall
9/14/2010 0:00,117.3477655,151.4164716,85.5,128.7040008,109.7769419,1,wk,Fall
9/15/2010 0:00,128.7040008,109.7769419,85.5,109.7769419,109.7769419,1,wk,Fall
9/16/2010 0:00,109.7769419,113.5623537,83.5,109.7769419,109.7769419,1,wk,Fall
9/17/2010 0:00,109.7769419,109.7769419,83,109.7769419,109.7769419,1,wk,Fall
9/18/2010 0:00,109.7769419,34.0687061,80.5,34.0687061,109.7769419,1,wknd,Fall
9/19/2010 0:00,34.0687061,56.78117684,77.5,64.35200042,109.7769419,1,wknd,Fall
9/20/2010 0:00,64.35200042,117.3477655,76,121.1331773,109.7769419,1,wk,Fall
9/21/2010 0:00,121.1331773,128.7040008,77,151.4164716,109.7769419,1,wk,Fall
9/22/2010 0:00,151.4164716,109.7769419,80,132.4894126,109.7769419,1,wk,Fall
9/23/2010 0:00,132.4894126,109.7769419,82.5,128.7040008,109.7769419,1,wk,Fall
9/24/2010 0:00,128.7040008,109.7769419,82.5,113.5623537,109.7769419,1,wk,Fall
9/25/2010 0:00,113.5623537,34.0687061,82.5,45.42494147,109.7769419,1,wknd,Fall
9/26/2010 0:00,45.42494147,64.35200042,74.5,79.49364757,109.7769419,1,wknd,Fall
9/27/2010 0:00,79.49364757,121.1331773,68,117.3477655,109.7769419,1,wk,Fall
9/28/2010 0:00,117.3477655,151.4164716,71,98.42070652,109.7769419,1,wk,Fall
9/29/2010 0:00,98.42070652,132.4894126,75.5,105.9915301,109.7769419,1,wk,Fall
9/30/2010 0:00,105.9915301,128.7040008,74.5,105.9915301,109.7769419,1,wk,Fall
10/1/2010 0:00,105.9915301,113.5623537,76.5,102.2061183,105.9915301,1,wk,Fall
10/2/2010 0:00,102.2061183,45.42494147,75,49.21035326,105.9915301,1,wknd,Fall
10/3/2010 0:00,49.21035326,79.49364757,69.5,56.78117684,105.9915301,1,wknd,Fall
10/4/2010 0:00,56.78117684,117.3477655,64.5,102.2061183,105.9915301,1,wk,Fall
10/5/2010 0:00,102.2061183,98.42070652,64.5,128.7040008,105.9915301,1,wk,Fall
10/6/2010 0:00,128.7040008,105.9915301,66,105.9915301,105.9915301,1,wk,Fall
10/7/2010 0:00,105.9915301,105.9915301,68.5,109.7769419,105.9915301,1,wk,Fall
10/8/2010 0:00,109.7769419,102.2061183,69.5,98.42070652,105.9915301,1,wk,Fall
10/9/2010 0:00,98.42070652,49.21035326,71.5,30.28329431,105.9915301,1,wknd,Fall
10/10/2010 0:00,30.28329431,56.78117684,73.5,41.63952968,105.9915301,1,wknd,Fall
10/11/2010 0:00,41.63952968,102.2061183,76,105.9915301,105.9915301,1,wk,Fall
10/12/2010 0:00,105.9915301,128.7040008,76,128.7040008,105.9915301,1,wk,Fall
10/13/2010 0:00,128.7040008,105.9915301,73,113.5623537,105.9915301,1,wk,Fall
10/14/2010 0:00,113.5623537,109.7769419,65.5,113.5623537,105.9915301,1,wk,Fall
10/15/2010 0:00,113.5623537,98.42070652,68,105.9915301,105.9915301,1,wk,Fall
10/16/2010 0:00,105.9915301,30.28329431,67.5,30.28329431,105.9915301,1,wknd,Fall
10/17/2010 0:00,30.28329431,41.63952968,71.5,45.42494147,105.9915301,1,wknd,Fall
10/18/2010 0:00,45.42494147,105.9915301,75,109.7769419,105.9915301,1,wk,Fall
10/19/2010 0:00,109.7769419,128.7040008,74,140.0602362,105.9915301,1,wk,Fall
10/20/2010 0:00,140.0602362,113.5623537,75.5,113.5623537,105.9915301,1,wk,Fall
10/21/2010 0:00,113.5623537,113.5623537,76,105.9915301,105.9915301,1,wk,Fall
10/22/2010 0:00,105.9915301,105.9915301,77,109.7769419,105.9915301,1,wk,Fall
10/23/2010 0:00,109.7769419,30.28329431,78,34.0687061,105.9915301,1,wknd,Fall
10/24/2010 0:00,34.0687061,45.42494147,77,49.21035326,105.9915301,1,wknd,Fall
10/25/2010 0:00,49.21035326,109.7769419,79,105.9915301,105.9915301,1,wk,Fall
10/26/2010 0:00,105.9915301,140.0602362,72,136.2748244,105.9915301,1,wk,Fall
10/27/2010 0:00,136.2748244,113.5623537,72,113.5623537,105.9915301,1,wk,Fall
10/28/2010 0:00,113.5623537,105.9915301,67.5,105.9915301,105.9915301,1,wk,Fall
10/29/2010 0:00,105.9915301,109.7769419,59,113.5623537,105.9915301,1,wk,Fall
10/30/2010 0:00,113.5623537,34.0687061,60,34.0687061,105.9915301,1,wknd,Fall
10/31/2010 0:00,34.0687061,49.21035326,70.5,52.99576505,105.9915301,1,wknd,Fall
11/1/2010 0:00,52.99576505,105.9915301,73.5,109.7769419,109.7769419,1,wk,Fall
11/2/2010 0:00,109.7769419,136.2748244,62,143.845648,109.7769419,1,wk,Fall
11/3/2010 0:00,143.845648,113.5623537,56.5,113.5623537,109.7769419,1,wk,Fall
11/4/2010 0:00,113.5623537,105.9915301,60.5,128.7040008,109.7769419,1,wk,Fall
11/5/2010 0:00,128.7040008,113.5623537,55.5,117.3477655,109.7769419,1,wk,Fall
11/6/2010 0:00,117.3477655,34.0687061,54.5,30.28329431,109.7769419,1,wknd,Fall
11/7/2010 0:00,30.28329431,52.99576505,58.5,56.78117684,109.7769419,1,wknd,Fall
11/8/2010 0:00,56.78117684,109.7769419,63.5,117.3477655,109.7769419,1,wk,Fall
11/9/2010 0:00,117.3477655,143.845648,66,136.2748244,109.7769419,1,wk,Fall
11/10/2010 0:00,136.2748244,113.5623537,69.5,121.1331773,109.7769419,1,wk,Fall
11/11/2010 0:00,121.1331773,128.7040008,72,109.7769419,109.7769419,1,wk,Fall
11/12/2010 0:00,109.7769419,117.3477655,69,117.3477655,109.7769419,1,wk,Fall
11/13/2010 0:00,117.3477655,30.28329431,56,37.85411789,109.7769419,1,wknd,Fall
11/14/2010 0:00,37.85411789,56.78117684,55,52.99576505,109.7769419,1,wknd,Fall
11/15/2010 0:00,52.99576505,117.3477655,58,109.7769419,109.7769419,1,wk,Fall
11/16/2010 0:00,109.7769419,136.2748244,58,140.0602362,109.7769419,1,wk,Fall
11/17/2010 0:00,140.0602362,121.1331773,63,128.7040008,109.7769419,1,wk,Fall
11/18/2010 0:00,128.7040008,109.7769419,54.5,113.5623537,109.7769419,1,wk,Fall
11/19/2010 0:00,113.5623537,117.3477655,53.5,117.3477655,109.7769419,1,wk,Fall
11/20/2010 0:00,117.3477655,37.85411789,64,45.42494147,109.7769419,1,wknd,Fall
11/21/2010 0:00,45.42494147,52.99576505,76,75.70823578,109.7769419,1,wknd,Fall
11/22/2010 0:00,75.70823578,109.7769419,77,109.7769419,109.7769419,1,wk,Fall
11/23/2010 0:00,109.7769419,140.0602362,75.5,105.9915301,109.7769419,1,wk,Fall
11/24/2010 0:00,105.9915301,128.7040008,78.5,45.42494147,109.7769419,1,wk,Fall
11/25/2010 0:00,45.42494147,113.5623537,62,7.570823578,109.7769419,0,wk,Fall
11/26/2010 0:00,7.570823578,117.3477655,47.5,30.28329431,109.7769419,0,wk,Fall
11/27/2010 0:00,30.28329431,45.42494147,48.5,3.785411789,109.7769419,0,wknd,Fall
11/28/2010 0:00,3.785411789,75.70823578,57,26.49788252,109.7769419,0,wknd,Fall
11/29/2010 0:00,26.49788252,109.7769419,71.5,113.5623537,109.7769419,1,wk,Fall
11/30/2010 0:00,113.5623537,105.9915301,50.5,140.0602362,109.7769419,1,wk,Fall
12/1/2010 0:00,140.0602362,45.42494147,49,117.3477655,34.0687061,1,wk,Winter
12/2/2010 0:00,117.3477655,7.570823578,55,113.5623537,34.0687061,1,wk,Winter
12/3/2010 0:00,113.5623537,30.28329431,62,105.9915301,34.0687061,1,wk,Winter
12/4/2010 0:00,105.9915301,3.785411789,66.5,56.78117684,34.0687061,1,wknd,Winter
12/5/2010 0:00,56.78117684,26.49788252,48.5,68.1374122,34.0687061,1,wknd,Winter
12/6/2010 0:00,68.1374122,113.5623537,46,87.06447115,34.0687061,1,wk,Winter
12/7/2010 0:00,87.06447115,140.0602362,46.5,117.3477655,34.0687061,1,wk,Winter
12/8/2010 0:00,117.3477655,117.3477655,49,113.5623537,34.0687061,1,wk,Winter
12/9/2010 0:00,113.5623537,113.5623537,50,105.9915301,34.0687061,1,wk,Winter
12/10/2010 0:00,105.9915301,105.9915301,59.5,109.7769419,34.0687061,1,wk,Winter
12/11/2010 0:00,109.7769419,56.78117684,61,34.0687061,34.0687061,1,wknd,Winter
12/12/2010 0:00,34.0687061,68.1374122,46.5,45.42494147,34.0687061,1,wknd,Winter
12/13/2010 0:00,45.42494147,87.06447115,46,52.99576505,34.0687061,1,wk,Winter
12/14/2010 0:00,52.99576505,117.3477655,55,68.1374122,34.0687061,1,wk,Winter
12/15/2010 0:00,68.1374122,113.5623537,67,30.28329431,34.0687061,0,wk,Winter
12/16/2010 0:00,30.28329431,105.9915301,54.5,15.14164716,34.0687061,0,wk,Winter
12/17/2010 0:00,15.14164716,109.7769419,47,34.0687061,34.0687061,0,wk,Winter
12/18/2010 0:00,34.0687061,34.0687061,46,30.28329431,34.0687061,0,wknd,Winter
12/19/2010 0:00,30.28329431,45.42494147,50.5,3.785411789,34.0687061,0,wknd,Winter
12/20/2010 0:00,3.785411789,52.99576505,65,11.35623537,34.0687061,0,wk,Winter
12/21/2010 0:00,11.35623537,68.1374122,69,34.0687061,34.0687061,0,wk,Winter
12/22/2010 0:00,34.0687061,30.28329431,58.5,7.570823578,34.0687061,0,wk,Winter
12/23/2010 0:00,7.570823578,15.14164716,58.5,7.570823578,34.0687061,0,wk,Winter
12/24/2010 0:00,7.570823578,34.0687061,54,7.570823578,34.0687061,0,wk,Winter
12/25/2010 0:00,7.570823578,30.28329431,40,3.785411789,34.0687061,0,wknd,Winter
12/26/2010 0:00,3.785411789,3.785411789,40,3.785411789,34.0687061,0,wknd,Winter
12/27/2010 0:00,3.785411789,11.35623537,44.5,7.570823578,34.0687061,0,wk,Winter
12/28/2010 0:00,7.570823578,34.0687061,55.5,7.570823578,34.0687061,0,wk,Winter
12/29/2010 0:00,7.570823578,7.570823578,64,7.570823578,34.0687061,0,wk,Winter
12/30/2010 0:00,7.570823578,7.570823578,65.5,3.785411789,34.0687061,0,wk,Winter
12/31/2010 0:00,3.785411789,7.570823578,59,11.35623537,34.0687061,0,wk,Winter
1/1/2011 0:00,11.35623537,3.785411789,48,3.785411789,49.21035326,0,wknd,Winter
1/2/2011 0:00,3.785411789,3.785411789,43,7.570823578,49.21035326,0,wknd,Winter
1/3/2011 0:00,7.570823578,7.570823578,48.5,26.49788252,49.21035326,0,wk,Winter
1/4/2011 0:00,26.49788252,7.570823578,53,56.78117684,49.21035326,0,wk,Winter
1/5/2011 0:00,56.78117684,7.570823578,59,26.49788252,49.21035326,0,wk,Winter
1/6/2011 0:00,26.49788252,3.785411789,53,1,49.21035326,0,wk,Winter
1/7/2011 0:00,1,11.35623537,58.5,22.71247073,49.21035326,0,wk,Winter
1/8/2011 0:00,22.71247073,3.785411789,55,3.785411789,49.21035326,0,wknd,Winter
1/9/2011 0:00,3.785411789,7.570823578,45,7.570823578,49.21035326,0,wknd,Winter
1/10/2011 0:00,7.570823578,26.49788252,38.5,71.92282399,49.21035326,0,wk,Winter
1/11/2011 0:00,71.92282399,56.78117684,36.5,117.3477655,49.21035326,0,wk,Winter
1/12/2011 0:00,117.3477655,26.49788252,34,49.21035326,49.21035326,0,wk,Winter
1/13/2011 0:00,49.21035326,1,36,26.49788252,49.21035326,0,wk,Winter
1/14/2011 0:00,26.49788252,22.71247073,42,45.42494147,49.21035326,0,wk,Winter
1/15/2011 0:00,45.42494147,3.785411789,47.5,22.71247073,49.21035326,0,wknd,Winter
1/16/2011 0:00,22.71247073,7.570823578,49,26.49788252,49.21035326,0,wknd,Winter
1/17/2011 0:00,26.49788252,71.92282399,57,52.99576505,49.21035326,0,wk,Winter
1/18/2011 0:00,52.99576505,117.3477655,56,79.49364757,49.21035326,1,wk,Winter
1/19/2011 0:00,79.49364757,49.21035326,53,71.92282399,49.21035326,1,wk,Winter
1/20/2011 0:00,71.92282399,26.49788252,46,79.49364757,49.21035326,1,wk,Winter
1/21/2011 0:00,79.49364757,45.42494147,38,60.56658863,49.21035326,1,wk,Winter
1/22/2011 0:00,60.56658863,22.71247073,47.5,18.92705895,49.21035326,1,wknd,Winter
1/23/2011 0:00,18.92705895,26.49788252,45.5,41.63952968,49.21035326,1,wknd,Winter
1/24/2011 0:00,41.63952968,52.99576505,49,83.27905936,49.21035326,1,wk,Winter
1/25/2011 0:00,83.27905936,79.49364757,49.5,68.1374122,49.21035326,1,wk,Winter
1/26/2011 0:00,68.1374122,71.92282399,48,71.92282399,49.21035326,1,wk,Winter
1/27/2011 0:00,71.92282399,79.49364757,54,75.70823578,49.21035326,1,wk,Winter
1/28/2011 0:00,75.70823578,60.56658863,57.5,56.78117684,49.21035326,1,wk,Winter
1/29/2011 0:00,56.78117684,18.92705895,61.5,18.92705895,49.21035326,1,wknd,Winter
1/30/2011 0:00,18.92705895,41.63952968,68,60.56658863,49.21035326,1,wknd,Winter
1/31/2011 0:00,60.56658863,83.27905936,64,79.49364757,49.21035326,1,wk,Winter
2/1/2011 0:00,79.49364757,68.1374122,42.5,113.5623537,71.92282399,1,wk,Winter
2/2/2011 0:00,113.5623537,71.92282399,21.5,87.06447115,71.92282399,1,wk,Winter
2/3/2011 0:00,87.06447115,75.70823578,24,79.49364757,71.92282399,1,wk,Winter
2/4/2011 0:00,79.49364757,56.78117684,31,34.0687061,71.92282399,1,wk,Winter
2/5/2011 0:00,34.0687061,18.92705895,45.5,15.14164716,71.92282399,1,wknd,Winter
2/6/2011 0:00,15.14164716,60.56658863,57.5,37.85411789,71.92282399,1,wknd,Winter
2/7/2011 0:00,37.85411789,79.49364757,48,87.06447115,71.92282399,1,wk,Winter
2/8/2011 0:00,87.06447115,113.5623537,49.5,75.70823578,71.92282399,1,wk,Winter
2/9/2011 0:00,75.70823578,87.06447115,35.5,87.06447115,71.92282399,1,wk,Winter
2/10/2011 0:00,87.06447115,79.49364757,32,75.70823578,71.92282399,1,wk,Winter
2/11/2011 0:00,75.70823578,34.0687061,40,52.99576505,71.92282399,1,wk,Winter
2/12/2011 0:00,52.99576505,15.14164716,48,15.14164716,71.92282399,1,wknd,Winter
2/13/2011 0:00,15.14164716,37.85411789,54.5,49.21035326,71.92282399,1,wknd,Winter
2/14/2011 0:00,49.21035326,87.06447115,62,94.63529473,71.92282399,1,wk,Winter
2/15/2011 0:00,94.63529473,75.70823578,69,68.1374122,71.92282399,1,wk,Winter
2/16/2011 0:00,68.1374122,87.06447115,68.5,60.56658863,71.92282399,1,wk,Winter
2/17/2011 0:00,60.56658863,75.70823578,71.5,79.49364757,71.92282399,1,wk,Winter
2/18/2011 0:00,79.49364757,52.99576505,71.5,75.70823578,71.92282399,1,wk,Winter
2/19/2011 0:00,75.70823578,15.14164716,67.5,22.71247073,71.92282399,1,wknd,Winter
2/20/2011 0:00,22.71247073,49.21035326,72.5,56.78117684,71.92282399,1,wknd,Winter
2/21/2011 0:00,56.78117684,94.63529473,71,75.70823578,71.92282399,1,wk,Winter
2/22/2011 0:00,75.70823578,68.1374122,58.5,98.42070652,71.92282399,1,wk,Winter
2/23/2011 0:00,98.42070652,60.56658863,67.5,60.56658863,71.92282399,1,wk,Winter
2/24/2011 0:00,60.56658863,79.49364757,74.5,83.27905936,71.92282399,1,wk,Winter
2/25/2011 0:00,83.27905936,75.70823578,57,75.70823578,71.92282399,1,wk,Winter
2/26/2011 0:00,75.70823578,22.71247073,61,26.49788252,71.92282399,1,wknd,Winter
2/27/2011 0:00,26.49788252,56.78117684,75.5,49.21035326,71.92282399,1,wknd,Winter
2/28/2011 0:00,49.21035326,75.70823578,64.5,49.21035326,71.92282399,1,wk,Winter
3/1/2011 0:00,49.21035326,98.42070652,58,79.49364757,68.1374122,1,wk,Spring
3/2/2011 0:00,79.49364757,60.56658863,60,94.63529473,68.1374122,1,wk,Spring
3/3/2011 0:00,94.63529473,83.27905936,62.5,68.1374122,68.1374122,1,wk,Spring
3/4/2011 0:00,68.1374122,75.70823578,67,68.1374122,68.1374122,1,wk,Spring
3/5/2011 0:00,68.1374122,26.49788252,55,56.78117684,68.1374122,1,wknd,Spring
3/6/2011 0:00,56.78117684,49.21035326,52,41.63952968,68.1374122,1,wknd,Spring
3/7/2011 0:00,41.63952968,49.21035326,62.5,90.84988294,68.1374122,1,wk,Spring
3/8/2011 0:00,90.84988294,79.49364757,75.5,121.1331773,68.1374122,1,wk,Spring
3/9/2011 0:00,121.1331773,94.63529473,60.5,94.63529473,68.1374122,1,wk,Spring
3/10/2011 0:00,94.63529473,68.1374122,58.5,79.49364757,68.1374122,1,wk,Spring
3/11/2011 0:00,79.49364757,68.1374122,60.5,30.28329431,68.1374122,1,wk,Spring
3/12/2011 0:00,30.28329431,56.78117684,69.5,7.570823578,68.1374122,0,wknd,Spring
3/13/2011 0:00,7.570823578,41.63952968,69.5,15.14164716,68.1374122,0,wknd,Spring
3/14/2011 0:00,15.14164716,90.84988294,62.5,49.21035326,68.1374122,0,wk,Spring
3/15/2011 0:00,49.21035326,121.1331773,60,34.0687061,68.1374122,0,wk,Spring
3/16/2011 0:00,34.0687061,94.63529473,70,18.92705895,68.1374122,0,wk,Spring
3/17/2011 0:00,18.92705895,79.49364757,75.5,15.14164716,68.1374122,0,wk,Spring
3/18/2011 0:00,15.14164716,30.28329431,77.5,45.42494147,68.1374122,0,wk,Spring
3/19/2011 0:00,45.42494147,7.570823578,75.5,34.0687061,68.1374122,0,wknd,Spring
3/20/2011 0:00,34.0687061,15.14164716,73,49.21035326,68.1374122,0,wknd,Spring
3/21/2011 0:00,49.21035326,49.21035326,75.5,121.1331773,68.1374122,1,wk,Spring
3/22/2011 0:00,121.1331773,34.0687061,74.5,79.49364757,68.1374122,1,wk,Spring
3/23/2011 0:00,79.49364757,18.92705895,77.5,83.27905936,68.1374122,1,wk,Spring
3/24/2011 0:00,83.27905936,15.14164716,74.5,68.1374122,68.1374122,1,wk,Spring
3/25/2011 0:00,68.1374122,45.42494147,76.5,68.1374122,68.1374122,1,wk,Spring
3/26/2011 0:00,68.1374122,34.0687061,78,34.0687061,68.1374122,1,wknd,Spring
3/27/2011 0:00,34.0687061,49.21035326,62.5,34.0687061,68.1374122,1,wknd,Spring
3/28/2011 0:00,34.0687061,121.1331773,57.5,83.27905936,68.1374122,1,wk,Spring
3/29/2011 0:00,83.27905936,79.49364757,62,90.84988294,68.1374122,1,wk,Spring
3/30/2011 0:00,90.84988294,83.27905936,58,68.1374122,68.1374122,1,wk,Spring
3/31/2011 0:00,68.1374122,68.1374122,62.5,79.49364757,68.1374122,1,wk,Spring
4/1/2011 0:00,79.49364757,68.1374122,76.5,56.78117684,75.70823578,1,wk,Spring
4/2/2011 0:00,56.78117684,34.0687061,72,34.0687061,75.70823578,1,wknd,Spring
4/3/2011 0:00,34.0687061,34.0687061,77.5,45.42494147,75.70823578,1,wknd,Spring
4/4/2011 0:00,45.42494147,83.27905936,63,68.1374122,75.70823578,1,wk,Spring
4/5/2011 0:00,68.1374122,90.84988294,59.5,90.84988294,75.70823578,1,wk,Spring
4/6/2011 0:00,90.84988294,68.1374122,70,102.2061183,75.70823578,1,wk,Spring
4/7/2011 0:00,102.2061183,79.49364757,74.5,105.9915301,75.70823578,1,wk,Spring
4/8/2011 0:00,105.9915301,56.78117684,82.5,105.9915301,75.70823578,1,wk,Spring
4/9/2011 0:00,105.9915301,34.0687061,81.5,34.0687061,75.70823578,1,wknd,Spring
4/10/2011 0:00,34.0687061,45.42494147,82,75.70823578,75.70823578,1,wknd,Spring
4/11/2011 0:00,75.70823578,68.1374122,70.5,102.2061183,75.70823578,1,wk,Spring
4/12/2011 0:00,102.2061183,90.84988294,69.5,121.1331773,75.70823578,1,wk,Spring
4/13/2011 0:00,121.1331773,102.2061183,70,109.7769419,75.70823578,1,wk,Spring
4/14/2011 0:00,109.7769419,105.9915301,79,109.7769419,75.70823578,1,wk,Spring
4/15/2011 0:00,109.7769419,105.9915301,72.5,75.70823578,75.70823578,1,wk,Spring
4/16/2011 0:00,75.70823578,34.0687061,64.5,45.42494147,75.70823578,1,wknd,Spring
4/17/2011 0:00,45.42494147,75.70823578,69,34.0687061,75.70823578,1,wknd,Spring
4/18/2011 0:00,34.0687061,102.2061183,83,102.2061183,75.70823578,1,wk,Spring
4/19/2011 0:00,102.2061183,121.1331773,83,128.7040008,75.70823578,1,wk,Spring
4/20/2011 0:00,128.7040008,109.7769419,82.5,68.1374122,75.70823578,1,wk,Spring
4/21/2011 0:00,68.1374122,109.7769419,83,75.70823578,75.70823578,1,wk,Spring
4/22/2011 0:00,75.70823578,75.70823578,83.5,49.21035326,75.70823578,1,wk,Spring
4/23/2011 0:00,49.21035326,45.42494147,84,26.49788252,75.70823578,1,wknd,Spring
4/24/2011 0:00,26.49788252,34.0687061,82.5,45.42494147,75.70823578,1,wknd,Spring
4/25/2011 0:00,45.42494147,102.2061183,83,75.70823578,75.70823578,1,wk,Spring
4/26/2011 0:00,75.70823578,128.7040008,85,94.63529473,75.70823578,1,wk,Spring
4/27/2011 0:00,94.63529473,68.1374122,76,60.56658863,75.70823578,1,wk,Spring
4/28/2011 0:00,60.56658863,75.70823578,68,83.27905936,75.70823578,1,wk,Spring
4/29/2011 0:00,83.27905936,49.21035326,74,83.27905936,75.70823578,1,wk,Spring
4/30/2011 0:00,83.27905936,26.49788252,82,34.0687061,75.70823578,1,wknd,Spring
5/1/2011 0:00,34.0687061,45.42494147,72.5,45.42494147,34.0687061,1,wknd,Spring
5/2/2011 0:00,45.42494147,75.70823578,52,79.49364757,34.0687061,1,wk,Spring
5/3/2011 0:00,79.49364757,94.63529473,61.5,83.27905936,34.0687061,1,wk,Spring
5/4/2011 0:00,83.27905936,60.56658863,64.5,87.06447115,34.0687061,1,wk,Spring
5/5/2011 0:00,87.06447115,83.27905936,70.5,68.1374122,34.0687061,1,wk,Spring
5/6/2011 0:00,68.1374122,83.27905936,75.5,64.35200042,34.0687061,1,wk,Spring
5/7/2011 0:00,64.35200042,34.0687061,80.5,30.28329431,34.0687061,1,wknd,Spring
5/8/2011 0:00,30.28329431,45.42494147,85.5,26.49788252,34.0687061,1,wknd,Spring
5/9/2011 0:00,26.49788252,79.49364757,86.5,56.78117684,34.0687061,1,wk,Spring
5/10/2011 0:00,56.78117684,83.27905936,85,75.70823578,34.0687061,1,wk,Spring
5/11/2011 0:00,75.70823578,87.06447115,81.5,83.27905936,34.0687061,1,wk,Spring
5/12/2011 0:00,83.27905936,68.1374122,70.5,75.70823578,34.0687061,1,wk,Spring
5/13/2011 0:00,75.70823578,64.35200042,75,64.35200042,34.0687061,1,wk,Spring
5/14/2011 0:00,64.35200042,30.28329431,71,34.0687061,34.0687061,1,wknd,Spring
5/15/2011 0:00,34.0687061,26.49788252,67.5,37.85411789,34.0687061,1,wknd,Spring
5/16/2011 0:00,37.85411789,56.78117684,76,30.28329431,34.0687061,1,wk,Spring
5/17/2011 0:00,30.28329431,75.70823578,75,56.78117684,34.0687061,1,wk,Spring
5/18/2011 0:00,56.78117684,83.27905936,78,22.71247073,34.0687061,0,wk,Spring
5/19/2011 0:00,22.71247073,75.70823578,77,7.570823578,34.0687061,0,wk,Spring
5/20/2011 0:00,7.570823578,64.35200042,79,15.14164716,34.0687061,0,wk,Spring
5/21/2011 0:00,15.14164716,34.0687061,77,15.14164716,34.0687061,0,wknd,Spring
5/22/2011 0:00,15.14164716,37.85411789,85,18.92705895,34.0687061,0,wknd,Spring
5/23/2011 0:00,18.92705895,30.28329431,84.5,3.785411789,34.0687061,0,wk,Spring
5/24/2011 0:00,3.785411789,56.78117684,86,34.0687061,34.0687061,0,wk,Spring
5/25/2011 0:00,34.0687061,22.71247073,88.5,18.92705895,34.0687061,0,wk,Spring
5/26/2011 0:00,18.92705895,7.570823578,80,22.71247073,34.0687061,0,wk,Spring
5/27/2011 0:00,22.71247073,15.14164716,86,34.0687061,34.0687061,0,wk,Spring
5/28/2011 0:00,34.0687061,15.14164716,87.5,11.35623537,34.0687061,0,wknd,Spring
5/29/2011 0:00,11.35623537,18.92705895,86,7.570823578,34.0687061,0,wknd,Spring
5/30/2011 0:00,7.570823578,3.785411789,86.5,7.570823578,34.0687061,0,wk,Spring
5/31/2011 0:00,7.570823578,34.0687061,88,45.42494147,34.0687061,0,wk,Spring
6/1/2011 0:00,45.42494147,18.92705895,85.5,37.85411789,52.99576505,0,wk,Summer
6/2/2011 0:00,37.85411789,22.71247073,84,26.49788252,52.99576505,0,wk,Summer
6/3/2011 0:00,26.49788252,34.0687061,85.5,68.1374122,52.99576505,0,wk,Summer
6/4/2011 0:00,68.1374122,11.35623537,85,7.570823578,52.99576505,0,wknd,Summer
6/5/2011 0:00,7.570823578,7.570823578,85,26.49788252,52.99576505,0,wknd,Summer
6/6/2011 0:00,26.49788252,7.570823578,87,56.78117684,52.99576505,0,wk,Summer
6/7/2011 0:00,56.78117684,45.42494147,86,60.56658863,52.99576505,0,wk,Summer
6/8/2011 0:00,60.56658863,37.85411789,86.5,64.35200042,52.99576505,0,wk,Summer
6/9/2011 0:00,64.35200042,26.49788252,86,52.99576505,52.99576505,0,wk,Summer
6/10/2011 0:00,52.99576505,68.1374122,87,52.99576505,52.99576505,0,wk,Summer
6/11/2011 0:00,52.99576505,7.570823578,86.5,11.35623537,52.99576505,0,wknd,Summer
6/12/2011 0:00,11.35623537,26.49788252,87.5,26.49788252,52.99576505,0,wknd,Summer
6/13/2011 0:00,26.49788252,56.78117684,88,64.35200042,52.99576505,0,wk,Summer
6/14/2011 0:00,64.35200042,60.56658863,89,64.35200042,52.99576505,0,wk,Summer
6/15/2011 0:00,64.35200042,64.35200042,91,52.99576505,52.99576505,0,wk,Summer
6/16/2011 0:00,52.99576505,52.99576505,90,41.63952968,52.99576505,0,wk,Summer
6/17/2011 0:00,41.63952968,52.99576505,93,45.42494147,52.99576505,0,wk,Summer
6/18/2011 0:00,45.42494147,11.35623537,92,15.14164716,52.99576505,0,wknd,Summer
6/19/2011 0:00,15.14164716,26.49788252,92,11.35623537,52.99576505,0,wknd,Summer
6/20/2011 0:00,11.35623537,64.35200042,90,52.99576505,52.99576505,0,wk,Summer
6/21/2011 0:00,52.99576505,64.35200042,85.5,45.42494147,52.99576505,0,wk,Summer
6/22/2011 0:00,45.42494147,52.99576505,78.5,56.78117684,52.99576505,0,wk,Summer
6/23/2011 0:00,56.78117684,41.63952968,83.5,64.35200042,52.99576505,0,wk,Summer
6/24/2011 0:00,64.35200042,45.42494147,85,56.78117684,52.99576505,0,wk,Summer
6/25/2011 0:00,56.78117684,15.14164716,87,30.28329431,52.99576505,0,wknd,Summer
6/26/2011 0:00,30.28329431,11.35623537,87,41.63952968,52.99576505,0,wknd,Summer
6/27/2011 0:00,41.63952968,52.99576505,88,68.1374122,52.99576505,0,wk,Summer
6/28/2011 0:00,68.1374122,45.42494147,87.5,52.99576505,52.99576505,0,wk,Summer
6/29/2011 0:00,52.99576505,56.78117684,87,49.21035326,52.99576505,0,wk,Summer
6/30/2011 0:00,49.21035326,64.35200042,87,79.49364757,52.99576505,0,wk,Summer
7/1/2011 0:00,79.49364757,56.78117684,87.5,49.21035326,45.42494147,0,wk,Summer
7/2/2011 0:00,49.21035326,30.28329431,88.5,30.28329431,45.42494147,0,wknd,Summer
7/3/2011 0:00,30.28329431,41.63952968,88.5,41.63952968,45.42494147,0,wknd,Summer
7/4/2011 0:00,41.63952968,68.1374122,88,45.42494147,45.42494147,0,wk,Summer
7/5/2011 0:00,45.42494147,52.99576505,87,22.71247073,45.42494147,0,wk,Summer
7/6/2011 0:00,22.71247073,49.21035326,89,56.78117684,45.42494147,0,wk,Summer
7/7/2011 0:00,56.78117684,79.49364757,88,52.99576505,45.42494147,0,wk,Summer
7/8/2011 0:00,52.99576505,49.21035326,89,45.42494147,45.42494147,0,wk,Summer
7/9/2011 0:00,45.42494147,30.28329431,88.5,34.0687061,45.42494147,0,wknd,Summer
7/10/2011 0:00,34.0687061,41.63952968,90,30.28329431,45.42494147,0,wknd,Summer
7/11/2011 0:00,30.28329431,45.42494147,90,56.78117684,45.42494147,0,wk,Summer
7/12/2011 0:00,56.78117684,22.71247073,90,45.42494147,45.42494147,0,wk,Summer
7/13/2011 0:00,45.42494147,56.78117684,89,52.99576505,45.42494147,0,wk,Summer
7/14/2011 0:00,52.99576505,52.99576505,90.5,52.99576505,45.42494147,0,wk,Summer
7/15/2011 0:00,52.99576505,45.42494147,91.5,45.42494147,45.42494147,0,wk,Summer
7/16/2011 0:00,45.42494147,34.0687061,88.5,22.71247073,45.42494147,0,wknd,Summer
7/17/2011 0:00,22.71247073,30.28329431,88.5,41.63952968,45.42494147,0,wknd,Summer
7/18/2011 0:00,41.63952968,56.78117684,89,52.99576505,45.42494147,0,wk,Summer
7/19/2011 0:00,52.99576505,45.42494147,90.5,45.42494147,45.42494147,0,wk,Summer
7/20/2011 0:00,45.42494147,52.99576505,90,37.85411789,45.42494147,0,wk,Summer
7/21/2011 0:00,37.85411789,52.99576505,90.5,75.70823578,45.42494147,0,wk,Summer
7/22/2011 0:00,75.70823578,45.42494147,91.5,49.21035326,45.42494147,0,wk,Summer
7/23/2011 0:00,49.21035326,22.71247073,91,41.63952968,45.42494147,0,wknd,Summer
7/24/2011 0:00,41.63952968,41.63952968,92,30.28329431,45.42494147,0,wknd,Summer
7/25/2011 0:00,30.28329431,52.99576505,91,34.0687061,45.42494147,0,wk,Summer
7/26/2011 0:00,34.0687061,45.42494147,91,45.42494147,45.42494147,0,wk,Summer
7/27/2011 0:00,45.42494147,37.85411789,91,26.49788252,45.42494147,0,wk,Summer
7/28/2011 0:00,26.49788252,75.70823578,91.5,45.42494147,45.42494147,0,wk,Summer
7/29/2011 0:00,45.42494147,49.21035326,90.5,37.85411789,45.42494147,0,wk,Summer
7/30/2011 0:00,37.85411789,41.63952968,89,26.49788252,45.42494147,0,wknd,Summer
7/31/2011 0:00,26.49788252,30.28329431,89,26.49788252,45.42494147,0,wknd,Summer
8/1/2011 0:00,26.49788252,34.0687061,92.5,68.1374122,52.99576505,0,wk,Summer
8/2/2011 0:00,68.1374122,45.42494147,93.5,52.99576505,52.99576505,0,wk,Summer
8/3/2011 0:00,52.99576505,26.49788252,92.5,56.78117684,52.99576505,0,wk,Summer
8/4/2011 0:00,56.78117684,45.42494147,93,49.21035326,52.99576505,0,wk,Summer
8/5/2011 0:00,49.21035326,37.85411789,92,52.99576505,52.99576505,0,wk,Summer
8/6/2011 0:00,52.99576505,26.49788252,91,37.85411789,52.99576505,0,wknd,Summer
8/7/2011 0:00,37.85411789,26.49788252,91,41.63952968,52.99576505,0,wknd,Summer
8/8/2011 0:00,41.63952968,68.1374122,92.5,41.63952968,52.99576505,0,wk,Summer
8/9/2011 0:00,41.63952968,52.99576505,92,41.63952968,52.99576505,0,wk,Summer
8/10/2011 0:00,41.63952968,56.78117684,91.5,64.35200042,52.99576505,0,wk,Summer
8/11/2011 0:00,64.35200042,49.21035326,93,64.35200042,52.99576505,0,wk,Summer
8/12/2011 0:00,64.35200042,52.99576505,92,37.85411789,52.99576505,0,wk,Summer
8/13/2011 0:00,37.85411789,37.85411789,88,34.0687061,52.99576505,0,wknd,Summer
8/14/2011 0:00,34.0687061,41.63952968,92,41.63952968,52.99576505,0,wknd,Summer
8/15/2011 0:00,41.63952968,41.63952968,92,64.35200042,52.99576505,0,wk,Summer
8/16/2011 0:00,64.35200042,41.63952968,90.5,34.0687061,52.99576505,0,wk,Summer
8/17/2011 0:00,34.0687061,64.35200042,90.5,45.42494147,52.99576505,0,wk,Summer
8/18/2011 0:00,45.42494147,64.35200042,90.5,64.35200042,52.99576505,0,wk,Summer
8/19/2011 0:00,64.35200042,37.85411789,92,45.42494147,52.99576505,0,wk,Summer
8/20/2011 0:00,45.42494147,34.0687061,92.5,41.63952968,52.99576505,0,wknd,Summer
8/21/2011 0:00,41.63952968,41.63952968,90,56.78117684,52.99576505,0,wknd,Summer
8/22/2011 0:00,56.78117684,64.35200042,91.5,98.42070652,52.99576505,0,wk,Summer
8/23/2011 0:00,98.42070652,34.0687061,91,60.56658863,52.99576505,0,wk,Summer
8/24/2011 0:00,60.56658863,45.42494147,92.5,90.84988294,52.99576505,1,wk,Summer
8/25/2011 0:00,90.84988294,64.35200042,85.5,109.7769419,52.99576505,1,wk,Summer
8/26/2011 0:00,109.7769419,45.42494147,88.5,79.49364757,52.99576505,1,wk,Summer
8/27/2011 0:00,79.49364757,41.63952968,94.5,49.21035326,52.99576505,1,wknd,Summer
8/28/2011 0:00,49.21035326,56.78117684,96,52.99576505,52.99576505,1,wknd,Summer
8/29/2011 0:00,52.99576505,98.42070652,95,98.42070652,52.99576505,1,wk,Summer
8/30/2011 0:00,98.42070652,60.56658863,92,98.42070652,52.99576505,1,wk,Summer
8/31/2011 0:00,98.42070652,90.84988294,91,90.84988294,52.99576505,1,wk,Summer
9/1/2011 0:00,90.84988294,109.7769419,89,128.7040008,92.74258883,1,wk,Fall
9/2/2011 0:00,128.7040008,79.49364757,92,79.49364757,92.74258883,1,wk,Fall
9/3/2011 0:00,79.49364757,49.21035326,89.5,41.63952968,92.74258883,1,wknd,Fall
9/4/2011 0:00,41.63952968,52.99576505,89.5,60.56658863,92.74258883,1,wknd,Fall
9/5/2011 0:00,60.56658863,98.42070652,79,64.35200042,92.74258883,1,wk,Fall
9/6/2011 0:00,64.35200042,98.42070652,79,128.7040008,92.74258883,1,wk,Fall
9/7/2011 0:00,128.7040008,90.84988294,78.5,94.63529473,92.74258883,1,wk,Fall
9/8/2011 0:00,94.63529473,128.7040008,80,121.1331773,92.74258883,1,wk,Fall
9/9/2011 0:00,121.1331773,79.49364757,81,75.70823578,92.74258883,1,wk,Fall
9/10/2011 0:00,75.70823578,41.63952968,82.5,34.0687061,92.74258883,1,wknd,Fall
9/11/2011 0:00,34.0687061,60.56658863,85,68.1374122,92.74258883,1,wknd,Fall
9/12/2011 0:00,68.1374122,64.35200042,87.5,124.918589,92.74258883,1,wk,Fall
9/13/2011 0:00,124.918589,128.7040008,89.5,121.1331773,92.74258883,1,wk,Fall
9/14/2011 0:00,121.1331773,94.63529473,88,94.63529473,92.74258883,1,wk,Fall
9/15/2011 0:00,94.63529473,121.1331773,85,117.3477655,92.74258883,1,wk,Fall
9/16/2011 0:00,117.3477655,75.70823578,83,90.84988294,92.74258883,1,wk,Fall
9/17/2011 0:00,90.84988294,34.0687061,83,49.21035326,92.74258883,1,wknd,Fall
9/18/2011 0:00,49.21035326,68.1374122,83.5,60.56658863,92.74258883,1,wknd,Fall
9/19/2011 0:00,60.56658863,124.918589,82.5,128.7040008,92.74258883,1,wk,Fall
9/20/2011 0:00,128.7040008,121.1331773,81,124.918589,92.74258883,1,wk,Fall
9/21/2011 0:00,124.918589,94.63529473,83,109.7769419,92.74258883,1,wk,Fall
9/22/2011 0:00,109.7769419,117.3477655,84.5,98.42070652,92.74258883,1,wk,Fall
9/23/2011 0:00,98.42070652,90.84988294,80,98.42070652,92.74258883,1,wk,Fall
9/24/2011 0:00,98.42070652,49.21035326,79,34.0687061,92.74258883,1,wknd,Fall
9/25/2011 0:00,34.0687061,60.56658863,89.5,52.99576505,92.74258883,1,wknd,Fall
9/26/2011 0:00,52.99576505,128.7040008,88.5,136.2748244,92.74258883,1,wk,Fall
9/27/2011 0:00,136.2748244,124.918589,87,98.42070652,92.74258883,1,wk,Fall
9/28/2011 0:00,98.42070652,109.7769419,84,87.06447115,92.74258883,1,wk,Fall
9/29/2011 0:00,87.06447115,98.42070652,87,75.70823578,92.74258883,1,wk,Fall
9/30/2011 0:00,75.70823578,98.42070652,82,60.56658863,92.74258883,1,wk,Fall
10/1/2011 0:00,60.56658863,34.0687061,75,34.0687061,90.84988294,1,wknd,Fall
10/2/2011 0:00,34.0687061,52.99576505,74,49.21035326,90.84988294,1,wknd,Fall
10/3/2011 0:00,49.21035326,136.2748244,73.5,90.84988294,90.84988294,1,wk,Fall
10/4/2011 0:00,90.84988294,98.42070652,72.5,98.42070652,90.84988294,1,wk,Fall
10/5/2011 0:00,98.42070652,87.06447115,77,105.9915301,90.84988294,1,wk,Fall
10/6/2011 0:00,105.9915301,75.70823578,79.5,83.27905936,90.84988294,1,wk,Fall
10/7/2011 0:00,83.27905936,60.56658863,85.5,79.49364757,90.84988294,1,wk,Fall
10/8/2011 0:00,79.49364757,34.0687061,81.5,30.28329431,90.84988294,1,wknd,Fall
10/9/2011 0:00,30.28329431,49.21035326,68.5,45.42494147,90.84988294,1,wknd,Fall
10/10/2011 0:00,45.42494147,90.84988294,72,113.5623537,90.84988294,1,wk,Fall
10/11/2011 0:00,113.5623537,98.42070652,75,147.6310598,90.84988294,1,wk,Fall
10/12/2011 0:00,147.6310598,105.9915301,78.5,113.5623537,90.84988294,1,wk,Fall
10/13/2011 0:00,113.5623537,83.27905936,74.5,90.84988294,90.84988294,1,wk,Fall
10/14/2011 0:00,90.84988294,79.49364757,71.5,90.84988294,90.84988294,1,wk,Fall
10/15/2011 0:00,90.84988294,30.28329431,72.5,37.85411789,90.84988294,1,wknd,Fall
10/16/2011 0:00,37.85411789,45.42494147,75,60.56658863,90.84988294,1,wknd,Fall
10/17/2011 0:00,60.56658863,113.5623537,77,102.2061183,90.84988294,1,wk,Fall
10/18/2011 0:00,102.2061183,147.6310598,65,147.6310598,90.84988294,1,wk,Fall
10/19/2011 0:00,147.6310598,113.5623537,64,113.5623537,90.84988294,1,wk,Fall
10/20/2011 0:00,113.5623537,90.84988294,62.5,113.5623537,90.84988294,1,wk,Fall
10/21/2011 0:00,113.5623537,90.84988294,71.5,75.70823578,90.84988294,1,wk,Fall
10/22/2011 0:00,75.70823578,37.85411789,75.5,56.78117684,90.84988294,1,wknd,Fall
10/23/2011 0:00,56.78117684,60.56658863,76.5,56.78117684,90.84988294,1,wknd,Fall
10/24/2011 0:00,56.78117684,102.2061183,75,140.0602362,90.84988294,1,wk,Fall
10/25/2011 0:00,140.0602362,147.6310598,75.5,147.6310598,90.84988294,1,wk,Fall
10/26/2011 0:00,147.6310598,113.5623537,76,109.7769419,90.84988294,1,wk,Fall
10/27/2011 0:00,109.7769419,113.5623537,62.5,140.0602362,90.84988294,1,wk,Fall
10/28/2011 0:00,140.0602362,75.70823578,56,94.63529473,90.84988294,1,wk,Fall
10/29/2011 0:00,94.63529473,56.78117684,56,56.78117684,90.84988294,1,wknd,Fall
10/30/2011 0:00,56.78117684,56.78117684,60,68.1374122,90.84988294,1,wknd,Fall
10/31/2011 0:00,68.1374122,140.0602362,64,147.6310598,90.84988294,1,wk,Fall
11/1/2011 0:00,147.6310598,147.6310598,67,113.5623537,100.3134124,1,wk,Fall
11/2/2011 0:00,113.5623537,109.7769419,70.5,132.4894126,100.3134124,1,wk,Fall
11/3/2011 0:00,132.4894126,140.0602362,53,117.3477655,100.3134124,1,wk,Fall
11/4/2011 0:00,117.3477655,94.63529473,51.5,102.2061183,100.3134124,1,wk,Fall
11/5/2011 0:00,102.2061183,56.78117684,60,49.21035326,100.3134124,1,wknd,Fall
11/6/2011 0:00,49.21035326,68.1374122,73.5,56.78117684,100.3134124,1,wknd,Fall
11/7/2011 0:00,56.78117684,147.6310598,73.5,128.7040008,100.3134124,1,wk,Fall
11/8/2011 0:00,128.7040008,113.5623537,64.5,143.845648,100.3134124,1,wk,Fall
11/9/2011 0:00,143.845648,132.4894126,55.5,113.5623537,100.3134124,1,wk,Fall
11/10/2011 0:00,113.5623537,117.3477655,53.5,124.918589,100.3134124,1,wk,Fall
11/11/2011 0:00,124.918589,102.2061183,52.5,79.49364757,100.3134124,1,wk,Fall
11/12/2011 0:00,79.49364757,49.21035326,66.5,45.42494147,100.3134124,1,wknd,Fall
11/13/2011 0:00,45.42494147,56.78117684,75,87.06447115,100.3134124,1,wknd,Fall
11/14/2011 0:00,87.06447115,128.7040008,76.5,143.845648,100.3134124,1,wk,Fall
11/15/2011 0:00,143.845648,143.845648,66.5,109.7769419,100.3134124,1,wk,Fall
11/16/2011 0:00,109.7769419,113.5623537,66,113.5623537,100.3134124,1,wk,Fall
11/17/2011 0:00,113.5623537,124.918589,54,117.3477655,100.3134124,1,wk,Fall
11/18/2011 0:00,117.3477655,79.49364757,56.5,94.63529473,100.3134124,1,wk,Fall
11/19/2011 0:00,94.63529473,45.42494147,72.5,37.85411789,100.3134124,1,wknd,Fall
11/20/2011 0:00,37.85411789,87.06447115,78,64.35200042,100.3134124,1,wknd,Fall
11/21/2011 0:00,64.35200042,143.845648,70,113.5623537,100.3134124,1,wk,Fall
11/22/2011 0:00,113.5623537,109.7769419,61.5,98.42070652,100.3134124,1,wk,Fall
11/23/2011 0:00,98.42070652,113.5623537,60.5,41.63952968,100.3134124,1,wk,Fall
11/24/2011 0:00,41.63952968,117.3477655,58,3.785411789,100.3134124,0,wk,Fall
11/25/2011 0:00,3.785411789,94.63529473,66,3.785411789,100.3134124,0,wk,Fall
11/26/2011 0:00,3.785411789,37.85411789,58,3.785411789,100.3134124,0,wknd,Fall
11/27/2011 0:00,3.785411789,64.35200042,47,15.14164716,100.3134124,0,wknd,Fall
11/28/2011 0:00,15.14164716,113.5623537,48,113.5623537,100.3134124,1,wk,Fall
11/29/2011 0:00,113.5623537,98.42070652,51,87.06447115,100.3134124,1,wk,Fall
11/30/2011 0:00,87.06447115,41.63952968,51.5,124.918589,100.3134124,1,wk,Fall
12/1/2011 0:00,124.918589,3.785411789,57,94.63529473,30.28329431,1,wk,Winter
12/2/2011 0:00,94.63529473,3.785411789,57,64.35200042,30.28329431,1,wk,Winter
12/3/2011 0:00,64.35200042,3.785411789,62,30.28329431,30.28329431,1,wknd,Winter
12/4/2011 0:00,30.28329431,15.14164716,55.5,52.99576505,30.28329431,1,wknd,Winter
12/5/2011 0:00,52.99576505,113.5623537,39.5,87.06447115,30.28329431,1,wk,Winter
12/6/2011 0:00,87.06447115,87.06447115,36,79.49364757,30.28329431,1,wk,Winter
12/7/2011 0:00,79.49364757,124.918589,39.5,71.92282399,30.28329431,1,wk,Winter
12/8/2011 0:00,71.92282399,94.63529473,43,94.63529473,30.28329431,1,wk,Winter
12/9/2011 0:00,94.63529473,64.35200042,52.5,94.63529473,30.28329431,1,wk,Winter
12/10/2011 0:00,94.63529473,30.28329431,49.5,94.63529473,30.28329431,1,wknd,Winter
12/11/2011 0:00,94.63529473,52.99576505,48,94.63529473,30.28329431,1,wknd,Winter
12/12/2011 0:00,94.63529473,87.06447115,54.5,49.21035326,30.28329431,1,wk,Winter
12/13/2011 0:00,49.21035326,79.49364757,62.5,45.42494147,30.28329431,1,wk,Winter
12/14/2011 0:00,45.42494147,71.92282399,69,37.85411789,30.28329431,0,wk,Winter
12/15/2011 0:00,37.85411789,94.63529473,60,26.49788252,30.28329431,0,wk,Winter
12/16/2011 0:00,26.49788252,94.63529473,51,22.71247073,30.28329431,0,wk,Winter
12/17/2011 0:00,22.71247073,94.63529473,53.5,26.49788252,30.28329431,0,wknd,Winter
12/18/2011 0:00,26.49788252,94.63529473,57,30.28329431,30.28329431,0,wknd,Winter
12/19/2011 0:00,30.28329431,49.21035326,63,30.28329431,30.28329431,0,wk,Winter
12/20/2011 0:00,30.28329431,45.42494147,52.5,11.35623537,30.28329431,0,wk,Winter
12/21/2011 0:00,11.35623537,37.85411789,46.5,18.92705895,30.28329431,0,wk,Winter
12/22/2011 0:00,18.92705895,26.49788252,55,3.785411789,30.28329431,0,wk,Winter
12/23/2011 0:00,3.785411789,22.71247073,42.5,3.785411789,30.28329431,0,wk,Winter
12/24/2011 0:00,3.785411789,26.49788252,42.5,3.785411789,30.28329431,0,wknd,Winter
12/25/2011 0:00,3.785411789,30.28329431,43.5,1,30.28329431,0,wknd,Winter
12/26/2011 0:00,1,30.28329431,47.5,1,30.28329431,0,wk,Winter
12/27/2011 0:00,1,11.35623537,51,3.785411789,30.28329431,0,wk,Winter
12/28/2011 0:00,3.785411789,18.92705895,52.5,1,30.28329431,0,wk,Winter
12/29/2011 0:00,1,3.785411789,54.5,3.785411789,30.28329431,0,wk,Winter
12/30/2011 0:00,3.785411789,3.785411789,58,3.785411789,30.28329431,0,wk,Winter
12/31/2011 0:00,3.785411789,3.785411789,62.5,7.570823578,30.28329431,0,wknd,Winter
1/1/2012 0:00,7.570823578,1,55,3.785411789,68.1374122,0,wknd,<undefined>
1/2/2012 0:00,3.785411789,1,48.5,1,68.1374122,0,wk,Winter
1/3/2012 0:00,1,3.785411789,46.5,15.14164716,68.1374122,0,wk,Winter
1/4/2012 0:00,15.14164716,1,57,22.71247073,68.1374122,0,wk,Winter
1/5/2012 0:00,22.71247073,3.785411789,57,11.35623537,68.1374122,0,wk,Winter
1/6/2012 0:00,11.35623537,3.785411789,64.5,22.71247073,68.1374122,0,wk,Winter
1/7/2012 0:00,22.71247073,7.570823578,59,22.71247073,68.1374122,0,wknd,Winter
1/8/2012 0:00,22.71247073,3.785411789,53.5,18.92705895,68.1374122,0,wknd,Winter
1/9/2012 0:00,18.92705895,1,49.5,60.56658863,68.1374122,0,wk,Winter
1/10/2012 0:00,60.56658863,15.14164716,49.5,90.84988294,68.1374122,0,wk,Winter
1/11/2012 0:00,90.84988294,22.71247073,57.5,71.92282399,68.1374122,0,wk,Winter
1/12/2012 0:00,71.92282399,11.35623537,41.5,22.71247073,68.1374122,0,wk,Winter
1/13/2012 0:00,22.71247073,22.71247073,45,26.49788252,68.1374122,0,wk,Winter
1/14/2012 0:00,26.49788252,22.71247073,49,15.14164716,68.1374122,0,wknd,Winter
1/15/2012 0:00,15.14164716,18.92705895,50.5,64.35200042,68.1374122,0,wknd,Winter
1/16/2012 0:00,64.35200042,60.56658863,66.5,151.4164716,68.1374122,0,wk,Winter
1/17/2012 0:00,151.4164716,90.84988294,59,128.7040008,68.1374122,1,wk,Winter
1/18/2012 0:00,128.7040008,71.92282399,51,121.1331773,68.1374122,1,wk,Winter
1/19/2012 0:00,121.1331773,22.71247073,62.5,143.845648,68.1374122,1,wk,Winter
1/20/2012 0:00,143.845648,26.49788252,65.5,105.9915301,68.1374122,1,wk,Winter
1/21/2012 0:00,105.9915301,15.14164716,52,68.1374122,68.1374122,1,wknd,Winter
1/22/2012 0:00,68.1374122,64.35200042,63,128.7040008,68.1374122,1,wknd,Winter
1/23/2012 0:00,128.7040008,151.4164716,57.5,155.2018834,68.1374122,1,wk,Winter
1/24/2012 0:00,155.2018834,128.7040008,57.5,140.0602362,68.1374122,1,wk,Winter
1/25/2012 0:00,140.0602362,121.1331773,60,1,68.1374122,1,wk,Winter
1/26/2012 0:00,1,143.845648,58.5,143.845648,68.1374122,1,wk,Winter
1/27/2012 0:00,143.845648,105.9915301,54.5,117.3477655,68.1374122,1,wk,Winter
1/28/2012 0:00,117.3477655,68.1374122,50,56.78117684,68.1374122,1,wknd,Winter
1/29/2012 0:00,56.78117684,128.7040008,48.5,128.7040008,68.1374122,1,wknd,Winter
1/30/2012 0:00,128.7040008,155.2018834,52.5,177.9143541,68.1374122,1,wk,Winter
1/31/2012 0:00,177.9143541,140.0602362,65.5,94.63529473,68.1374122,1,wk,Winter
2/1/2012 0:00,94.63529473,1,70.5,109.7769419,117.3477655,1,wk,Winter
2/2/2012 0:00,109.7769419,143.845648,63,128.7040008,117.3477655,1,wk,Winter
2/3/2012 0:00,128.7040008,117.3477655,70.5,79.49364757,117.3477655,1,wk,Winter
2/4/2012 0:00,79.49364757,56.78117684,59.5,60.56658863,117.3477655,1,wknd,Winter
2/5/2012 0:00,60.56658863,128.7040008,45.5,105.9915301,117.3477655,1,wknd,Winter
2/6/2012 0:00,105.9915301,177.9143541,45.5,140.0602362,117.3477655,1,wk,Winter
2/7/2012 0:00,140.0602362,94.63529473,55,113.5623537,117.3477655,1,wk,Winter
2/8/2012 0:00,113.5623537,109.7769419,48.5,117.3477655,117.3477655,1,wk,Winter
2/9/2012 0:00,117.3477655,128.7040008,47.5,105.9915301,117.3477655,1,wk,Winter
2/10/2012 0:00,105.9915301,79.49364757,56.5,102.2061183,117.3477655,1,wk,Winter
2/11/2012 0:00,102.2061183,60.56658863,42.5,37.85411789,117.3477655,1,wknd,Winter
2/12/2012 0:00,37.85411789,105.9915301,36.5,90.84988294,117.3477655,1,wknd,Winter
2/13/2012 0:00,90.84988294,140.0602362,51.5,140.0602362,117.3477655,1,wk,Winter
2/14/2012 0:00,140.0602362,113.5623537,57.5,132.4894126,117.3477655,1,wk,Winter
2/15/2012 0:00,132.4894126,117.3477655,67.5,143.845648,117.3477655,1,wk,Winter
2/16/2012 0:00,143.845648,105.9915301,57.5,132.4894126,117.3477655,1,wk,Winter
2/17/2012 0:00,132.4894126,102.2061183,54,98.42070652,117.3477655,1,wk,Winter
2/18/2012 0:00,98.42070652,37.85411789,52.5,64.35200042,117.3477655,1,wknd,Winter
2/19/2012 0:00,64.35200042,90.84988294,51.5,94.63529473,117.3477655,1,wknd,Winter
2/20/2012 0:00,94.63529473,140.0602362,58.5,185.4851777,117.3477655,1,wk,Winter
2/21/2012 0:00,185.4851777,132.4894126,62.5,121.1331773,117.3477655,1,wk,Winter
2/22/2012 0:00,121.1331773,143.845648,75,158.9872951,117.3477655,1,wk,Winter
2/23/2012 0:00,158.9872951,132.4894126,75,155.2018834,117.3477655,1,wk,Winter
2/24/2012 0:00,155.2018834,98.42070652,55.5,132.4894126,117.3477655,1,wk,Winter
2/25/2012 0:00,132.4894126,64.35200042,50.5,37.85411789,117.3477655,1,wknd,Winter
2/26/2012 0:00,37.85411789,94.63529473,53,52.99576505,117.3477655,1,wknd,Winter
2/27/2012 0:00,52.99576505,185.4851777,64.5,128.7040008,117.3477655,1,wk,Winter
2/28/2012 0:00,128.7040008,121.1331773,70,155.2018834,117.3477655,1,wk,Winter
2/29/2012 0:00,155.2018834,158.9872951,68,121.1331773,117.3477655,1,wk,Winter
3/1/2012 0:00,121.1331773,155.2018834,62.5,109.7769419,79.49364757,1,wk,Spring
3/2/2012 0:00,109.7769419,132.4894126,71,90.84988294,79.49364757,1,wk,Spring
3/3/2012 0:00,90.84988294,37.85411789,55.5,64.35200042,79.49364757,1,wknd,Spring
3/4/2012 0:00,64.35200042,52.99576505,57.5,79.49364757,79.49364757,1,wknd,Spring
3/5/2012 0:00,79.49364757,128.7040008,61.5,124.918589,79.49364757,1,wk,Spring
3/6/2012 0:00,124.918589,155.2018834,64.5,117.3477655,79.49364757,1,wk,Spring
3/7/2012 0:00,117.3477655,121.1331773,68.5,132.4894126,79.49364757,1,wk,Spring
3/8/2012 0:00,132.4894126,109.7769419,61,143.845648,79.49364757,1,wk,Spring
3/9/2012 0:00,143.845648,90.84988294,44,71.92282399,79.49364757,1,wk,Spring
3/10/2012 0:00,71.92282399,64.35200042,47.5,56.78117684,79.49364757,0,wknd,Spring
3/11/2012 0:00,56.78117684,79.49364757,62.5,49.21035326,79.49364757,0,wknd,Spring
3/12/2012 0:00,49.21035326,124.918589,65.5,56.78117684,79.49364757,0,wk,Spring
3/13/2012 0:00,56.78117684,117.3477655,72,22.71247073,79.49364757,0,wk,Spring
3/14/2012 0:00,22.71247073,132.4894126,73,30.28329431,79.49364757,0,wk,Spring
3/15/2012 0:00,30.28329431,143.845648,74.5,34.0687061,79.49364757,0,wk,Spring
3/16/2012 0:00,34.0687061,71.92282399,74,37.85411789,79.49364757,0,wk,Spring
3/17/2012 0:00,37.85411789,56.78117684,72.5,30.28329431,79.49364757,0,wknd,Spring
3/18/2012 0:00,30.28329431,49.21035326,71,41.63952968,79.49364757,0,wknd,Spring
3/19/2012 0:00,41.63952968,56.78117684,69,117.3477655,79.49364757,1,wk,Spring
3/20/2012 0:00,117.3477655,22.71247073,61,105.9915301,79.49364757,1,wk,Spring
3/21/2012 0:00,105.9915301,30.28329431,60,113.5623537,79.49364757,1,wk,Spring
3/22/2012 0:00,113.5623537,34.0687061,67,151.4164716,79.49364757,1,wk,Spring
3/23/2012 0:00,151.4164716,37.85411789,64.5,105.9915301,79.49364757,1,wk,Spring
3/24/2012 0:00,105.9915301,30.28329431,67,49.21035326,79.49364757,1,wknd,Spring
3/25/2012 0:00,49.21035326,41.63952968,70,79.49364757,79.49364757,1,wknd,Spring
3/26/2012 0:00,79.49364757,117.3477655,70.5,98.42070652,79.49364757,1,wk,Spring
3/27/2012 0:00,98.42070652,105.9915301,70,117.3477655,79.49364757,1,wk,Spring
3/28/2012 0:00,117.3477655,113.5623537,68,113.5623537,79.49364757,1,wk,Spring
3/29/2012 0:00,113.5623537,151.4164716,72.5,15.14164716,79.49364757,1,wk,Spring
3/30/2012 0:00,15.14164716,105.9915301,76,1,79.49364757,1,wk,Spring
3/31/2012 0:00,1,49.21035326,76.5,1,79.49364757,1,wknd,Spring
4/1/2012 0:00,1,79.49364757,77.5,1,88.95717704,1,wknd,Spring
4/2/2012 0:00,1,98.42070652,78,1,88.95717704,1,wk,Spring
4/3/2012 0:00,1,117.3477655,74.5,1,88.95717704,1,wk,Spring
4/4/2012 0:00,1,113.5623537,71,1,88.95717704,1,wk,Spring
4/5/2012 0:00,1,15.14164716,77,94.63529473,88.95717704,1,wk,Spring
4/6/2012 0:00,94.63529473,1,72.5,71.92282399,88.95717704,1,wk,Spring
4/7/2012 0:00,71.92282399,1,76,52.99576505,88.95717704,1,wknd,Spring
4/8/2012 0:00,52.99576505,1,73,64.35200042,88.95717704,1,wknd,Spring
4/9/2012 0:00,64.35200042,1,73,136.2748244,88.95717704,1,wk,Spring
4/10/2012 0:00,136.2748244,1,72.5,158.9872951,88.95717704,1,wk,Spring
4/11/2012 0:00,158.9872951,1,72.5,132.4894126,88.95717704,1,wk,Spring
4/12/2012 0:00,132.4894126,94.63529473,77,132.4894126,88.95717704,1,wk,Spring
4/13/2012 0:00,132.4894126,71.92282399,75,90.84988294,88.95717704,1,wk,Spring
4/14/2012 0:00,90.84988294,52.99576505,75.5,49.21035326,88.95717704,1,wknd,Spring
4/15/2012 0:00,49.21035326,64.35200042,67.5,87.06447115,88.95717704,1,wknd,Spring
4/16/2012 0:00,87.06447115,136.2748244,65,147.6310598,88.95717704,1,wk,Spring
4/17/2012 0:00,147.6310598,158.9872951,70.5,147.6310598,88.95717704,1,wk,Spring
4/18/2012 0:00,147.6310598,132.4894126,70,124.918589,88.95717704,1,wk,Spring
4/19/2012 0:00,124.918589,132.4894126,71.5,121.1331773,88.95717704,1,wk,Spring
4/20/2012 0:00,121.1331773,90.84988294,69,68.1374122,88.95717704,1,wk,Spring
4/21/2012 0:00,68.1374122,49.21035326,67,37.85411789,88.95717704,1,wknd,Spring
4/22/2012 0:00,37.85411789,87.06447115,71,45.42494147,88.95717704,1,wknd,Spring
4/23/2012 0:00,45.42494147,147.6310598,70.5,94.63529473,88.95717704,1,wk,Spring
4/24/2012 0:00,94.63529473,147.6310598,71.5,113.5623537,88.95717704,1,wk,Spring
4/25/2012 0:00,113.5623537,124.918589,78.5,94.63529473,88.95717704,1,wk,Spring
4/26/2012 0:00,94.63529473,121.1331773,80,102.2061183,88.95717704,1,wk,Spring
4/27/2012 0:00,102.2061183,68.1374122,79,60.56658863,88.95717704,1,wk,Spring
4/28/2012 0:00,60.56658863,37.85411789,79.5,30.28329431,88.95717704,1,wknd,Spring
4/29/2012 0:00,30.28329431,45.42494147,79.5,64.35200042,88.95717704,1,wknd,Spring
4/30/2012 0:00,64.35200042,94.63529473,79,155.2018834,88.95717704,1,wk,Spring
5/1/2012 0:00,155.2018834,113.5623537,80,117.3477655,45.42494147,1,wk,Spring
5/2/2012 0:00,117.3477655,94.63529473,79.5,90.84988294,45.42494147,1,wk,Spring
5/3/2012 0:00,90.84988294,102.2061183,82,117.3477655,45.42494147,1,wk,Spring
5/4/2012 0:00,117.3477655,60.56658863,82.5,87.06447115,45.42494147,1,wk,Spring
5/5/2012 0:00,87.06447115,30.28329431,83.5,18.92705895,45.42494147,1,wknd,Spring
5/6/2012 0:00,18.92705895,64.35200042,79.5,45.42494147,45.42494147,1,wknd,Spring
5/7/2012 0:00,45.42494147,155.2018834,79.5,83.27905936,45.42494147,1,wk,Spring
5/8/2012 0:00,83.27905936,117.3477655,66.5,90.84988294,45.42494147,1,wk,Spring
5/9/2012 0:00,90.84988294,90.84988294,72,83.27905936,45.42494147,1,wk,Spring
5/10/2012 0:00,83.27905936,117.3477655,68,75.70823578,45.42494147,1,wk,Spring
5/11/2012 0:00,75.70823578,87.06447115,72.5,71.92282399,45.42494147,1,wk,Spring
5/12/2012 0:00,71.92282399,18.92705895,73,34.0687061,45.42494147,1,wknd,Spring
5/13/2012 0:00,34.0687061,45.42494147,72.5,52.99576505,45.42494147,1,wknd,Spring
5/14/2012 0:00,52.99576505,83.27905936,74.5,26.49788252,45.42494147,1,wk,Spring
5/15/2012 0:00,26.49788252,90.84988294,67.5,41.63952968,45.42494147,1,wk,Spring
5/16/2012 0:00,41.63952968,83.27905936,72.5,26.49788252,45.42494147,0,wk,Spring
5/17/2012 0:00,26.49788252,75.70823578,75,7.570823578,45.42494147,0,wk,Spring
5/18/2012 0:00,7.570823578,71.92282399,75,14.11958597,45.42494147,0,wk,Spring
5/19/2012 0:00,14.11958597,34.0687061,79.5,31.3053555,45.42494147,0,wknd,Spring
5/20/2012 0:00,31.3053555,52.99576505,76.5,28.73127548,45.42494147,0,wknd,Spring
5/21/2012 0:00,28.73127548,26.49788252,79,53.82855564,45.42494147,0,wk,Spring
5/22/2012 0:00,53.82855564,41.63952968,80,58.63602861,45.42494147,0,wk,Spring
5/23/2012 0:00,58.63602861,26.49788252,79,44.32717205,45.42494147,0,wk,Spring
5/24/2012 0:00,44.32717205,7.570823578,82,52.42795328,45.42494147,0,wk,Spring
5/25/2012 0:00,52.42795328,14.11958597,82.5,45.72777441,45.42494147,0,wk,Spring
5/26/2012 0:00,45.72777441,31.3053555,83,28.39058842,45.42494147,0,wknd,Spring
5/27/2012 0:00,28.39058842,28.73127548,81.5,27.36852724,45.42494147,0,wknd,Spring
5/28/2012 0:00,27.36852724,53.82855564,81.5,35.09076729,45.42494147,0,wk,Spring
5/29/2012 0:00,35.09076729,58.63602861,84,72.30136517,45.42494147,0,wk,Spring
5/30/2012 0:00,72.30136517,44.32717205,83.5,37.92982613,45.42494147,0,wk,Spring
5/31/2012 0:00,37.92982613,52.42795328,84,1.96841413,45.42494147,0,wk,Spring
6/1/2012 0:00,1.96841413,45.72777441,80.5,0.908498829,5.659190625,0,wk,Summer
6/2/2012 0:00,0.908498829,28.39058842,83,0.151416472,5.659190625,0,wknd,Summer
6/3/2012 0:00,0.151416472,27.36852724,83,2.536225899,5.659190625,0,wknd,Summer
6/4/2012 0:00,2.536225899,35.09076729,83,135.4420338,5.659190625,0,wk,Summer
6/5/2012 0:00,135.4420338,72.30136517,84.5,149.637328,5.659190625,0,wk,Summer
6/6/2012 0:00,149.637328,37.92982613,84.5,154.2555304,5.659190625,0,wk,Summer
6/7/2012 0:00,154.2555304,1.96841413,81,151.6814504,5.659190625,0,wk,Summer
6/8/2012 0:00,151.6814504,0.908498829,80,129.3096667,5.659190625,0,wk,Summer
6/9/2012 0:00,129.3096667,0.151416472,80.5,68.81878633,5.659190625,0,wknd,Summer
6/10/2012 0:00,68.81878633,2.536225899,85,78.54729462,5.659190625,0,wknd,Summer
6/11/2012 0:00,78.54729462,135.4420338,89.5,116.7799537,5.659190625,0,wk,Summer
6/12/2012 0:00,116.7799537,149.637328,83.5,110.1554831,5.659190625,0,wk,Summer
6/13/2012 0:00,110.1554831,154.2555304,83,16.65581187,5.659190625,0,wk,Summer
6/14/2012 0:00,16.65581187,151.6814504,87,6.548762395,5.659190625,0,wk,Summer
6/15/2012 0:00,6.548762395,129.3096667,86.5,5.753825919,5.659190625,0,wk,Summer
6/16/2012 0:00,5.753825919,68.81878633,86,1.059915301,5.659190625,0,wknd,Summer
6/17/2012 0:00,1.059915301,78.54729462,85,0.378541179,5.659190625,0,wknd,Summer
6/18/2012 0:00,0.378541179,116.7799537,85.5,5.56455533,5.659190625,0,wk,Summer
6/19/2012 0:00,5.56455533,110.1554831,85,4.353223558,5.659190625,0,wk,Summer
6/20/2012 0:00,4.353223558,16.65581187,85,4.996743562,5.659190625,0,wk,Summer
6/21/2012 0:00,4.996743562,6.548762395,84,4.239661204,5.659190625,0,wk,Summer
6/22/2012 0:00,4.239661204,5.753825919,84,5.110305915,5.659190625,0,wk,Summer
6/23/2012 0:00,5.110305915,1.059915301,86,1.892705895,5.659190625,0,wknd,Summer
6/24/2012 0:00,1.892705895,0.378541179,88,1.892705895,5.659190625,0,wknd,Summer
6/25/2012 0:00,1.892705895,5.56455533,89.5,6.245929452,5.659190625,0,wk,Summer
6/26/2012 0:00,6.245929452,4.353223558,93,5.186014151,5.659190625,0,wk,Summer
6/27/2012 0:00,5.186014151,4.996743562,91,2.195538838,5.659190625,0,wk,Summer
6/28/2012 0:00,2.195538838,4.239661204,88,9.917778888,5.659190625,0,wk,Summer
6/29/2012 0:00,9.917778888,5.110305915,88,10.10704948,5.659190625,0,wk,Summer
6/30/2012 0:00,10.10704948,1.892705895,84,1.816997659,5.659190625,0,wknd,Summer
7/1/2012 0:00,1.816997659,1.892705895,81.5,1.135623537,77.26025462,0,wknd,Summer
7/2/2012 0:00,1.135623537,6.245929452,86.5,6.586616513,77.26025462,0,wk,Summer
7/3/2012 0:00,6.586616513,5.186014151,85.5,4.731764736,77.26025462,0,wk,Summer
7/4/2012 0:00,4.731764736,2.195538838,88,1.324894126,77.26025462,0,wk,Summer
7/5/2012 0:00,1.324894126,9.917778888,87.5,4.31536944,77.26025462,0,wk,Summer
7/6/2012 0:00,4.31536944,10.10704948,87,4.656056501,77.26025462,0,wk,Summer
7/7/2012 0:00,4.656056501,1.816997659,87.5,2.422663545,77.26025462,0,wknd,Summer
7/8/2012 0:00,2.422663545,1.135623537,87,0.605665886,77.26025462,0,wknd,Summer
7/9/2012 0:00,0.605665886,6.586616513,85.5,4.163952968,77.26025462,0,wk,Summer
7/10/2012 0:00,4.163952968,4.731764736,81.5,4.807472972,77.26025462,0,wk,Summer
7/11/2012 0:00,4.807472972,1.324894126,80,5.715971802,77.26025462,0,wk,Summer
7/12/2012 0:00,5.715971802,4.31536944,84.5,8.895717704,77.26025462,0,wk,Summer
7/13/2012 0:00,8.895717704,4.656056501,85.5,58.90100744,77.26025462,0,wk,Summer
7/14/2012 0:00,58.90100744,2.422663545,83,75.44325696,77.26025462,0,wknd,Summer
7/15/2012 0:00,75.44325696,0.605665886,80.5,77.26025462,77.26025462,0,wknd,Summer
7/16/2012 0:00,77.26025462,4.163952968,81,101.2219112,77.26025462,0,wk,Summer
7/17/2012 0:00,101.2219112,4.807472972,83,117.3856196,77.26025462,0,wk,Summer
7/18/2012 0:00,117.3856196,5.715971802,84,98.49641475,77.26025462,0,wk,Summer
7/19/2012 0:00,98.49641475,8.895717704,84.5,130.4074361,77.26025462,0,wk,Summer
7/20/2012 0:00,130.4074361,58.90100744,86.5,119.9975537,77.26025462,0,wk,Summer
7/21/2012 0:00,119.9975537,75.44325696,87.5,81.61347817,77.26025462,0,wknd,Summer
7/22/2012 0:00,81.61347817,77.26025462,84.5,80.4021464,77.26025462,0,wknd,Summer
7/23/2012 0:00,80.4021464,101.2219112,85.5,97.24722886,77.26025462,0,wk,Summer
7/24/2012 0:00,97.24722886,117.3856196,86.5,104.1366783,77.26025462,0,wk,Summer
7/25/2012 0:00,104.1366783,98.49641475,86,86.19382644,77.26025462,0,wk,Summer
7/26/2012 0:00,86.19382644,130.4074361,86.5,106.9757372,77.26025462,0,wk,Summer
7/27/2012 0:00,106.9757372,119.9975537,87,113.5623537,77.26025462,0,wk,Summer
7/28/2012 0:00,113.5623537,81.61347817,86,84.49039113,77.26025462,0,wknd,Summer
7/29/2012 0:00,84.49039113,80.4021464,87,72.03638635,77.26025462,0,wknd,Summer
7/30/2012 0:00,72.03638635,97.24722886,86.5,95.69521003,77.26025462,0,wk,Summer
7/31/2012 0:00,95.69521003,104.1366783,88,89.4871347,77.26025462,0,wk,Summer
8/1/2012 0:00,89.4871347,86.19382644,88.5,83.65760054,102.736076,0,wk,Summer
8/2/2012 0:00,83.65760054,106.9757372,88,90.84988294,102.736076,0,wk,Summer
8/3/2012 0:00,90.84988294,113.5623537,88,106.3322172,102.736076,0,wk,Summer
8/4/2012 0:00,106.3322172,84.49039113,88,94.44602414,102.736076,0,wknd,Summer
8/5/2012 0:00,94.44602414,72.03638635,86,79.26652286,102.736076,0,wknd,Summer
8/6/2012 0:00,79.26652286,95.69521003,85,110.1554831,102.736076,0,wk,Summer
8/7/2012 0:00,110.1554831,89.4871347,89,113.8651866,102.736076,0,wk,Summer
8/8/2012 0:00,113.8651866,83.65760054,88.5,111.7832101,102.736076,0,wk,Summer
8/9/2012 0:00,111.7832101,90.84988294,90,95.96018885,102.736076,0,wk,Summer
8/10/2012 0:00,95.96018885,106.3322172,92,105.9915301,102.736076,0,wk,Summer
8/11/2012 0:00,105.9915301,94.44602414,88.5,77.6387958,102.736076,0,wknd,Summer
8/12/2012 0:00,77.6387958,79.26652286,89.5,95.77091827,102.736076,0,wknd,Summer
8/13/2012 0:00,95.77091827,110.1554831,91,110.1933372,102.736076,0,wk,Summer
8/14/2012 0:00,110.1933372,113.8651866,90,85.81528526,102.736076,0,wk,Summer
8/15/2012 0:00,85.81528526,111.7832101,90,110.9125654,102.736076,0,wk,Summer
8/16/2012 0:00,110.9125654,95.96018885,89,115.9850172,102.736076,0,wk,Summer
8/17/2012 0:00,115.9850172,105.9915301,90,89.90352999,102.736076,0,wk,Summer
8/18/2012 0:00,89.90352999,77.6387958,80,34.29583081,102.736076,0,wknd,Summer
8/19/2012 0:00,34.29583081,95.77091827,80,42.24519557,102.736076,0,wknd,Summer
8/20/2012 0:00,42.24519557,110.1933372,83.5,86.49665938,102.736076,0,wk,Summer
8/21/2012 0:00,86.49665938,85.81528526,82.5,104.1745324,102.736076,0,wk,Summer
8/22/2012 0:00,104.1745324,110.9125654,81.5,102.736076,102.736076,0,wk,Summer
8/23/2012 0:00,102.736076,115.9850172,83,97.36079122,102.736076,0,wk,Summer
8/24/2012 0:00,97.36079122,89.90352999,85.5,103.6067207,102.736076,0,wk,Summer
8/25/2012 0:00,103.6067207,34.29583081,87.5,82.9383723,102.736076,0,wknd,Summer
8/26/2012 0:00,82.9383723,42.24519557,87,111.9724807,102.736076,0,wknd,Summer
8/27/2012 0:00,111.9724807,86.49665938,86,138.0918221,102.736076,0,wk,Summer
8/28/2012 0:00,138.0918221,104.1745324,87.5,136.3126785,102.736076,1,wk,Summer
8/29/2012 0:00,136.3126785,102.736076,88.5,NaN,102.736076,1,wk,Summer
8/30/2012 0:00,NaN,97.36079122,90.5,NaN,102.736076,1,wk,Summer
8/31/2012 0:00,NaN,103.6067207,86.5,168.4886787,102.736076,1,wk,Summer
9/1/2012 0:00,168.4886787,82.9383723,89.5,79.49364757,116.249996,1,wknd,Fall
9/2/2012 0:00,79.49364757,111.9724807,87.5,99.59418417,116.249996,1,wknd,Fall
9/3/2012 0:00,99.59418417,138.0918221,88,132.943662,116.249996,1,wk,Fall
9/4/2012 0:00,132.943662,136.3126785,89.5,NaN,116.249996,1,wk,Fall
9/5/2012 0:00,NaN,NaN,89.5,NaN,116.249996,1,wk,Fall
9/6/2012 0:00,NaN,NaN,88,NaN,116.249996,1,wk,Fall
9/7/2012 0:00,NaN,168.4886787,89,178.4443117,116.249996,1,wk,Fall
9/8/2012 0:00,178.4443117,79.49364757,81,85.62601467,116.249996,1,wknd,Fall
9/9/2012 0:00,85.62601467,99.59418417,80,117.1584949,116.249996,1,wknd,Fall
9/10/2012 0:00,117.1584949,132.943662,78,NaN,116.249996,1,wk,Fall
9/11/2012 0:00,NaN,NaN,78.5,NaN,116.249996,1,wk,Fall
9/12/2012 0:00,NaN,NaN,87,NaN,116.249996,1,wk,Fall
9/13/2012 0:00,NaN,NaN,79,NaN,116.249996,1,wk,Fall
9/14/2012 0:00,NaN,178.4443117,69,122.3823631,116.249996,1,wk,Fall
9/15/2012 0:00,122.3823631,85.62601467,73.5,75.93536049,116.249996,1,wknd,Fall
9/16/2012 0:00,75.93536049,117.1584949,69,116.249996,116.249996,1,wknd,Fall
9/17/2012 0:00,116.249996,NaN,75,NaN,116.249996,1,wk,Fall
9/18/2012 0:00,NaN,NaN,76.5,NaN,116.249996,1,wk,Fall
9/19/2012 0:00,NaN,NaN,74.5,NaN,116.249996,1,wk,Fall
9/20/2012 0:00,NaN,NaN,76.5,NaN,116.249996,1,wk,Fall
9/21/2012 0:00,NaN,122.3823631,76.5,161.2206881,116.249996,1,wk,Fall
9/22/2012 0:00,161.2206881,75.93536049,76.5,82.06772759,116.249996,1,wknd,Fall
9/23/2012 0:00,82.06772759,116.249996,79.5,119.4297419,116.249996,1,wknd,Fall
9/24/2012 0:00,119.4297419,NaN,80.5,NaN,116.249996,1,wk,Fall
9/25/2012 0:00,NaN,NaN,81.5,NaN,116.249996,1,wk,Fall
9/26/2012 0:00,NaN,NaN,82,NaN,116.249996,1,wk,Fall
9/27/2012 0:00,NaN,NaN,79.5,NaN,116.249996,1,wk,Fall
9/28/2012 0:00,NaN,161.2206881,79,176.3244811,116.249996,1,wk,Fall
9/29/2012 0:00,176.3244811,82.06772759,74.5,75.78394402,116.249996,1,wknd,Fall
9/30/2012 0:00,75.78394402,119.4297419,71.5,109.814796,116.249996,1,wknd,Fall
10/1/2012 0:00,109.814796,NaN,72.5,NaN,112.5213654,1,wk,Fall
10/2/2012 0:00,NaN,NaN,71.5,NaN,112.5213654,1,wk,Fall
10/3/2012 0:00,NaN,NaN,70.5,NaN,112.5213654,1,wk,Fall
10/4/2012 0:00,NaN,NaN,78.5,NaN,112.5213654,1,wk,Fall
10/5/2012 0:00,NaN,176.3244811,80,170.9870505,112.5213654,1,wk,Fall
10/6/2012 0:00,170.9870505,75.78394402,63.5,94.06748296,112.5213654,1,wknd,Fall
10/7/2012 0:00,94.06748296,109.814796,54,126.0920667,112.5213654,1,wknd,Fall
10/8/2012 0:00,126.0920667,NaN,60,NaN,112.5213654,1,wk,Fall
10/9/2012 0:00,NaN,NaN,69.5,NaN,112.5213654,1,wk,Fall
10/10/2012 0:00,NaN,NaN,79.5,NaN,112.5213654,1,wk,Fall
10/11/2012 0:00,NaN,NaN,78,NaN,112.5213654,1,wk,Fall
10/12/2012 0:00,NaN,170.9870505,80,156.6024857,112.5213654,1,wk,Fall
10/13/2012 0:00,156.6024857,94.06748296,78.5,67.22891337,112.5213654,1,wknd,Fall
10/14/2012 0:00,67.22891337,126.0920667,76,103.8716995,112.5213654,1,wknd,Fall
10/15/2012 0:00,103.8716995,NaN,69.5,NaN,112.5213654,1,wk,Fall
10/16/2012 0:00,NaN,NaN,66.5,NaN,112.5213654,1,wk,Fall
10/17/2012 0:00,NaN,NaN,77,NaN,112.5213654,1,wk,Fall
10/18/2012 0:00,NaN,NaN,67,NaN,112.5213654,1,wk,Fall
10/19/2012 0:00,NaN,156.6024857,66.5,163.4919352,112.5213654,1,wk,Fall
10/20/2012 0:00,163.4919352,67.22891337,71,81.34849935,112.5213654,1,wknd,Fall
10/21/2012 0:00,81.34849935,103.8716995,82.5,106.6729042,112.5213654,1,wknd,Fall
10/22/2012 0:00,106.6729042,NaN,80.5,NaN,112.5213654,1,wk,Fall
10/23/2012 0:00,NaN,NaN,78,NaN,112.5213654,1,wk,Fall
10/24/2012 0:00,NaN,NaN,77,NaN,112.5213654,1,wk,Fall
10/25/2012 0:00,NaN,NaN,75.5,NaN,112.5213654,1,wk,Fall
10/26/2012 0:00,NaN,163.4919352,56.5,165.3089328,112.5213654,1,wk,Fall
10/27/2012 0:00,165.3089328,81.34849935,54,78.66085698,112.5213654,1,wknd,Fall
10/28/2012 0:00,78.66085698,106.6729042,55,118.3698266,112.5213654,1,wknd,Fall
10/29/2012 0:00,118.3698266,NaN,55,NaN,112.5213654,1,wk,Fall
10/30/2012 0:00,NaN,NaN,60.5,NaN,112.5213654,1,wk,Fall
10/31/2012 0:00,NaN,NaN,71,NaN,112.5213654,1,wk,Fall
11/1/2012 0:00,NaN,NaN,72.5,NaN,127.5305232,1,wk,Fall
11/2/2012 0:00,NaN,165.3089328,73,165.5360575,127.5305232,1,wk,Fall
11/3/2012 0:00,165.5360575,78.66085698,75,77.52523344,127.5305232,1,wknd,Fall
11/4/2012 0:00,77.52523344,118.3698266,70.5,120.716782,127.5305232,1,wknd,Fall
11/5/2012 0:00,120.716782,NaN,72,NaN,127.5305232,1,wk,Fall
11/6/2012 0:00,NaN,NaN,64.5,NaN,127.5305232,1,wk,Fall
11/7/2012 0:00,NaN,NaN,67,176.286627,127.5305232,1,wk,Fall
11/8/2012 0:00,176.286627,NaN,70,182.5704106,127.5305232,1,wk,Fall
11/9/2012 0:00,182.5704106,165.5360575,73.5,146.7604151,127.5305232,1,wk,Fall
11/10/2012 0:00,146.7604151,77.52523344,74,46.44700265,127.5305232,1,wknd,Fall
11/11/2012 0:00,46.44700265,120.716782,73.5,81.80274876,127.5305232,1,wknd,Fall
11/12/2012 0:00,81.80274876,NaN,54,181.3212247,127.5305232,1,wk,Fall
11/13/2012 0:00,181.3212247,NaN,47.5,170.1542599,127.5305232,1,wk,Fall
11/14/2012 0:00,170.1542599,176.286627,57,171.8576952,127.5305232,1,wk,Fall
11/15/2012 0:00,171.8576952,182.5704106,53,163.113394,127.5305232,1,wk,Fall
11/16/2012 0:00,163.113394,146.7604151,58,132.4515585,127.5305232,1,wk,Fall
11/17/2012 0:00,132.4515585,46.44700265,54,46.71198148,127.5305232,1,wknd,Fall
11/18/2012 0:00,46.71198148,81.80274876,60.5,86.19382644,127.5305232,1,wknd,Fall
11/19/2012 0:00,86.19382644,181.3212247,66.5,167.0880764,127.5305232,1,wk,Fall
11/20/2012 0:00,167.0880764,170.1542599,68,127.5305232,127.5305232,1,wk,Fall
11/21/2012 0:00,127.5305232,171.8576952,68.5,66.28256043,127.5305232,1,wk,Fall
11/22/2012 0:00,66.28256043,163.113394,67.5,12.11331773,127.5305232,0,wk,Fall
11/23/2012 0:00,12.11331773,132.4515585,64,10.75056948,127.5305232,0,wk,Fall
11/24/2012 0:00,10.75056948,46.71198148,56,9.425675355,127.5305232,0,wknd,Fall
11/25/2012 0:00,9.425675355,86.19382644,61.5,26.27075782,127.5305232,0,wknd,Fall
11/26/2012 0:00,26.27075782,167.0880764,72.5,128.3633138,127.5305232,1,wk,Fall
11/27/2012 0:00,128.3633138,127.5305232,50,121.9659678,127.5305232,1,wk,Fall
11/28/2012 0:00,121.9659678,66.28256043,53,131.4673514,127.5305232,1,wk,Fall
11/29/2012 0:00,131.4673514,12.11331773,57.5,127.6440855,127.5305232,1,wk,Fall
11/30/2012 0:00,127.6440855,10.75056948,70.5,107.3542783,127.5305232,1,wk,Fall
12/1/2012 0:00,107.3542783,9.425675355,75,52.57936975,56.17551095,1,wknd,Winter
12/2/2012 0:00,52.57936975,26.27075782,74,80.13716758,56.17551095,1,wknd,Winter
12/3/2012 0:00,80.13716758,128.3633138,72.5,125.3349843,56.17551095,1,wk,Winter
12/4/2012 0:00,125.3349843,121.9659678,68,123.934382,56.17551095,1,wk,Winter
12/5/2012 0:00,123.934382,131.4673514,62,124.6157561,56.17551095,1,wk,Winter
12/6/2012 0:00,124.6157561,127.6440855,61.5,127.2655444,56.17551095,1,wk,Winter
12/7/2012 0:00,127.2655444,107.3542783,68,101.2976195,56.17551095,1,wk,Winter
12/8/2012 0:00,101.2976195,52.57936975,72,48.71824973,56.17551095,1,wknd,Winter
12/9/2012 0:00,48.71824973,80.13716758,67.5,74.2697793,56.17551095,1,wknd,Winter
12/10/2012 0:00,74.2697793,125.3349843,45.5,94.74885708,56.17551095,1,wk,Winter
12/11/2012 0:00,94.74885708,123.934382,43,106.5593419,56.17551095,1,wk,Winter
12/12/2012 0:00,106.5593419,124.6157561,46,114.2437278,56.17551095,1,wk,Winter
12/13/2012 0:00,114.2437278,127.2655444,52,121.360302,56.17551095,1,wk,Winter
12/14/2012 0:00,121.360302,101.2976195,63.5,96.75512533,56.17551095,1,wk,Winter
12/15/2012 0:00,96.75512533,48.71824973,67,56.17551095,56.17551095,1,wknd,Winter
12/16/2012 0:00,56.17551095,74.2697793,62.5,66.09328984,56.17551095,1,wknd,Winter
12/17/2012 0:00,66.09328984,94.74885708,58,82.86266406,56.17551095,1,wk,Winter
12/18/2012 0:00,82.86266406,106.5593419,61,70.63578399,56.17551095,1,wk,Winter
12/19/2012 0:00,70.63578399,114.2437278,74.5,34.37153905,56.17551095,0,wk,Winter
12/20/2012 0:00,34.37153905,121.360302,53,11.05340242,56.17551095,0,wk,Winter
12/21/2012 0:00,11.05340242,96.75512533,48.5,8.2521977,56.17551095,0,wk,Winter
12/22/2012 0:00,8.2521977,56.17551095,52,6.889449456,56.17551095,0,wknd,Winter
12/23/2012 0:00,6.889449456,66.09328984,65.5,5.148160033,56.17551095,0,wknd,Winter
12/24/2012 0:00,5.148160033,82.86266406,58,5.186014151,56.17551095,0,wk,Winter
12/25/2012 0:00,5.186014151,70.63578399,49.5,4.201807086,56.17551095,0,wk,Winter
12/26/2012 0:00,4.201807086,34.37153905,36,5.299576505,56.17551095,0,wk,Winter
12/27/2012 0:00,5.299576505,11.05340242,37.5,5.905242391,56.17551095,0,wk,Winter
12/28/2012 0:00,5.905242391,8.2521977,50,7.419407107,56.17551095,0,wk,Winter
12/29/2012 0:00,7.419407107,6.889449456,42.5,5.829534155,56.17551095,0,wknd,Winter
12/30/2012 0:00,5.829534155,5.148160033,40,5.488847094,56.17551095,0,wknd,Winter
12/31/2012 0:00,5.488847094,5.186014151,52,5.148160033,56.17551095,0,wk,Winter
1/1/2013 0:00,5.148160033,4.201807086,47,3.520432964,63.93560512,0,wk,Winter
1/2/2013 0:00,3.520432964,5.299576505,39.5,14.15744009,63.93560512,0,wk,Winter
1/3/2013 0:00,14.15744009,5.905242391,39,14.08173186,63.93560512,0,wk,Winter
1/4/2013 0:00,14.08173186,7.419407107,41,26.00577899,63.93560512,0,wk,Winter
1/5/2013 0:00,26.00577899,5.829534155,47,6.208075334,63.93560512,0,wknd,Winter
1/6/2013 0:00,6.208075334,5.488847094,47.5,5.299576505,63.93560512,0,wknd,Winter
1/7/2013 0:00,5.299576505,5.148160033,44,35.84784964,63.93560512,0,wk,Winter
1/8/2013 0:00,35.84784964,3.520432964,50,38.83832496,63.93560512,0,wk,Winter
1/9/2013 0:00,38.83832496,14.15744009,55,39.06544966,63.93560512,0,wk,Winter
1/10/2013 0:00,39.06544966,14.08173186,55.5,38.53549201,63.93560512,0,wk,Winter
1/11/2013 0:00,38.53549201,26.00577899,60.5,49.24820738,63.93560512,0,wk,Winter
1/12/2013 0:00,49.24820738,6.208075334,61,40.23892732,63.93560512,0,wknd,Winter
1/13/2013 0:00,40.23892732,5.299576505,45.5,63.93560512,63.93560512,0,wknd,Winter
1/14/2013 0:00,63.93560512,35.84784964,43,107.2028619,63.93560512,1,wk,Winter
1/15/2013 0:00,107.2028619,38.83832496,38.5,113.7516243,63.93560512,1,wk,Winter
1/16/2013 0:00,113.7516243,39.06544966,42,113.1081043,63.93560512,1,wk,Winter
1/17/2013 0:00,113.1081043,38.53549201,52,112.3510219,63.93560512,1,wk,Winter
1/18/2013 0:00,112.3510219,49.24820738,50,87.21588762,63.93560512,1,wk,Winter
1/19/2013 0:00,87.21588762,40.23892732,55,40.6174685,63.93560512,1,wknd,Winter
1/20/2013 0:00,40.6174685,63.93560512,58.5,55.0020333,63.93560512,1,wknd,Winter
1/21/2013 0:00,55.0020333,107.2028619,60.5,82.40841465,63.93560512,1,wk,Winter
1/22/2013 0:00,82.40841465,113.7516243,57,126.6220243,63.93560512,1,wk,Winter
1/23/2013 0:00,126.6220243,113.1081043,64,137.751135,63.93560512,1,wk,Winter
1/24/2013 0:00,137.751135,112.3510219,69.5,125.4485467,63.93560512,1,wk,Winter
1/25/2013 0:00,125.4485467,87.21588762,68,106.8243207,63.93560512,1,wk,Winter
1/26/2013 0:00,106.8243207,40.6174685,59,44.25146381,63.93560512,1,wknd,Winter
1/27/2013 0:00,44.25146381,55.0020333,69.5,71.12788752,63.93560512,1,wknd,Winter
1/28/2013 0:00,71.12788752,82.40841465,73,147.6689139,63.93560512,1,wk,Winter
1/29/2013 0:00,147.6689139,126.6220243,70.5,144.9055633,63.93560512,1,wk,Winter
1/30/2013 0:00,144.9055633,137.751135,48.5,147.7446221,63.93560512,1,wk,Winter
1/31/2013 0:00,147.7446221,125.4485467,51,146.8739774,63.93560512,1,wk,Winter
2/1/2013 0:00,146.8739774,106.8243207,59,119.6947208,147.687841,1,wk,Winter
2/2/2013 0:00,119.6947208,44.25146381,61,44.63000499,147.687841,1,wknd,Winter
2/3/2013 0:00,44.63000499,71.12788752,58.5,67.68316279,147.687841,1,wknd,Winter
2/4/2013 0:00,67.68316279,147.6689139,66.5,150.3944104,147.687841,1,wk,Winter
2/5/2013 0:00,150.3944104,144.9055633,66.5,159.1008575,147.687841,1,wk,Winter
2/6/2013 0:00,159.1008575,147.7446221,68,163.3783728,147.687841,1,wk,Winter
2/7/2013 0:00,163.3783728,146.8739774,72.5,153.9526975,147.687841,1,wk,Winter
2/8/2013 0:00,153.9526975,119.6947208,60.5,127.1898361,147.687841,1,wk,Winter
2/9/2013 0:00,127.1898361,44.63000499,61,46.44700265,147.687841,1,wknd,Winter
2/10/2013 0:00,46.44700265,67.68316279,62,66.81251808,147.687841,1,wknd,Winter
2/11/2013 0:00,66.81251808,150.3944104,54,161.5613752,147.687841,1,wk,Winter
2/12/2013 0:00,161.5613752,159.1008575,60.5,145.3976668,147.687841,1,wk,Winter
2/13/2013 0:00,145.3976668,163.3783728,52,154.0284057,147.687841,1,wk,Winter
2/14/2013 0:00,154.0284057,153.9526975,54.5,151.870721,147.687841,1,wk,Winter
2/15/2013 0:00,151.870721,127.1898361,53,127.6819396,147.687841,1,wk,Winter
2/16/2013 0:00,127.6819396,46.44700265,50.5,47.50691795,147.687841,1,wknd,Winter
2/17/2013 0:00,47.50691795,66.81251808,55.5,88.91932293,147.687841,1,wknd,Winter
2/18/2013 0:00,88.91932293,161.5613752,70.5,167.6558881,147.687841,1,wk,Winter
2/19/2013 0:00,167.6558881,145.3976668,58,161.9020622,147.687841,1,wk,Winter
2/20/2013 0:00,161.9020622,154.0284057,58,149.9780151,147.687841,1,wk,Winter
2/21/2013 0:00,149.9780151,151.870721,65.5,160.0472104,147.687841,1,wk,Winter
2/22/2013 0:00,160.0472104,127.6819396,51.5,123.2151537,147.687841,1,wk,Winter
2/23/2013 0:00,123.2151537,47.50691795,56.5,60.18804745,147.687841,1,wknd,Winter
2/24/2013 0:00,60.18804745,88.91932293,57.5,79.79648051,147.687841,1,wknd,Winter
2/25/2013 0:00,79.79648051,167.6558881,56,154.8611963,147.687841,1,wk,Winter
2/26/2013 0:00,154.8611963,161.9020622,54.5,160.9178552,147.687841,1,wk,Winter
2/27/2013 0:00,160.9178552,149.9780151,55.5,157.6245469,147.687841,1,wk,Winter
2/28/2013 0:00,157.6245469,160.0472104,52,139.1517374,147.687841,1,wk,Winter
3/1/2013 0:00,139.1517374,123.2151537,53.5,114.5844149,95.96018885,1,wk,Spring
3/2/2013 0:00,114.5844149,60.18804745,51.5,103.4931583,95.96018885,1,wknd,Spring
3/3/2013 0:00,103.4931583,79.79648051,58,95.96018885,95.96018885,1,wknd,Spring
3/4/2013 0:00,95.96018885,154.8611963,72,165.1575164,95.96018885,1,wk,Spring
3/5/2013 0:00,165.1575164,160.9178552,57,149.1452245,95.96018885,1,wk,Spring
3/6/2013 0:00,149.1452245,157.6245469,53,158.1923587,95.96018885,1,wk,Spring
3/7/2013 0:00,158.1923587,139.1517374,58.5,137.6375727,95.96018885,1,wk,Spring
3/8/2013 0:00,137.6375727,114.5844149,62,81.34849935,95.96018885,1,wk,Spring
3/9/2013 0:00,81.34849935,103.4931583,67.5,13.13537891,95.96018885,0,wknd,Spring
3/10/2013 0:00,13.13537891,95.96018885,56.5,7.835802404,95.96018885,0,wknd,Spring
3/11/2013 0:00,7.835802404,165.1575164,53.5,20.36551543,95.96018885,0,wk,Spring
3/12/2013 0:00,20.36551543,149.1452245,61,31.11608491,95.96018885,0,wk,Spring
3/13/2013 0:00,31.11608491,158.1923587,62.5,31.91102138,95.96018885,0,wk,Spring
3/14/2013 0:00,31.91102138,137.6375727,64.5,37.58913907,95.96018885,0,wk,Spring
3/15/2013 0:00,37.58913907,81.34849935,67.5,37.70270142,95.96018885,0,wk,Spring
3/16/2013 0:00,37.70270142,13.13537891,72.5,13.51392009,95.96018885,0,wknd,Spring
3/17/2013 0:00,13.51392009,7.835802404,75,30.96466844,95.96018885,0,wknd,Spring
3/18/2013 0:00,30.96466844,20.36551543,76,155.8454034,95.96018885,1,wk,Spring
3/19/2013 0:00,155.8454034,31.11608491,68,168.1101376,95.96018885,1,wk,Spring
3/20/2013 0:00,168.1101376,31.91102138,63,163.6433516,95.96018885,1,wk,Spring
3/21/2013 0:00,163.6433516,37.58913907,67,179.6934976,95.96018885,1,wk,Spring
3/22/2013 0:00,179.6934976,37.70270142,70,130.8995397,95.96018885,1,wk,Spring
3/23/2013 0:00,130.8995397,13.51392009,66,53.90426388,95.96018885,1,wknd,Spring
3/24/2013 0:00,53.90426388,30.96466844,52,92.43975589,95.96018885,1,wknd,Spring
3/25/2013 0:00,92.43975589,155.8454034,49.5,156.4132151,95.96018885,1,wk,Spring
3/26/2013 0:00,156.4132151,168.1101376,50,174.999587,95.96018885,1,wk,Spring
3/27/2013 0:00,174.999587,163.6433516,55.5,155.8075492,95.96018885,1,wk,Spring
3/28/2013 0:00,155.8075492,179.6934976,65.5,183.3653471,95.96018885,1,wk,Spring
3/29/2013 0:00,183.3653471,130.8995397,70,92.62902648,95.96018885,1,wk,Spring
3/30/2013 0:00,92.62902648,53.90426388,75.5,47.77189678,95.96018885,1,wknd,Spring
3/31/2013 0:00,47.77189678,92.43975589,72.5,92.02336059,95.96018885,1,wknd,Spring
4/1/2013 0:00,92.02336059,156.4132151,73.5,182.3054318,150.2051398,1,wk,Spring
4/2/2013 0:00,182.3054318,174.999587,64.5,172.425507,150.2051398,1,wk,Spring
4/3/2013 0:00,172.425507,155.8075492,53,142.1800668,150.2051398,1,wk,Spring
4/4/2013 0:00,142.1800668,183.3653471,54,150.2051398,150.2051398,1,wk,Spring
4/5/2013 0:00,150.2051398,92.62902648,56.5,129.6124997,150.2051398,1,wk,Spring
4/6/2013 0:00,129.6124997,47.77189678,67.5,46.21987795,150.2051398,1,wknd,Spring
4/7/2013 0:00,46.21987795,92.02336059,73.5,78.96368992,150.2051398,1,wknd,Spring
4/8/2013 0:00,78.96368992,182.3054318,72,168.1858458,150.2051398,1,wk,Spring
4/9/2013 0:00,168.1858458,172.425507,78,165.7631822,150.2051398,1,wk,Spring
4/10/2013 0:00,165.7631822,142.1800668,59.5,175.0374411,150.2051398,1,wk,Spring
4/11/2013 0:00,175.0374411,150.2051398,55.5,145.132688,150.2051398,1,wk,Spring
4/12/2013 0:00,145.132688,129.6124997,62.5,119.9596996,150.2051398,1,wk,Spring
4/13/2013 0:00,119.9596996,46.21987795,66,46.03060736,150.2051398,1,wknd,Spring
4/14/2013 0:00,46.03060736,78.96368992,72.5,80.13716758,150.2051398,1,wknd,Spring
4/15/2013 0:00,80.13716758,168.1858458,79,NaN,150.2051398,1,wk,Spring
4/16/2013 0:00,NaN,165.7631822,77.5,183.3653471,150.2051398,1,wk,Spring
4/17/2013 0:00,183.3653471,175.0374411,79,179.2392482,150.2051398,1,wk,Spring
4/18/2013 0:00,179.2392482,145.132688,62.5,153.801281,150.2051398,1,wk,Spring
4/19/2013 0:00,153.801281,119.9596996,57,103.0010548,150.2051398,1,wk,Spring
4/20/2013 0:00,103.0010548,46.03060736,57,48.41541678,150.2051398,1,wknd,Spring
4/21/2013 0:00,48.41541678,80.13716758,64,75.85965225,150.2051398,1,wknd,Spring
4/22/2013 0:00,75.85965225,NaN,70.5,166.974514,150.2051398,1,wk,Spring
4/23/2013 0:00,166.974514,183.3653471,64,162.0156246,150.2051398,1,wk,Spring
4/24/2013 0:00,162.0156246,179.2392482,55,162.3563116,150.2051398,1,wk,Spring
4/25/2013 0:00,162.3563116,153.801281,63,161.2585422,150.2051398,1,wk,Spring
4/26/2013 0:00,161.2585422,103.0010548,69.5,121.6252808,150.2051398,1,wk,Spring
4/27/2013 0:00,121.6252808,48.41541678,77,47.99902149,150.2051398,1,wknd,Spring
4/28/2013 0:00,47.99902149,75.85965225,74.5,79.9857511,150.2051398,1,wknd,Spring
4/29/2013 0:00,79.9857511,166.974514,76.5,176.7787306,150.2051398,1,wk,Spring
4/30/2013 0:00,176.7787306,162.0156246,74,160.6150222,150.2051398,1,wk,Spring
5/1/2013 0:00,160.6150222,162.3563116,78.5,163.8326222,55.03988741,1,wk,Spring
5/2/2013 0:00,163.8326222,161.2585422,61.5,181.0941,55.03988741,1,wk,Spring
5/3/2013 0:00,181.0941,121.6252808,57.5,125.4485467,55.03988741,1,wk,Spring
5/4/2013 0:00,125.4485467,47.99902149,65.5,52.50366152,55.03988741,1,wknd,Spring
5/5/2013 0:00,52.50366152,79.9857511,65,68.51595338,55.03988741,1,wknd,Spring
5/6/2013 0:00,68.51595338,176.7787306,63,156.5646316,55.03988741,1,wk,Spring
5/7/2013 0:00,156.5646316,160.6150222,69,129.4610832,55.03988741,1,wk,Spring
5/8/2013 0:00,129.4610832,163.8326222,75.5,141.0822974,55.03988741,1,wk,Spring
5/9/2013 0:00,141.0822974,181.0941,72,142.8235868,55.03988741,1,wk,Spring
5/10/2013 0:00,142.8235868,125.4485467,75,118.1048478,55.03988741,1,wk,Spring
5/11/2013 0:00,118.1048478,52.50366152,72.5,55.03988741,55.03988741,1,wknd,Spring
5/12/2013 0:00,55.03988741,68.51595338,71.5,54.47207565,55.03988741,1,wknd,Spring
5/13/2013 0:00,54.47207565,156.5646316,70,105.650843,55.03988741,1,wk,Spring
5/14/2013 0:00,105.650843,129.4610832,74,81.76489465,55.03988741,1,wk,Spring
5/15/2013 0:00,81.76489465,141.0822974,77,49.77816503,55.03988741,0,wk,Spring
5/16/2013 0:00,49.77816503,142.8235868,82,46.21987795,55.03988741,0,wk,Spring
5/17/2013 0:00,46.21987795,118.1048478,85,73.05844753,55.03988741,0,wk,Spring
5/18/2013 0:00,73.05844753,55.03988741,84,70.10582633,55.03988741,0,wknd,Spring
5/19/2013 0:00,70.10582633,54.47207565,83.5,66.47183102,55.03988741,0,wknd,Spring
5/20/2013 0:00,66.47183102,105.650843,83.5,64.04916747,55.03988741,0,wk,Spring
5/21/2013 0:00,64.04916747,81.76489465,79.5,49.74031091,55.03988741,0,wk,Spring
5/22/2013 0:00,49.74031091,49.77816503,77.5,33.46304022,55.03988741,0,wk,Spring
5/23/2013 0:00,33.46304022,46.21987795,83,32.5923955,55.03988741,0,wk,Spring
5/24/2013 0:00,32.5923955,73.05844753,74.5,23.39384486,55.03988741,0,wk,Spring
5/25/2013 0:00,23.39384486,70.10582633,75.5,5.829534155,55.03988741,0,wknd,Spring
5/26/2013 0:00,5.829534155,66.47183102,79,5.337430623,55.03988741,0,wknd,Spring
5/27/2013 0:00,5.337430623,64.04916747,81,7.00301181,55.03988741,0,wk,Spring
5/28/2013 0:00,7.00301181,49.74031091,82.5,23.84809427,55.03988741,0,wk,Spring
5/29/2013 0:00,23.84809427,33.46304022,81.5,34.40939316,55.03988741,0,wk,Spring
5/30/2013 0:00,34.40939316,32.5923955,83,38.42192966,55.03988741,0,wk,Spring
5/31/2013 0:00,38.42192966,23.39384486,84.5,29.03410842,55.03988741,0,wk,Spring
6/1/2013 0:00,29.03410842,5.829534155,86,18.92705895,64.25736512,0,wknd,Summer
6/2/2013 0:00,18.92705895,5.337430623,78.5,21.08474367,64.25736512,0,wknd,Summer
6/3/2013 0:00,21.08474367,7.00301181,79,55.03988741,64.25736512,0,wk,Summer
6/4/2013 0:00,55.03988741,23.84809427,82,57.42469684,64.25736512,0,wk,Summer
6/5/2013 0:00,57.42469684,34.40939316,82,68.59166162,64.25736512,0,wk,Summer
6/6/2013 0:00,68.59166162,38.42192966,84.5,80.96995817,64.25736512,0,wk,Summer
6/7/2013 0:00,80.96995817,29.03410842,79,52.54151563,64.25736512,0,wk,Summer
6/8/2013 0:00,52.54151563,18.92705895,77.5,26.11934135,64.25736512,0,wknd,Summer
6/9/2013 0:00,26.11934135,21.08474367,79,50.49739327,64.25736512,0,wknd,Summer
6/10/2013 0:00,50.49739327,55.03988741,83.5,100.0105795,64.25736512,0,wk,Summer
6/11/2013 0:00,100.0105795,57.42469684,85.5,123.1772996,64.25736512,0,wk,Summer
6/12/2013 0:00,123.1772996,68.59166162,86,106.7107583,64.25736512,0,wk,Summer
6/13/2013 0:00,106.7107583,80.96995817,87,109.171276,64.25736512,0,wk,Summer
6/14/2013 0:00,109.171276,52.54151563,84,82.521977,64.25736512,0,wk,Summer
6/15/2013 0:00,82.521977,26.11934135,85,38.95188731,64.25736512,0,wknd,Summer
6/16/2013 0:00,38.95188731,50.49739327,87,42.47232027,64.25736512,0,wknd,Summer
6/17/2013 0:00,42.47232027,100.0105795,88,82.18128994,64.25736512,0,wk,Summer
6/18/2013 0:00,82.18128994,123.1772996,82.5,87.82155351,64.25736512,0,wk,Summer
6/19/2013 0:00,87.82155351,106.7107583,87,82.63553936,64.25736512,0,wk,Summer
6/20/2013 0:00,82.63553936,109.171276,87,70.82505457,64.25736512,0,wk,Summer
6/21/2013 0:00,70.82505457,82.521977,88,58.37104979,64.25736512,0,wk,Summer
6/22/2013 0:00,58.37104979,38.95188731,88,52.65507799,64.25736512,0,wknd,Summer
6/23/2013 0:00,52.65507799,42.47232027,88,57.87894626,64.25736512,0,wknd,Summer
6/24/2013 0:00,57.87894626,82.18128994,87.5,90.28207117,64.25736512,0,wk,Summer
6/25/2013 0:00,90.28207117,87.82155351,89.5,90.96344529,64.25736512,0,wk,Summer
6/26/2013 0:00,90.96344529,82.63553936,90,86.15597232,64.25736512,0,wk,Summer
6/27/2013 0:00,86.15597232,70.82505457,90,89.97923823,64.25736512,0,wk,Summer
6/28/2013 0:00,89.97923823,58.37104979,90.5,59.92306862,64.25736512,0,wk,Summer
6/29/2013 0:00,59.92306862,52.65507799,91.5,33.46304022,64.25736512,0,wknd,Summer
6/30/2013 0:00,33.46304022,57.87894626,84,25.32440487,64.25736512,0,wknd,Summer
7/1/2013 0:00,25.32440487,90.28207117,82,74.79973695,58.67388273,0,wk,Summer
7/2/2013 0:00,74.79973695,90.96344529,82,69.08376515,58.67388273,0,wk,Summer
7/3/2013 0:00,69.08376515,86.15597232,81.5,53.82855564,58.67388273,0,wk,Summer
7/4/2013 0:00,53.82855564,89.97923823,83,16.9207907,58.67388273,0,wk,Summer
7/5/2013 0:00,16.9207907,59.92306862,85.5,25.47582134,58.67388273,0,wk,Summer
7/6/2013 0:00,25.47582134,33.46304022,86,9.084988294,58.67388273,0,wknd,Summer
7/7/2013 0:00,9.084988294,25.32440487,89,32.40312491,58.67388273,0,wknd,Summer
7/8/2013 0:00,32.40312491,74.79973695,84,75.1025699,58.67388273,0,wk,Summer
7/9/2013 0:00,75.1025699,69.08376515,89,79.56935581,58.67388273,0,wk,Summer
7/10/2013 0:00,79.56935581,53.82855564,89,69.68943104,58.67388273,0,wk,Summer
7/11/2013 0:00,69.68943104,16.9207907,89,75.36754872,58.67388273,0,wk,Summer
7/12/2013 0:00,75.36754872,25.47582134,89,58.78744509,58.67388273,0,wk,Summer
7/13/2013 0:00,58.78744509,9.084988294,90.5,37.74055554,58.67388273,0,wknd,Summer
7/14/2013 0:00,37.74055554,32.40312491,86,35.16647552,58.67388273,0,wknd,Summer
7/15/2013 0:00,35.16647552,75.1025699,74,59.46881921,58.67388273,0,wk,Summer
7/16/2013 0:00,59.46881921,79.56935581,83,59.54452744,58.67388273,0,wk,Summer
7/17/2013 0:00,59.54452744,69.68943104,82.5,58.67388273,58.67388273,0,wk,Summer
7/18/2013 0:00,58.67388273,75.36754872,84,81.878457,58.67388273,0,wk,Summer
7/19/2013 0:00,81.878457,58.78744509,84,69.76513927,58.67388273,0,wk,Summer
7/20/2013 0:00,69.76513927,37.74055554,85.5,44.81927558,58.67388273,0,wknd,Summer
7/21/2013 0:00,44.81927558,35.16647552,85.5,42.54802851,58.67388273,0,wknd,Summer
7/22/2013 0:00,42.54802851,59.46881921,88.5,77.18454638,58.67388273,0,wk,Summer
7/23/2013 0:00,77.18454638,59.54452744,88.5,79.15296051,58.67388273,0,wk,Summer
7/24/2013 0:00,79.15296051,58.67388273,87,56.51619801,58.67388273,0,wk,Summer
7/25/2013 0:00,56.51619801,81.878457,88,71.88496988,58.67388273,0,wk,Summer
7/26/2013 0:00,71.88496988,69.76513927,87,60.79371333,58.67388273,0,wk,Summer
7/27/2013 0:00,60.79371333,44.81927558,82,41.82880027,58.67388273,0,wknd,Summer
7/28/2013 0:00,41.82880027,42.54802851,87,30.77539785,58.67388273,0,wknd,Summer
7/29/2013 0:00,30.77539785,77.18454638,89.5,55.79696977,58.67388273,0,wk,Summer
7/30/2013 0:00,55.79696977,79.15296051,89,58.44675802,58.67388273,0,wk,Summer
7/31/2013 0:00,58.44675802,56.51619801,88.5,50.9894968,58.67388273,0,wk,Summer
8/1/2013 0:00,50.9894968,71.88496988,90,66.20685219,45.917045,0,wk,Summer
8/2/2013 0:00,66.20685219,60.79371333,90,50.30812268,45.917045,0,wk,Summer
8/3/2013 0:00,50.30812268,41.82880027,89.5,24.03736486,45.917045,0,wknd,Summer
8/4/2013 0:00,24.03736486,30.77539785,89.5,20.93332719,45.917045,0,wknd,Summer
8/5/2013 0:00,20.93332719,55.79696977,90,7.873656521,45.917045,0,wk,Summer
8/6/2013 0:00,7.873656521,58.44675802,91,25.21084252,45.917045,0,wk,Summer
8/7/2013 0:00,25.21084252,50.9894968,92.5,42.96442381,45.917045,0,wk,Summer
8/8/2013 0:00,42.96442381,66.20685219,91.5,60.52873451,45.917045,0,wk,Summer
8/9/2013 0:00,60.52873451,50.30812268,90,36.30209906,45.917045,0,wk,Summer
8/10/2013 0:00,36.30209906,24.03736486,91.5,25.58938369,45.917045,0,wknd,Summer
8/11/2013 0:00,25.58938369,20.93332719,89,23.31813662,45.917045,0,wknd,Summer
8/12/2013 0:00,23.31813662,7.873656521,88,43.1536944,45.917045,0,wk,Summer
8/13/2013 0:00,43.1536944,25.21084252,90.5,48.79395796,45.917045,0,wk,Summer
8/14/2013 0:00,48.79395796,42.96442381,92,36.94561906,45.917045,0,wk,Summer
8/15/2013 0:00,36.94561906,60.52873451,85.5,45.917045,45.917045,0,wk,Summer
8/16/2013 0:00,45.917045,36.30209906,85,43.45652734,45.917045,0,wk,Summer
8/17/2013 0:00,43.45652734,25.58938369,84.5,26.61144488,45.917045,0,wknd,Summer
8/18/2013 0:00,26.61144488,23.31813662,83.5,30.20758608,45.917045,0,wknd,Summer
8/19/2013 0:00,30.20758608,43.1536944,85,53.97997211,45.917045,0,wk,Summer
8/20/2013 0:00,53.97997211,48.79395796,85.5,47.09052266,45.917045,0,wk,Summer
8/21/2013 0:00,47.09052266,36.94561906,86.5,48.11258384,45.917045,0,wk,Summer
8/22/2013 0:00,48.11258384,45.917045,87.5,57.08400978,45.917045,0,wk,Summer
8/23/2013 0:00,57.08400978,43.45652734,88.5,52.54151563,45.917045,0,wk,Summer
8/24/2013 0:00,52.54151563,26.61144488,89.5,45.23567088,45.917045,0,wknd,Summer
8/25/2013 0:00,45.23567088,30.20758608,86.5,64.65483336,45.917045,0,wknd,Summer
8/26/2013 0:00,64.65483336,53.97997211,83,83.77116289,45.917045,0,wk,Summer
8/27/2013 0:00,83.77116289,47.09052266,81,79.11510639,45.917045,0,wk,Summer
8/28/2013 0:00,79.11510639,48.11258384,86,103.3417418,45.917045,1,wk,Summer
8/29/2013 0:00,103.3417418,57.08400978,88.5,104.9316148,45.917045,1,wk,Summer
8/30/2013 0:00,104.9316148,52.54151563,90.5,83.73330878,45.917045,1,wk,Summer
8/31/2013 0:00,83.73330878,45.23567088,90,45.50064971,45.917045,1,wknd,Summer
9/1/2013 0:00,45.50064971,64.65483336,89.5,57.57611331,71.14681458,1,wknd,Fall
9/2/2013 0:00,57.57611331,83.77116289,90,64.35200042,71.14681458,1,wk,Fall
9/3/2013 0:00,64.35200042,79.11510639,89.5,112.2753137,71.14681458,1,wk,Fall
9/4/2013 0:00,112.2753137,103.3417418,89.5,105.9158219,71.14681458,1,wk,Fall
9/5/2013 0:00,105.9158219,104.9316148,86.5,8.97142594,71.14681458,1,wk,Fall
9/6/2013 0:00,8.97142594,83.73330878,88,1,71.14681458,1,wk,Fall
9/7/2013 0:00,1,45.50064971,88,1,71.14681458,1,wknd,Fall
9/8/2013 0:00,1,57.57611331,84.5,1,71.14681458,1,wknd,Fall
9/9/2013 0:00,1,64.35200042,83.5,1,71.14681458,1,wk,Fall
9/10/2013 0:00,1,112.2753137,84.5,1,71.14681458,1,wk,Fall
9/11/2013 0:00,1,105.9158219,86,0.037854118,71.14681458,1,wk,Fall
9/12/2013 0:00,0.037854118,8.97142594,85,1,71.14681458,1,wk,Fall
9/13/2013 0:00,1,1,86.5,78.09304521,71.14681458,1,wk,Fall
9/14/2013 0:00,78.09304521,1,85,45.273525,71.14681458,1,wknd,Fall
9/15/2013 0:00,45.273525,1,85.5,77.90377462,71.14681458,1,wknd,Fall
9/16/2013 0:00,77.90377462,1,85,118.8240761,71.14681458,1,wk,Fall
9/17/2013 0:00,118.8240761,1,83,122.7230502,71.14681458,1,wk,Fall
9/18/2013 0:00,122.7230502,0.037854118,85,128.9311255,71.14681458,1,wk,Fall
9/19/2013 0:00,128.9311255,1,86.5,133.8521609,71.14681458,1,wk,Fall
9/20/2013 0:00,133.8521609,78.09304521,76,104.1745324,71.14681458,1,wk,Fall
9/21/2013 0:00,104.1745324,45.273525,77,44.74356735,71.14681458,1,wknd,Fall
9/22/2013 0:00,44.74356735,77.90377462,74,63.40564747,71.14681458,1,wknd,Fall
9/23/2013 0:00,63.40564747,118.8240761,74.5,123.1394455,71.14681458,1,wk,Fall
9/24/2013 0:00,123.1394455,122.7230502,82,124.7293185,71.14681458,1,wk,Fall
9/25/2013 0:00,124.7293185,128.9311255,83,124.0479443,71.14681458,1,wk,Fall
9/26/2013 0:00,124.0479443,133.8521609,81,125.9406502,71.14681458,1,wk,Fall
9/27/2013 0:00,125.9406502,104.1745324,84.5,97.20937474,71.14681458,1,wk,Fall
9/28/2013 0:00,97.20937474,44.74356735,83.5,42.39661204,71.14681458,1,wknd,Fall
9/29/2013 0:00,42.39661204,63.40564747,72,64.38985453,71.14681458,1,wknd,Fall
9/30/2013 0:00,64.38985453,123.1394455,76.5,131.2402267,71.14681458,1,wk,Fall
10/1/2013 0:00,131.2402267,124.7293185,78.5,123.7829655,122.7987584,1,wk,Fall
10/2/2013 0:00,123.7829655,124.0479443,83.5,122.7987584,122.7987584,1,wk,Fall
10/3/2013 0:00,122.7987584,125.9406502,84.5,128.7040008,122.7987584,1,wk,Fall
10/4/2013 0:00,128.7040008,97.20937474,82.5,93.61323355,122.7987584,1,wk,Fall
10/5/2013 0:00,93.61323355,42.39661204,76,48.22614619,122.7987584,1,wknd,Fall
10/6/2013 0:00,48.22614619,64.38985453,68.5,63.40564747,122.7987584,1,wknd,Fall
10/7/2013 0:00,63.40564747,131.2402267,70,121.3224478,122.7987584,1,wk,Fall
10/8/2013 0:00,121.3224478,123.7829655,69,126.6220243,122.7987584,1,wk,Fall
10/9/2013 0:00,126.6220243,122.7987584,70,132.0351632,122.7987584,1,wk,Fall
10/10/2013 0:00,132.0351632,128.7040008,74.5,124.1993608,122.7987584,1,wk,Fall
10/11/2013 0:00,124.1993608,93.61323355,80,88.20009469,122.7987584,1,wk,Fall
10/12/2013 0:00,88.20009469,48.22614619,81,43.75936028,122.7987584,1,wknd,Fall
10/13/2013 0:00,43.75936028,63.40564747,71.5,63.06496041,122.7987584,1,wknd,Fall
10/14/2013 0:00,63.06496041,121.3224478,75,126.2434832,122.7987584,1,wk,Fall
10/15/2013 0:00,126.2434832,126.6220243,71.5,121.0953231,122.7987584,1,wk,Fall
10/16/2013 0:00,121.0953231,132.0351632,58,125.0700055,122.7987584,1,wk,Fall
10/17/2013 0:00,125.0700055,124.1993608,64.5,126.9627114,122.7987584,1,wk,Fall
10/18/2013 0:00,126.9627114,88.20009469,63.5,97.47435357,122.7987584,1,wk,Fall
10/19/2013 0:00,97.47435357,43.75936028,58,47.69618854,122.7987584,1,wknd,Fall
10/20/2013 0:00,47.69618854,63.06496041,59.5,81.99201935,122.7987584,1,wknd,Fall
10/21/2013 0:00,81.99201935,126.2434832,70,138.0539679,122.7987584,1,wk,Fall
10/22/2013 0:00,138.0539679,121.0953231,65.5,133.2086409,122.7987584,1,wk,Fall
10/23/2013 0:00,133.2086409,125.0700055,68,137.9025515,122.7987584,1,wk,Fall
10/24/2013 0:00,137.9025515,126.9627114,67.5,147.9717468,122.7987584,1,wk,Fall
10/25/2013 0:00,147.9717468,97.47435357,66.5,100.9947865,122.7987584,1,wk,Fall
10/26/2013 0:00,100.9947865,47.69618854,71.5,46.37129442,122.7987584,1,wknd,Fall
10/27/2013 0:00,46.37129442,81.99201935,69.5,75.63252755,122.7987584,1,wknd,Fall
10/28/2013 0:00,75.63252755,138.0539679,74,137.3725938,122.7987584,1,wk,Fall
10/29/2013 0:00,137.3725938,133.2086409,77.5,131.0509561,122.7987584,1,wk,Fall
10/30/2013 0:00,131.0509561,137.9025515,78,126.205629,122.7987584,1,wk,Fall
10/31/2013 0:00,126.205629,147.9717468,68,121.8524055,122.7987584,1,wk,Fall
11/1/2013 0:00,121.8524055,100.9947865,67.5,93.46181707,95.16525238,1,wk,Fall
11/2/2013 0:00,93.46181707,46.37129442,62,48.94537443,95.16525238,1,wknd,Fall
11/3/2013 0:00,48.94537443,75.63252755,57.5,67.94814161,95.16525238,1,wknd,Fall
11/4/2013 0:00,67.94814161,137.3725938,63.5,129.6882079,95.16525238,1,wk,Fall
11/5/2013 0:00,129.6882079,131.0509561,73,125.7892338,95.16525238,1,wk,Fall
11/6/2013 0:00,125.7892338,126.205629,62,129.7639161,95.16525238,1,wk,Fall
11/7/2013 0:00,129.7639161,121.8524055,53.5,122.3823631,95.16525238,1,wk,Fall
11/8/2013 0:00,122.3823631,93.46181707,58,96.22516768,95.16525238,1,wk,Fall
11/9/2013 0:00,96.22516768,48.94537443,62,43.19154851,95.16525238,1,wknd,Fall
11/10/2013 0:00,43.19154851,67.94814161,65.5,71.54428281,95.16525238,1,wknd,Fall
11/11/2013 0:00,71.54428281,129.6882079,65,129.385375,95.16525238,1,wk,Fall
11/12/2013 0:00,129.385375,125.7892338,52.5,128.2118973,95.16525238,1,wk,Fall
11/13/2013 0:00,128.2118973,129.7639161,45.5,140.628048,95.16525238,1,wk,Fall
11/14/2013 0:00,140.628048,122.3823631,48,126.8870032,95.16525238,1,wk,Fall
11/15/2013 0:00,126.8870032,96.22516768,64.5,96.71727121,95.16525238,1,wk,Fall
11/16/2013 0:00,96.71727121,43.19154851,72,56.0619486,95.16525238,1,wknd,Fall
11/17/2013 0:00,56.0619486,71.54428281,78.5,72.49063576,95.16525238,1,wknd,Fall
11/18/2013 0:00,72.49063576,129.385375,71,132.5651209,95.16525238,1,wk,Fall
11/19/2013 0:00,132.5651209,128.2118973,64.5,133.7007444,95.16525238,1,wk,Fall
11/20/2013 0:00,133.7007444,140.628048,65,126.7734408,95.16525238,1,wk,Fall
11/21/2013 0:00,126.7734408,126.8870032,74,125.864942,95.16525238,1,wk,Fall
11/22/2013 0:00,125.864942,96.71727121,55,94.10533708,95.16525238,1,wk,Fall
11/23/2013 0:00,94.10533708,56.0619486,39.5,48.49112502,95.16525238,1,wknd,Fall
11/24/2013 0:00,48.49112502,72.49063576,39,70.29509692,95.16525238,1,wknd,Fall
11/25/2013 0:00,70.29509692,132.5651209,37.5,119.6947208,95.16525238,1,wk,Fall
11/26/2013 0:00,119.6947208,133.7007444,46,91.68267353,95.16525238,1,wk,Fall
11/27/2013 0:00,91.68267353,126.7734408,42.5,50.72451797,95.16525238,1,wk,Fall
11/28/2013 0:00,50.72451797,125.864942,44.5,25.21084252,95.16525238,0,wk,Fall
11/29/2013 0:00,25.21084252,94.10533708,48.5,22.25822132,95.16525238,0,wk,Fall
11/30/2013 0:00,22.25822132,48.49112502,59,24.41590604,95.16525238,0,wknd,Fall
12/1/2013 0:00,24.41590604,70.29509692,63,37.58913907,43.68365205,0,wknd,Winter
12/2/2013 0:00,37.58913907,119.6947208,69,129.8396244,43.68365205,1,wk,Winter
12/3/2013 0:00,129.8396244,91.68267353,67,125.9785043,43.68365205,1,wk,Winter
12/4/2013 0:00,125.9785043,50.72451797,65.5,131.0509561,43.68365205,1,wk,Winter
12/5/2013 0:00,131.0509561,25.21084252,51,124.6536102,43.68365205,1,wk,Winter
12/6/2013 0:00,124.6536102,22.25822132,34,91.00129941,43.68365205,1,wk,Winter
12/7/2013 0:00,91.00129941,24.41590604,29,43.68365205,43.68365205,1,wknd,Winter
12/8/2013 0:00,43.68365205,37.58913907,37.5,57.7653839,43.68365205,1,wknd,Winter
12/9/2013 0:00,57.7653839,129.8396244,37.5,111.2153984,43.68365205,1,wk,Winter
12/10/2013 0:00,111.2153984,125.9785043,38.5,108.1870689,43.68365205,1,wk,Winter
12/11/2013 0:00,108.1870689,131.0509561,45,120.2246784,43.68365205,1,wk,Winter
12/12/2013 0:00,120.2246784,124.6536102,43,119.7325749,43.68365205,1,wk,Winter
12/13/2013 0:00,119.7325749,91.00129941,48,86.15597232,43.68365205,1,wk,Winter
12/14/2013 0:00,86.15597232,43.68365205,45.5,50.72451797,43.68365205,1,wknd,Winter
12/15/2013 0:00,50.72451797,57.7653839,48,53.18503564,43.68365205,1,wknd,Winter
12/16/2013 0:00,53.18503564,111.2153984,51.5,65.03337454,43.68365205,1,wk,Winter
12/17/2013 0:00,65.03337454,108.1870689,55,51.14091327,43.68365205,1,wk,Winter
12/18/2013 0:00,51.14091327,120.2246784,55.5,36.22639082,43.68365205,0,wk,Winter
12/19/2013 0:00,36.22639082,119.7325749,66.5,17.37504011,43.68365205,0,wk,Winter
12/20/2013 0:00,17.37504011,86.15597232,70.5,24.52946839,43.68365205,0,wk,Winter
12/21/2013 0:00,24.52946839,50.72451797,59.5,15.55804245,43.68365205,0,wknd,Winter
12/22/2013 0:00,15.55804245,53.18503564,47.5,15.70945892,43.68365205,0,wknd,Winter
12/23/2013 0:00,15.70945892,65.03337454,45,16.23941658,43.68365205,0,wk,Winter
12/24/2013 0:00,16.23941658,51.14091327,46,13.89246127,43.68365205,0,wk,Winter
12/25/2013 0:00,13.89246127,36.22639082,49.5,15.8608754,43.68365205,0,wk,Winter
12/26/2013 0:00,15.8608754,17.37504011,48,15.8608754,43.68365205,0,wk,Winter
12/27/2013 0:00,15.8608754,24.52946839,52.5,15.17950127,43.68365205,0,wk,Winter
12/28/2013 0:00,15.17950127,15.55804245,51,14.61168951,43.68365205,0,wknd,Winter
12/29/2013 0:00,14.61168951,15.70945892,50,14.8009601,43.68365205,0,wknd,Winter
12/30/2013 0:00,14.8009601,16.23941658,39.5,14.8009601,43.68365205,0,wk,Winter
12/31/2013 0:00,14.8009601,13.89246127,45.5,15.21735539,43.68365205,0,wk,Winter
1/1/2014 0:00,15.21735539,15.8608754,54,16.16370834,60.45302627,0,wk,Winter
1/2/2014 0:00,16.16370834,15.8608754,44,21.12259778,60.45302627,0,wk,Winter
1/3/2014 0:00,21.12259778,15.17950127,43,16.16370834,60.45302627,0,wk,Winter
1/4/2014 0:00,16.16370834,14.61168951,56.5,6.548762395,60.45302627,0,wknd,Winter
1/5/2014 0:00,6.548762395,14.8009601,46.5,18.88920483,60.45302627,0,wknd,Winter
1/6/2014 0:00,18.88920483,14.8009601,29,48.52897914,60.45302627,0,wk,Winter
1/7/2014 0:00,48.52897914,15.21735539,35,41.63952968,60.45302627,0,wk,Winter
1/8/2014 0:00,41.63952968,16.16370834,46.5,40.04965673,60.45302627,0,wk,Winter
1/9/2014 0:00,40.04965673,21.12259778,61.5,38.80047084,60.45302627,0,wk,Winter
1/10/2014 0:00,38.80047084,16.16370834,64.5,42.43446616,60.45302627,0,wk,Winter
1/11/2014 0:00,42.43446616,6.548762395,61.5,32.93308257,60.45302627,0,wknd,Winter
1/12/2014 0:00,32.93308257,18.88920483,56.5,52.50366152,60.45302627,0,wknd,Winter
1/13/2014 0:00,52.50366152,48.52897914,57,117.7641608,60.45302627,1,wk,Winter
1/14/2014 0:00,117.7641608,41.63952968,56.5,104.7801983,60.45302627,1,wk,Winter
1/15/2014 0:00,104.7801983,40.04965673,52,117.4613278,60.45302627,1,wk,Winter
1/16/2014 0:00,117.4613278,38.80047084,56,107.3921325,60.45302627,1,wk,Winter
1/17/2014 0:00,107.3921325,42.43446616,53.5,95.39237709,60.45302627,1,wk,Winter
1/18/2014 0:00,95.39237709,32.93308257,53.5,60.45302627,60.45302627,1,wknd,Winter
1/19/2014 0:00,60.45302627,52.50366152,58.5,52.42795328,60.45302627,1,wknd,Winter
1/20/2014 0:00,52.42795328,117.7641608,64,70.33295104,60.45302627,1,wk,Winter
1/21/2014 0:00,70.33295104,104.7801983,50.5,129.8774785,60.45302627,1,wk,Winter
1/22/2014 0:00,129.8774785,117.4613278,53.5,122.8366126,60.45302627,1,wk,Winter
1/23/2014 0:00,122.8366126,107.3921325,41.5,123.631549,60.45302627,1,wk,Winter
1/24/2014 0:00,123.631549,95.39237709,33,57.38684272,60.45302627,1,wk,Winter
1/25/2014 0:00,57.38684272,60.45302627,48,52.84434858,60.45302627,1,wknd,Winter
1/26/2014 0:00,52.84434858,52.42795328,59.5,64.01131335,60.45302627,1,wknd,Winter
1/27/2014 0:00,64.01131335,70.33295104,47,132.602975,60.45302627,1,wk,Winter
1/28/2014 0:00,132.602975,129.8774785,33,112.691709,60.45302627,1,wk,Winter
1/29/2014 0:00,112.691709,122.8366126,38,143.0128574,60.45302627,1,wk,Winter
1/30/2014 0:00,143.0128574,123.631549,48,138.8867585,60.45302627,1,wk,Winter
1/31/2014 0:00,138.8867585,57.38684272,67.5,107.3164242,60.45302627,1,wk,Winter
2/1/2014 0:00,107.3164242,52.84434858,65.5,42.20734145,124.9375161,1,wknd,Winter
2/2/2014 0:00,42.20734145,64.01131335,45,57.91680037,124.9375161,1,wknd,Winter
2/3/2014 0:00,57.91680037,132.602975,40,168.5265329,124.9375161,1,wk,Winter
2/4/2014 0:00,168.5265329,112.691709,53,186.7722177,124.9375161,1,wk,Winter
2/5/2014 0:00,186.7722177,143.0128574,39.5,165.3467869,124.9375161,1,wk,Winter
2/6/2014 0:00,165.3467869,138.8867585,29,120.3382408,124.9375161,1,wk,Winter
2/7/2014 0:00,120.3382408,107.3164242,33.5,75.63252755,124.9375161,1,wk,Winter
2/8/2014 0:00,75.63252755,42.20734145,51,42.3209038,124.9375161,1,wknd,Winter
2/9/2014 0:00,42.3209038,57.91680037,58.5,65.26049924,124.9375161,1,wknd,Winter
2/10/2014 0:00,65.26049924,168.5265329,47.5,131.1266644,124.9375161,1,wk,Winter
2/11/2014 0:00,131.1266644,186.7722177,34.5,126.4706079,124.9375161,1,wk,Winter
2/12/2014 0:00,126.4706079,165.3467869,45,131.656622,124.9375161,1,wk,Winter
2/13/2014 0:00,131.656622,120.3382408,50.5,123.8965279,124.9375161,1,wk,Winter
2/14/2014 0:00,123.8965279,75.63252755,66.5,95.27881473,124.9375161,1,wk,Winter
2/15/2014 0:00,95.27881473,42.3209038,59,47.46906384,124.9375161,1,wknd,Winter
2/16/2014 0:00,47.46906384,65.26049924,67.5,70.33295104,124.9375161,1,wknd,Winter
2/17/2014 0:00,70.33295104,131.1266644,69.5,131.1266644,124.9375161,1,wk,Winter
2/18/2014 0:00,131.1266644,126.4706079,68.5,131.3537891,124.9375161,1,wk,Winter
2/19/2014 0:00,131.3537891,131.656622,72.5,133.0950785,124.9375161,1,wk,Winter
2/20/2014 0:00,133.0950785,123.8965279,70,127.9469185,124.9375161,1,wk,Winter
2/21/2014 0:00,127.9469185,95.27881473,56.5,95.88448062,124.9375161,1,wk,Winter
2/22/2014 0:00,95.88448062,47.46906384,62.5,41.63952968,124.9375161,1,wknd,Winter
2/23/2014 0:00,41.63952968,70.33295104,74,72.67990635,124.9375161,1,wknd,Winter
2/24/2014 0:00,72.67990635,131.1266644,65.5,136.8804903,124.9375161,1,wk,Winter
2/25/2014 0:00,136.8804903,131.3537891,61.5,136.464095,124.9375161,1,wk,Winter
2/26/2014 0:00,136.464095,133.0950785,44,128.7418549,124.9375161,1,wk,Winter
2/27/2014 0:00,128.7418549,127.9469185,45,125.9785043,124.9375161,1,wk,Winter
2/28/2014 0:00,125.9785043,95.88448062,62,92.70473472,124.9375161,1,wk,Winter
3/1/2014 0:00,92.70473472,41.63952968,67.5,89.67640528,89.67640528,1,wknd,Spring
3/2/2014 0:00,89.67640528,72.67990635,50.5,70.90076281,89.67640528,1,wknd,Spring
3/3/2014 0:00,70.90076281,136.8804903,35.5,137.7889891,89.67640528,1,wk,Spring
3/4/2014 0:00,137.7889891,136.464095,40,132.943662,89.67640528,1,wk,Spring
3/5/2014 0:00,132.943662,128.7418549,45.5,131.0888103,89.67640528,1,wk,Spring
3/6/2014 0:00,131.0888103,125.9785043,54,125.1078596,89.67640528,1,wk,Spring
3/7/2014 0:00,125.1078596,92.70473472,53,60.98298392,89.67640528,1,wk,Spring
3/8/2014 0:00,60.98298392,89.67640528,51.5,17.94285188,89.67640528,0,wknd,Spring
3/9/2014 0:00,17.94285188,70.90076281,48.5,13.93031538,89.67640528,0,wknd,Spring
3/10/2014 0:00,13.93031538,137.7889891,60.5,34.71222611,89.67640528,0,wk,Spring
3/11/2014 0:00,34.71222611,132.943662,69.5,34.29583081,89.67640528,0,wk,Spring
3/12/2014 0:00,34.29583081,131.0888103,59.5,35.43145435,89.67640528,0,wk,Spring
3/13/2014 0:00,35.43145435,125.1078596,52.5,36.83205671,89.67640528,0,wk,Spring
3/14/2014 0:00,36.83205671,60.98298392,62,82.48412289,89.67640528,0,wk,Spring
3/15/2014 0:00,82.48412289,17.94285188,68,17.41289423,89.67640528,0,wknd,Spring
3/16/2014 0:00,17.41289423,13.93031538,56,39.17901202,89.67640528,0,wknd,Spring
3/17/2014 0:00,39.17901202,34.71222611,54.5,128.2497514,89.67640528,1,wk,Spring
3/18/2014 0:00,128.2497514,34.29583081,65,141.5365468,89.67640528,1,wk,Spring
3/19/2014 0:00,141.5365468,35.43145435,61.5,137.1833232,89.67640528,1,wk,Spring
3/20/2014 0:00,137.1833232,36.83205671,59,146.1168951,89.67640528,1,wk,Spring
3/21/2014 0:00,146.1168951,82.48412289,67,100.5783912,89.67640528,1,wk,Spring
3/22/2014 0:00,100.5783912,17.41289423,69,52.54151563,89.67640528,1,wknd,Spring
3/23/2014 0:00,52.54151563,39.17901202,54,82.37056053,89.67640528,1,wknd,Spring
3/24/2014 0:00,82.37056053,128.2497514,58,141.6501091,89.67640528,1,wk,Spring
3/25/2014 0:00,141.6501091,141.5365468,56.5,135.2906173,89.67640528,1,wk,Spring
3/26/2014 0:00,135.2906173,137.1833232,60,144.489168,89.67640528,1,wk,Spring
3/27/2014 0:00,144.489168,146.1168951,71.5,129.7639161,89.67640528,1,wk,Spring
3/28/2014 0:00,129.7639161,100.5783912,76,91.00129941,89.67640528,1,wk,Spring
3/29/2014 0:00,91.00129941,52.54151563,64,47.92331325,89.67640528,1,wknd,Spring
3/30/2014 0:00,47.92331325,82.37056053,62,77.26025462,89.67640528,1,wknd,Spring
3/31/2014 0:00,77.26025462,141.6501091,72.5,136.5019491,89.67640528,1,wk,Spring
4/1/2014 0:00,136.5019491,135.2906173,76,138.0539679,133.3789844,1,wk,Spring
4/2/2014 0:00,138.0539679,144.489168,76,134.7606597,133.3789844,1,wk,Spring
4/3/2014 0:00,134.7606597,129.7639161,76.5,133.246495,133.3789844,1,wk,Spring
4/4/2014 0:00,133.246495,91.00129941,64,96.9065418,133.3789844,1,wk,Spring
4/5/2014 0:00,96.9065418,47.92331325,59.5,55.38057448,133.3789844,1,wknd,Spring
4/6/2014 0:00,55.38057448,77.26025462,56.5,71.65784517,133.3789844,1,wknd,Spring
4/7/2014 0:00,71.65784517,136.5019491,62,146.4954362,133.3789844,1,wk,Spring
4/8/2014 0:00,146.4954362,138.0539679,63.5,149.7508904,133.3789844,1,wk,Spring
4/9/2014 0:00,149.7508904,134.7606597,64.5,133.5114738,133.3789844,1,wk,Spring
4/10/2014 0:00,133.5114738,133.246495,72,120.3003867,133.3789844,1,wk,Spring
4/11/2014 0:00,120.3003867,96.9065418,73,115.9850172,133.3789844,1,wk,Spring
4/12/2014 0:00,115.9850172,55.38057448,75,50.9894968,133.3789844,1,wknd,Spring
4/13/2014 0:00,50.9894968,71.65784517,73,100.2755583,133.3789844,1,wknd,Spring
4/14/2014 0:00,100.2755583,146.4954362,58,176.930147,133.3789844,1,wk,Spring
4/15/2014 0:00,176.930147,149.7508904,52,NaN,133.3789844,1,wk,Spring
4/16/2014 0:00,NaN,133.5114738,56.5,NaN,133.3789844,1,wk,Spring
4/17/2014 0:00,NaN,120.3003867,61.5,163.1891022,133.3789844,1,wk,Spring
4/18/2014 0:00,163.1891022,115.9850172,68.5,95.35452297,133.3789844,1,wk,Spring
4/19/2014 0:00,95.35452297,50.9894968,66,57.53825919,133.3789844,1,wknd,Spring
4/20/2014 0:00,57.53825919,100.2755583,68,94.90027355,133.3789844,1,wknd,Spring
4/21/2014 0:00,94.90027355,176.930147,74,172.1605282,133.3789844,1,wk,Spring
4/22/2014 0:00,172.1605282,NaN,75,167.3909093,133.3789844,1,wk,Spring
4/23/2014 0:00,167.3909093,NaN,73,162.8862693,133.3789844,1,wk,Spring
4/24/2014 0:00,162.8862693,163.1891022,77.5,168.0344293,133.3789844,1,wk,Spring
4/25/2014 0:00,168.0344293,95.35452297,75.5,124.1615067,133.3789844,1,wk,Spring
4/26/2014 0:00,124.1615067,57.53825919,77,63.36779335,133.3789844,1,wknd,Spring
4/27/2014 0:00,63.36779335,94.90027355,84.5,101.4868901,133.3789844,1,wknd,Spring
4/28/2014 0:00,101.4868901,172.1605282,79.5,179.8827682,133.3789844,1,wk,Spring
4/29/2014 0:00,179.8827682,167.3909093,72,172.2740905,133.3789844,1,wk,Spring
4/30/2014 0:00,172.2740905,162.8862693,66,167.7694505,133.3789844,1,wk,Spring
5/1/2014 0:00,167.7694505,168.0344293,64.5,NaN,62.06182628,1,wk,Spring
5/2/2014 0:00,NaN,124.1615067,69.5,129.726062,62.06182628,1,wk,Spring
5/3/2014 0:00,129.726062,63.36779335,76,81.68918641,62.06182628,1,wknd,Spring
5/4/2014 0:00,81.68918641,101.4868901,76,91.22842412,62.06182628,1,wknd,Spring
5/5/2014 0:00,91.22842412,179.8827682,76,131.2023726,62.06182628,1,wk,Spring
5/6/2014 0:00,131.2023726,172.2740905,76,145.9276245,62.06182628,1,wk,Spring
5/7/2014 0:00,145.9276245,167.7694505,79,147.2903727,62.06182628,1,wk,Spring
5/8/2014 0:00,147.2903727,NaN,78.5,151.9842833,62.06182628,1,wk,Spring
5/9/2014 0:00,151.9842833,129.726062,76,121.9659678,62.06182628,1,wk,Spring
5/10/2014 0:00,121.9659678,81.68918641,75.5,65.63904042,62.06182628,1,wknd,Spring
5/11/2014 0:00,65.63904042,91.22842412,82.5,87.97296998,62.06182628,1,wknd,Spring
5/12/2014 0:00,87.97296998,131.2023726,72,106.7486125,62.06182628,1,wk,Spring
5/13/2014 0:00,106.7486125,145.9276245,61,117.2720572,62.06182628,1,wk,Spring
5/14/2014 0:00,117.2720572,147.2903727,63.5,117.2720572,62.06182628,0,wk,Spring
5/15/2014 0:00,117.2720572,151.9842833,65,37.92982613,62.06182628,0,wk,Spring
5/16/2014 0:00,37.92982613,121.9659678,73.5,26.42217429,62.06182628,0,wk,Spring
5/17/2014 0:00,26.42217429,65.63904042,73,50.45953915,62.06182628,0,wknd,Spring
5/18/2014 0:00,50.45953915,87.97296998,73.5,50.45953915,62.06182628,0,wknd,Spring
5/19/2014 0:00,50.45953915,106.7486125,76,50.45953915,62.06182628,0,wk,Spring
5/20/2014 0:00,50.45953915,117.2720572,78,50.45953915,62.06182628,0,wk,Spring
5/21/2014 0:00,50.45953915,117.2720572,79.5,56.13765683,62.06182628,0,wk,Spring
5/22/2014 0:00,56.13765683,37.92982613,78.5,56.44048978,62.06182628,0,wk,Spring
5/23/2014 0:00,56.44048978,26.42217429,77.5,48.49112502,62.06182628,0,wk,Spring
5/24/2014 0:00,48.49112502,50.45953915,78,12.11331773,62.06182628,0,wknd,Spring
5/25/2014 0:00,12.11331773,50.45953915,79.5,13.21108714,62.06182628,0,wknd,Spring
5/26/2014 0:00,13.21108714,50.45953915,69.5,15.14164716,62.06182628,0,wk,Spring
5/27/2014 0:00,15.14164716,50.45953915,68,36.07497435,62.06182628,0,wk,Spring
5/28/2014 0:00,36.07497435,56.13765683,76,76.91956756,62.06182628,0,wk,Spring
5/29/2014 0:00,76.91956756,56.44048978,77.5,66.35826866,62.06182628,0,wk,Spring
5/30/2014 0:00,66.35826866,48.49112502,81,58.48461214,62.06182628,0,wk,Spring
5/31/2014 0:00,58.48461214,12.11331773,81.5,58.10607096,62.06182628,0,wknd,Spring
6/1/2014 0:00,58.10607096,13.21108714,79.5,54.66134624,100.502683,0,wknd,Summer
6/2/2014 0:00,54.66134624,15.14164716,82.5,85.58816055,100.502683,0,wk,Summer
6/3/2014 0:00,85.58816055,36.07497435,82.5,89.67640528,100.502683,0,wk,Summer
6/4/2014 0:00,89.67640528,76.91956756,82.5,85.51245232,100.502683,0,wk,Summer
6/5/2014 0:00,85.51245232,66.35826866,82.5,115.7200384,100.502683,0,wk,Summer
6/6/2014 0:00,115.7200384,58.48461214,82.5,86.91305468,100.502683,0,wk,Summer
6/7/2014 0:00,86.91305468,58.10607096,83,74.34548754,100.502683,0,wknd,Summer
6/8/2014 0:00,74.34548754,54.66134624,83,79.07725227,100.502683,0,wknd,Summer
6/9/2014 0:00,79.07725227,85.58816055,77,124.2372149,100.502683,0,wk,Summer
6/10/2014 0:00,124.2372149,89.67640528,78,147.5174974,100.502683,0,wk,Summer
6/11/2014 0:00,147.5174974,85.51245232,80,133.7385985,100.502683,0,wk,Summer
6/12/2014 0:00,133.7385985,115.7200384,80,137.107615,100.502683,0,wk,Summer
6/13/2014 0:00,137.107615,86.91305468,78.5,128.5147302,100.502683,0,wk,Summer
6/14/2014 0:00,128.5147302,74.34548754,80,76.69244285,100.502683,0,wknd,Summer
6/15/2014 0:00,76.69244285,79.07725227,82.5,56.47834389,100.502683,0,wknd,Summer
6/16/2014 0:00,56.47834389,124.2372149,83.5,109.4362548,100.502683,0,wk,Summer
6/17/2014 0:00,109.4362548,147.5174974,83.5,126.0163585,100.502683,0,wk,Summer
6/18/2014 0:00,126.0163585,133.7385985,84.5,99.13993476,100.502683,0,wk,Summer
6/19/2014 0:00,99.13993476,137.107615,83.5,113.7894784,100.502683,0,wk,Summer
6/20/2014 0:00,113.7894784,128.5147302,83,97.92860298,100.502683,0,wk,Summer
6/21/2014 0:00,97.92860298,76.69244285,83.5,100.4648289,100.502683,0,wknd,Summer
6/22/2014 0:00,100.4648289,56.47834389,83,100.5405371,100.502683,0,wknd,Summer
6/23/2014 0:00,100.5405371,109.4362548,78,130.2938738,100.502683,0,wk,Summer
6/24/2014 0:00,130.2938738,126.0163585,83.5,138.394655,100.502683,0,wk,Summer
6/25/2014 0:00,138.394655,99.13993476,80,123.8965279,100.502683,0,wk,Summer
6/26/2014 0:00,123.8965279,113.7894784,79.5,113.032396,100.502683,0,wk,Summer
6/27/2014 0:00,113.032396,97.92860298,83,101.5625983,100.502683,0,wk,Summer
6/28/2014 0:00,101.5625983,100.4648289,85.5,78.58514874,100.502683,0,wknd,Summer
6/29/2014 0:00,78.58514874,100.5405371,86,75.44325696,100.502683,0,wknd,Summer
6/30/2014 0:00,75.44325696,130.2938738,86.5,95.77091827,100.502683,0,wk,Summer
7/1/2014 0:00,95.77091827,138.394655,85.5,113.1081043,109.1334219,0,wk,Summer
7/2/2014 0:00,113.1081043,123.8965279,85,128.2876055,109.1334219,0,wk,Summer
7/3/2014 0:00,128.2876055,113.032396,84,128.8554173,109.1334219,0,wk,Summer
7/4/2014 0:00,128.8554173,101.5625983,82,60.68015098,109.1334219,0,wk,Summer
7/5/2014 0:00,60.68015098,78.58514874,81.5,55.94838624,109.1334219,0,wknd,Summer
7/6/2014 0:00,55.94838624,75.44325696,83.5,74.38334166,109.1334219,0,wknd,Summer
7/7/2014 0:00,74.38334166,95.77091827,84.5,114.7736854,109.1334219,0,wk,Summer
7/8/2014 0:00,114.7736854,113.1081043,86,135.7827209,109.1334219,0,wk,Summer
7/9/2014 0:00,135.7827209,128.2876055,85,110.1554831,109.1334219,0,wk,Summer
7/10/2014 0:00,110.1554831,128.8554173,84,99.4427677,109.1334219,0,wk,Summer
7/11/2014 0:00,99.4427677,60.68015098,83,95.16525238,109.1334219,0,wk,Summer
7/12/2014 0:00,95.16525238,55.94838624,84.5,89.4871347,109.1334219,0,wknd,Summer
7/13/2014 0:00,89.4871347,74.38334166,87,70.40865928,109.1334219,0,wknd,Summer
7/14/2014 0:00,70.40865928,114.7736854,88,109.3226925,109.1334219,0,wk,Summer
7/15/2014 0:00,109.3226925,135.7827209,82.5,109.1334219,109.1334219,0,wk,Summer
7/16/2014 0:00,109.1334219,110.1554831,84,101.8275771,109.1334219,0,wk,Summer
7/17/2014 0:00,101.8275771,99.4427677,81.5,108.6791725,109.1334219,0,wk,Summer
7/18/2014 0:00,108.6791725,95.16525238,75,94.67314885,109.1334219,0,wk,Summer
7/19/2014 0:00,94.67314885,89.4871347,78,97.13366651,109.1334219,0,wknd,Summer
7/20/2014 0:00,97.13366651,70.40865928,84,56.02409448,109.1334219,0,wknd,Summer
7/21/2014 0:00,56.02409448,109.3226925,86.5,117.5370361,109.1334219,0,wk,Summer
7/22/2014 0:00,117.5370361,109.1334219,86,111.0261278,109.1334219,0,wk,Summer
7/23/2014 0:00,111.0261278,101.8275771,86,117.1206408,109.1334219,0,wk,Summer
7/24/2014 0:00,117.1206408,108.6791725,84,139.7952574,109.1334219,0,wk,Summer
7/25/2014 0:00,139.7952574,94.67314885,85.5,136.8804903,109.1334219,0,wk,Summer
7/26/2014 0:00,136.8804903,97.13366651,87,100.5405371,109.1334219,0,wknd,Summer
7/27/2014 0:00,100.5405371,56.02409448,86.5,98.04216534,109.1334219,0,wknd,Summer
7/28/2014 0:00,98.04216534,117.5370361,86.5,122.6094878,109.1334219,0,wk,Summer
7/29/2014 0:00,122.6094878,111.0261278,86.5,110.458316,109.1334219,0,wk,Summer
7/30/2014 0:00,110.458316,117.1206408,86,102.5089512,109.1334219,0,wk,Summer
7/31/2014 0:00,102.5089512,139.7952574,87,124.8050267,109.1334219,0,wk,Summer
8/1/2014 0:00,124.8050267,136.8804903,82,121.2467396,88.73005234,0,wk,Summer
8/2/2014 0:00,121.2467396,100.5405371,79,74.61046636,88.73005234,0,wknd,Summer
8/3/2014 0:00,74.61046636,98.04216534,82.5,65.94187337,88.73005234,0,wknd,Summer
8/4/2014 0:00,65.94187337,122.6094878,83,122.9123208,88.73005234,0,wk,Summer
8/5/2014 0:00,122.9123208,110.458316,85,113.7137701,88.73005234,0,wk,Summer
8/6/2014 0:00,113.7137701,102.5089512,87.5,116.6285372,88.73005234,0,wk,Summer
8/7/2014 0:00,116.6285372,124.8050267,89.5,132.7922456,88.73005234,0,wk,Summer
8/8/2014 0:00,132.7922456,121.2467396,89,87.25374174,88.73005234,0,wk,Summer
8/9/2014 0:00,87.25374174,74.61046636,88.5,93.95392061,88.73005234,0,wknd,Summer
8/10/2014 0:00,93.95392061,65.94187337,89,97.58791592,88.73005234,0,wknd,Summer
8/11/2014 0:00,97.58791592,122.9123208,89,118.2184102,88.73005234,0,wk,Summer
8/12/2014 0:00,118.2184102,113.7137701,86.5,88.73005234,88.73005234,0,wk,Summer
8/13/2014 0:00,88.73005234,116.6285372,83,97.92860298,88.73005234,0,wk,Summer
8/14/2014 0:00,97.92860298,132.7922456,84,103.076763,88.73005234,0,wk,Summer
8/15/2014 0:00,103.076763,87.25374174,88,85.92884761,88.73005234,0,wk,Summer
8/16/2014 0:00,85.92884761,93.95392061,90.5,55.91053213,88.73005234,0,wknd,Summer
8/17/2014 0:00,55.91053213,97.58791592,90,51.55730857,88.73005234,0,wknd,Summer
8/18/2014 0:00,51.55730857,118.2184102,90,83.24120524,88.73005234,0,wk,Summer
8/19/2014 0:00,83.24120524,88.73005234,86.5,108.3384854,88.73005234,0,wk,Summer
8/20/2014 0:00,108.3384854,97.92860298,90,63.55706394,88.73005234,0,wk,Summer
8/21/2014 0:00,63.55706394,103.076763,91.5,73.92909224,88.73005234,0,wk,Summer
8/22/2014 0:00,73.92909224,85.92884761,91,50.64880974,88.73005234,0,wk,Summer
8/23/2014 0:00,50.64880974,55.91053213,88,41.52596733,88.73005234,0,wknd,Summer
8/24/2014 0:00,41.52596733,51.55730857,89,71.96067811,88.73005234,0,wknd,Summer
8/25/2014 0:00,71.96067811,83.24120524,88.5,95.2031065,88.73005234,0,wk,Summer
8/26/2014 0:00,95.2031065,108.3384854,89,79.56935581,88.73005234,0,wk,Summer
8/27/2014 0:00,79.56935581,63.55706394,87,134.0792856,88.73005234,1,wk,Summer
8/28/2014 0:00,134.0792856,73.92909224,87.5,124.0479443,88.73005234,1,wk,Summer
8/29/2014 0:00,124.0479443,50.64880974,86.5,99.48062182,88.73005234,1,wk,Summer
8/30/2014 0:00,99.48062182,41.52596733,84.5,47.65833443,88.73005234,1,wknd,Summer
8/31/2014 0:00,47.65833443,71.96067811,86.5,58.44675802,88.73005234,1,wknd,Summer
9/1/2014 0:00,58.44675802,95.2031065,89.5,72.98273929,130.2370926,1,wk,Fall
9/2/2014 0:00,72.98273929,79.56935581,88,141.5744009,130.2370926,1,wk,Fall
9/3/2014 0:00,141.5744009,134.0792856,88,141.3472762,130.2370926,1,wk,Fall
9/4/2014 0:00,141.3472762,124.0479443,86,125.562109,130.2370926,1,wk,Fall
9/5/2014 0:00,125.562109,99.48062182,87,94.25675355,130.2370926,1,wk,Fall
9/6/2014 0:00,94.25675355,47.65833443,85.5,53.03361917,130.2370926,1,wknd,Fall
9/7/2014 0:00,53.03361917,58.44675802,81.5,88.0108241,130.2370926,1,wknd,Fall
9/8/2014 0:00,88.0108241,72.98273929,84,138.9624668,130.2370926,1,wk,Fall
9/9/2014 0:00,138.9624668,141.5744009,85.5,135.5934503,130.2370926,1,wk,Fall
9/10/2014 0:00,135.5934503,141.3472762,88,135.5934503,130.2370926,1,wk,Fall
9/11/2014 0:00,135.5934503,125.562109,88.5,134.9120762,130.2370926,1,wk,Fall
9/12/2014 0:00,134.9120762,94.25675355,81,107.9220901,130.2370926,1,wk,Fall
9/13/2014 0:00,107.9220901,53.03361917,63,55.68340742,130.2370926,1,wknd,Fall
9/14/2014 0:00,55.68340742,88.0108241,70.5,68.5538075,130.2370926,1,wknd,Fall
9/15/2014 0:00,68.5538075,138.9624668,78.5,157.5109845,130.2370926,1,wk,Fall
9/16/2014 0:00,157.5109845,135.5934503,84,140.0602362,130.2370926,1,wk,Fall
9/17/2014 0:00,140.0602362,135.5934503,83,136.1234079,130.2370926,1,wk,Fall
9/18/2014 0:00,136.1234079,134.9120762,81,124.4264855,130.2370926,1,wk,Fall
9/19/2014 0:00,124.4264855,107.9220901,80,93.04542178,130.2370926,1,wk,Fall
9/20/2014 0:00,93.04542178,55.68340742,82,53.29859799,130.2370926,1,wknd,Fall
9/21/2014 0:00,53.29859799,68.5538075,81,62.91354394,130.2370926,1,wknd,Fall
9/22/2014 0:00,62.91354394,157.5109845,80.5,136.2369703,130.2370926,1,wk,Fall
9/23/2014 0:00,136.2369703,140.0602362,76,146.3818739,130.2370926,1,wk,Fall
9/24/2014 0:00,146.3818739,136.1234079,72,144.5270221,130.2370926,1,wk,Fall
9/25/2014 0:00,144.5270221,124.4264855,72.5,149.4102033,130.2370926,1,wk,Fall
9/26/2014 0:00,149.4102033,93.04542178,75.5,114.962956,130.2370926,1,wk,Fall
9/27/2014 0:00,114.962956,53.29859799,74,76.84385932,130.2370926,1,wknd,Fall
9/28/2014 0:00,76.84385932,62.91354394,77,94.48387826,130.2370926,1,wknd,Fall
9/29/2014 0:00,94.48387826,136.2369703,78,150.6972433,130.2370926,1,wk,Fall
9/30/2014 0:00,150.6972433,146.3818739,77.5,145.0569798,130.2370926,1,wk,Fall
10/1/2014 0:00,145.0569798,144.5270221,84,148.4638504,143.0696386,1,wk,Fall
10/2/2014 0:00,148.4638504,149.4102033,84,140.5144856,143.0696386,1,wk,Fall
10/3/2014 0:00,140.5144856,114.962956,75,126.4327538,143.0696386,1,wk,Fall
10/4/2014 0:00,126.4327538,76.84385932,69.5,69.19732751,143.0696386,1,wknd,Fall
10/5/2014 0:00,69.19732751,94.48387826,74.5,81.72704053,143.0696386,1,wknd,Fall
10/6/2014 0:00,81.72704053,150.6972433,80.5,162.5834363,143.0696386,1,wk,Fall
10/7/2014 0:00,162.5834363,145.0569798,83,155.1640292,143.0696386,1,wk,Fall
10/8/2014 0:00,155.1640292,148.4638504,82,144.6027303,143.0696386,1,wk,Fall
10/9/2014 0:00,144.6027303,140.5144856,83.5,140.8930268,143.0696386,1,wk,Fall
10/10/2014 0:00,140.8930268,126.4327538,83.5,133.8143067,143.0696386,1,wk,Fall
10/11/2014 0:00,133.8143067,69.19732751,68.5,87.14017939,143.0696386,1,wknd,Fall
10/12/2014 0:00,87.14017939,81.72704053,69,103.8338454,143.0696386,1,wknd,Fall
10/13/2014 0:00,103.8338454,162.5834363,68.5,186.88578,143.0696386,1,wk,Fall
10/14/2014 0:00,186.88578,155.1640292,65.5,184.1224294,143.0696386,1,wk,Fall
10/15/2014 0:00,184.1224294,144.6027303,72,186.3936765,143.0696386,1,wk,Fall
10/16/2014 0:00,186.3936765,140.8930268,71.5,187.7185706,143.0696386,1,wk,Fall
10/17/2014 0:00,187.7185706,133.8143067,74,143.1264197,143.0696386,1,wk,Fall
10/18/2014 0:00,143.1264197,87.14017939,76,95.4302312,143.0696386,1,wknd,Fall
10/19/2014 0:00,95.4302312,103.8338454,73.5,113.032396,143.0696386,1,wknd,Fall
10/20/2014 0:00,113.032396,186.88578,72.5,NaN,143.0696386,1,wk,Fall
10/21/2014 0:00,NaN,184.1224294,70.5,184.1981377,143.0696386,1,wk,Fall
10/22/2014 0:00,184.1981377,186.3936765,72,NaN,143.0696386,1,wk,Fall
10/23/2014 0:00,NaN,187.7185706,74.5,NaN,143.0696386,1,wk,Fall
10/24/2014 0:00,NaN,143.1264197,72.5,143.0128574,143.0696386,1,wk,Fall
10/25/2014 0:00,143.0128574,95.4302312,75,102.9632007,143.0696386,1,wknd,Fall
10/26/2014 0:00,102.9632007,113.032396,73.5,110.8747113,143.0696386,1,wknd,Fall
10/27/2014 0:00,110.8747113,NaN,74,188.1349659,143.0696386,1,wk,Fall
10/28/2014 0:00,188.1349659,184.1981377,74.5,187.1507589,143.0696386,1,wk,Fall
10/29/2014 0:00,187.1507589,NaN,73,172.8040482,143.0696386,1,wk,Fall
10/30/2014 0:00,172.8040482,NaN,72.5,NaN,143.0696386,1,wk,Fall
10/31/2014 0:00,NaN,143.0128574,66,NaN,143.0696386,1,wk,Fall
11/1/2014 0:00,NaN,102.9632007,57.5,93.3104006,139.5302785,1,wknd,Fall
11/2/2014 0:00,93.3104006,110.8747113,61.5,105.007323,139.5302785,1,wknd,Fall
11/3/2014 0:00,105.007323,188.1349659,67.5,180.6019965,139.5302785,1,wk,Fall
11/4/2014 0:00,180.6019965,187.1507589,66.5,179.4285188,139.5302785,1,wk,Fall
11/5/2014 0:00,179.4285188,172.8040482,57,178.9742694,139.5302785,1,wk,Fall
11/6/2014 0:00,178.9742694,NaN,59,170.2299682,139.5302785,1,wk,Fall
11/7/2014 0:00,170.2299682,NaN,59.5,134.1549938,139.5302785,1,wk,Fall
11/8/2014 0:00,134.1549938,93.3104006,61.5,70.06797222,139.5302785,1,wknd,Fall
11/9/2014 0:00,70.06797222,105.007323,60.5,78.96368992,139.5302785,1,wknd,Fall
11/10/2014 0:00,78.96368992,180.6019965,62.5,173.7504011,139.5302785,1,wk,Fall
11/11/2014 0:00,173.7504011,179.4285188,53.5,173.3340058,139.5302785,1,wk,Fall
11/12/2014 0:00,173.3340058,178.9742694,43.5,171.2520293,139.5302785,1,wk,Fall
11/13/2014 0:00,171.2520293,170.2299682,36,178.860707,139.5302785,1,wk,Fall
11/14/2014 0:00,178.860707,134.1549938,37.5,141.6879633,139.5302785,1,wk,Fall
11/15/2014 0:00,141.6879633,70.06797222,44,77.79021227,139.5302785,1,wknd,Fall
11/16/2014 0:00,77.79021227,78.96368992,42,113.7894784,139.5302785,1,wknd,Fall
11/17/2014 0:00,113.7894784,173.7504011,41.5,188.2106742,139.5302785,1,wk,Fall
11/18/2014 0:00,188.2106742,173.3340058,43,NaN,139.5302785,1,wk,Fall
11/19/2014 0:00,NaN,171.2520293,51,184.3874082,139.5302785,1,wk,Fall
11/20/2014 0:00,184.3874082,178.860707,57,165.687474,139.5302785,1,wk,Fall
11/21/2014 0:00,165.687474,141.6879633,68,139.5302785,139.5302785,1,wk,Fall
11/22/2014 0:00,139.5302785,77.79021227,62.5,96.79297945,139.5302785,1,wknd,Fall
11/23/2014 0:00,96.79297945,113.7894784,67,110.3447537,139.5302785,1,wknd,Fall
11/24/2014 0:00,110.3447537,188.2106742,53,164.5518505,139.5302785,1,wk,Fall
11/25/2014 0:00,164.5518505,NaN,52.5,142.7857327,139.5302785,1,wk,Fall
11/26/2014 0:00,142.7857327,184.3874082,59.5,72.18780282,139.5302785,1,wk,Fall
11/27/2014 0:00,72.18780282,165.687474,53,12.18902596,139.5302785,0,wk,Fall
11/28/2014 0:00,12.18902596,139.5302785,57,9.274258883,139.5302785,0,wk,Fall
11/29/2014 0:00,9.274258883,96.79297945,64.5,11.50765184,139.5302785,0,wknd,Fall
11/30/2014 0:00,11.50765184,110.3447537,71.5,43.98648499,139.5302785,0,wknd,Fall
12/1/2014 0:00,43.98648499,164.5518505,53.5,167.0502223,74.19407107,1,wk,Winter
12/2/2014 0:00,167.0502223,142.7857327,44.5,175.5673988,74.19407107,1,wk,Winter
12/3/2014 0:00,175.5673988,72.18780282,53.5,166.4067023,74.19407107,1,wk,Winter
12/4/2014 0:00,166.4067023,12.18902596,62,168.9807823,74.19407107,1,wk,Winter
12/5/2014 0:00,168.9807823,9.274258883,69,146.9118315,74.19407107,1,wk,Winter
12/6/2014 0:00,146.9118315,11.50765184,62,85.81528526,74.19407107,1,wknd,Winter
12/7/2014 0:00,85.81528526,43.98648499,54,103.5310124,74.19407107,1,wknd,Winter
12/8/2014 0:00,103.5310124,167.0502223,58,140.2495068,74.19407107,1,wk,Winter
12/9/2014 0:00,140.2495068,175.5673988,56,148.9559539,74.19407107,1,wk,Winter
12/10/2014 0:00,148.9559539,166.4067023,56.5,161.4856669,74.19407107,1,wk,Winter
12/11/2014 0:00,161.4856669,168.9807823,62,160.0472104,74.19407107,1,wk,Winter
12/12/2014 0:00,160.0472104,146.9118315,65,129.1203961,74.19407107,1,wk,Winter
12/13/2014 0:00,129.1203961,85.81528526,64.5,77.90377462,74.19407107,1,wknd,Winter
12/14/2014 0:00,77.90377462,103.5310124,67.5,90.84988294,74.19407107,1,wknd,Winter
12/15/2014 0:00,90.84988294,140.2495068,63,98.76139358,74.19407107,1,wk,Winter
12/16/2014 0:00,98.76139358,148.9559539,54.5,74.19407107,74.19407107,1,wk,Winter
12/17/2014 0:00,74.19407107,161.4856669,50.5,47.20408501,74.19407107,0,wk,Winter
12/18/2014 0:00,47.20408501,160.0472104,54.5,22.86388721,74.19407107,0,wk,Winter
12/19/2014 0:00,22.86388721,129.1203961,52.5,9.425675355,74.19407107,0,wk,Winter
12/20/2014 0:00,9.425675355,77.90377462,51.5,8.517176526,74.19407107,0,wknd,Winter
12/21/2014 0:00,8.517176526,90.84988294,53,9.236404765,74.19407107,0,wknd,Winter
12/22/2014 0:00,9.236404765,98.76139358,66.5,6.624470631,74.19407107,0,wk,Winter
12/23/2014 0:00,6.624470631,74.19407107,51,9.501383591,74.19407107,0,wk,Winter
12/24/2014 0:00,9.501383591,47.20408501,46,10.59915301,74.19407107,0,wk,Winter
12/25/2014 0:00,10.59915301,22.86388721,49,5.829534155,74.19407107,0,wk,Winter
12/26/2014 0:00,5.829534155,9.425675355,63.5,7.53296946,74.19407107,0,wk,Winter
12/27/2014 0:00,7.53296946,8.517176526,53.5,6.018804745,74.19407107,0,wknd,Winter
12/28/2014 0:00,6.018804745,9.236404765,39.5,4.163952968,74.19407107,0,wknd,Winter
12/29/2014 0:00,4.163952968,6.624470631,48.5,5.450992976,74.19407107,0,wk,Winter
12/30/2014 0:00,5.450992976,9.501383591,42.5,6.473054159,74.19407107,0,wk,Winter
12/31/2014 0:00,6.473054159,10.59915301,39,5.488847094,74.19407107,0,wk,Winter
1/1/2015 0:00,5.488847094,5.829534155,37,4.693910619,68.21312044,0,wk,Winter
1/2/2015 0:00,4.693910619,7.53296946,40.5,7.419407107,68.21312044,0,wk,Winter
1/3/2015 0:00,7.419407107,6.018804745,50.5,5.715971802,68.21312044,0,wknd,Winter
1/4/2015 0:00,5.715971802,4.163952968,43,4.391077675,68.21312044,0,wknd,Winter
1/5/2015 0:00,4.391077675,5.450992976,40.5,24.83230134,68.21312044,0,wk,Winter
1/6/2015 0:00,24.83230134,6.473054159,53.5,65.71474866,68.21312044,0,wk,Winter
1/7/2015 0:00,65.71474866,5.488847094,40.5,64.01131335,68.21312044,0,wk,Winter
1/8/2015 0:00,64.01131335,4.693910619,29.5,17.71572717,68.21312044,0,wk,Winter
1/9/2015 0:00,17.71572717,7.419407107,36,16.65581187,68.21312044,0,wk,Winter
1/10/2015 0:00,16.65581187,5.715971802,34,22.86388721,68.21312044,0,wknd,Winter
1/11/2015 0:00,22.86388721,4.391077675,41.5,26.34646605,68.21312044,0,wknd,Winter
1/12/2015 0:00,26.34646605,24.83230134,43,62.38358628,68.21312044,0,wk,Winter
1/13/2015 0:00,62.38358628,65.71474866,38.5,66.58539337,68.21312044,0,wk,Winter
1/14/2015 0:00,66.58539337,64.01131335,39,67.30462161,68.21312044,0,wk,Winter
1/15/2015 0:00,67.30462161,17.71572717,48.5,70.4465134,68.21312044,0,wk,Winter
1/16/2015 0:00,70.4465134,16.65581187,51,71.39286634,68.21312044,0,wk,Winter
1/17/2015 0:00,71.39286634,22.86388721,54,53.67713917,68.21312044,0,wknd,Winter
1/18/2015 0:00,53.67713917,26.34646605,59,68.21312044,68.21312044,0,wknd,Winter
1/19/2015 0:00,68.21312044,62.38358628,56,96.45229239,68.21312044,0,wk,Winter
1/20/2015 0:00,96.45229239,66.58539337,60.5,166.1417234,68.21312044,1,wk,Winter
1/21/2015 0:00,166.1417234,67.30462161,53,175.5295447,68.21312044,1,wk,Winter
1/22/2015 0:00,175.5295447,70.4465134,46.5,170.9491964,68.21312044,1,wk,Winter
1/23/2015 0:00,170.9491964,71.39286634,44.5,142.7478786,68.21312044,1,wk,Winter
1/24/2015 0:00,142.7478786,53.67713917,49.5,88.20009469,68.21312044,1,wknd,Winter
1/25/2015 0:00,88.20009469,68.21312044,56.5,99.89701712,68.21312044,1,wknd,Winter
1/26/2015 0:00,99.89701712,96.45229239,60,179.7692059,68.21312044,1,wk,Winter
1/27/2015 0:00,179.7692059,166.1417234,67,150.0158692,68.21312044,1,wk,Winter
1/28/2015 0:00,150.0158692,175.5295447,61.5,169.548594,68.21312044,1,wk,Winter
1/29/2015 0:00,169.548594,170.9491964,65.5,170.0785517,68.21312044,1,wk,Winter
1/30/2015 0:00,170.0785517,142.7478786,53,131.9973091,68.21312044,1,wk,Winter
1/31/2015 0:00,131.9973091,88.20009469,55.5,70.4465134,68.21312044,1,wknd,Winter
2/1/2015 0:00,70.4465134,99.89701712,58.5,96.9065418,170.3056764,1,wknd,Winter
2/2/2015 0:00,96.9065418,179.7692059,41,170.6842176,170.3056764,1,wk,Winter
2/3/2015 0:00,170.6842176,150.0158692,41.5,172.8419023,170.3056764,1,wk,Winter
2/4/2015 0:00,172.8419023,169.548594,48.5,169.9271352,170.3056764,1,wk,Winter
2/5/2015 0:00,169.9271352,170.0785517,45,176.3244811,170.3056764,1,wk,Winter
2/6/2015 0:00,176.3244811,131.9973091,48.5,123.8965279,170.3056764,1,wk,Winter
2/7/2015 0:00,123.8965279,70.4465134,54.5,74.76188284,170.3056764,1,wknd,Winter
2/8/2015 0:00,74.76188284,96.9065418,68,105.4237183,170.3056764,1,wknd,Winter
2/9/2015 0:00,105.4237183,170.6842176,67.5,172.0848199,170.3056764,1,wk,Winter
2/10/2015 0:00,172.0848199,172.8419023,63.5,177.1951258,170.3056764,1,wk,Winter
2/11/2015 0:00,177.1951258,169.9271352,64.5,179.0878317,170.3056764,1,wk,Winter
2/12/2015 0:00,179.0878317,176.3244811,53,180.8669753,170.3056764,1,wk,Winter
2/13/2015 0:00,180.8669753,123.8965279,54.5,127.1141279,170.3056764,1,wk,Winter
2/14/2015 0:00,127.1141279,74.76188284,63,67.79672514,170.3056764,1,wknd,Winter
2/15/2015 0:00,67.79672514,105.4237183,62.5,99.59418417,170.3056764,1,wknd,Winter
2/16/2015 0:00,99.59418417,172.0848199,51,176.3623353,170.3056764,1,wk,Winter
2/17/2015 0:00,176.3623353,177.1951258,44.5,176.3623353,170.3056764,1,wk,Winter
2/18/2015 0:00,176.3623353,179.0878317,49,173.8261094,170.3056764,1,wk,Winter
2/19/2015 0:00,173.8261094,180.8669753,54,174.2425047,170.3056764,1,wk,Winter
2/20/2015 0:00,174.2425047,127.1141279,64.5,138.9624668,170.3056764,1,wk,Winter
2/21/2015 0:00,138.9624668,67.79672514,66.5,82.90051818,170.3056764,1,wknd,Winter
2/22/2015 0:00,82.90051818,99.59418417,46.5,84.60395349,170.3056764,1,wknd,Winter
2/23/2015 0:00,84.60395349,176.3623353,33.5,177.9522082,170.3056764,1,wk,Winter
2/24/2015 0:00,177.9522082,176.3623353,33.5,162.167041,170.3056764,1,wk,Winter
2/25/2015 0:00,162.167041,173.8261094,49,178.7471447,170.3056764,1,wk,Winter
2/26/2015 0:00,178.7471447,174.2425047,42.5,171.4412999,170.3056764,1,wk,Winter
2/27/2015 0:00,171.4412999,138.9624668,33.5,136.7669279,170.3056764,1,wk,Winter
2/28/2015 0:00,136.7669279,82.90051818,33.5,67.41818396,170.3056764,1,wknd,Winter
3/1/2015 0:00,67.41818396,84.60395349,39,94.44602414,95.56272062,1,wknd,Spring
3/2/2015 0:00,94.44602414,177.9522082,41.5,NaN,95.56272062,1,wk,Spring
3/3/2015 0:00,NaN,162.167041,50.5,176.930147,95.56272062,1,wk,Spring
3/4/2015 0:00,176.930147,178.7471447,52,168.8293658,95.56272062,1,wk,Spring
3/5/2015 0:00,168.8293658,171.4412999,39,133.246495,95.56272062,1,wk,Spring
3/6/2015 0:00,133.246495,136.7669279,41.5,98.3828524,95.56272062,1,wk,Spring
3/7/2015 0:00,98.3828524,67.41818396,49,92.28833942,95.56272062,1,wknd,Spring
3/8/2015 0:00,92.28833942,94.44602414,50.5,75.63252755,95.56272062,1,wknd,Spring
3/9/2015 0:00,75.63252755,NaN,52,147.9338927,95.56272062,1,wk,Spring
3/10/2015 0:00,147.9338927,176.930147,56.5,141.3851303,95.56272062,1,wk,Spring
3/11/2015 0:00,141.3851303,168.8293658,56.5,152.6278033,95.56272062,1,wk,Spring
3/12/2015 0:00,152.6278033,133.246495,62.5,133.6250362,95.56272062,1,wk,Spring
3/13/2015 0:00,133.6250362,98.3828524,65.5,60.86942157,95.56272062,1,wk,Spring
3/14/2015 0:00,60.86942157,92.28833942,65.5,10.52344477,95.56272062,0,wknd,Spring
3/15/2015 0:00,10.52344477,75.63252755,60,7.570823578,95.56272062,0,wknd,Spring
3/16/2015 0:00,7.570823578,147.9338927,64.5,26.2329037,95.56272062,0,wk,Spring
3/17/2015 0:00,26.2329037,141.3851303,70,23.2802825,95.56272062,0,wk,Spring
3/18/2015 0:00,23.2802825,152.6278033,70.5,22.82603309,95.56272062,0,wk,Spring
3/19/2015 0:00,22.82603309,133.6250362,73,23.09101191,95.56272062,0,wk,Spring
3/20/2015 0:00,23.09101191,60.86942157,64,26.00577899,95.56272062,0,wk,Spring
3/21/2015 0:00,26.00577899,10.52344477,58,9.047134176,95.56272062,0,wknd,Spring
3/22/2015 0:00,9.047134176,7.570823578,67.5,27.78492253,95.56272062,0,wknd,Spring
3/23/2015 0:00,27.78492253,26.2329037,66,137.2590315,95.56272062,1,wk,Spring
3/24/2015 0:00,137.2590315,23.2802825,71,143.8835021,95.56272062,1,wk,Spring
3/25/2015 0:00,143.8835021,22.82603309,73,153.157761,95.56272062,1,wk,Spring
3/26/2015 0:00,153.157761,23.09101191,62,149.2209327,95.56272062,1,wk,Spring
3/27/2015 0:00,149.2209327,26.00577899,64,96.67941709,95.56272062,1,wk,Spring
3/28/2015 0:00,96.67941709,9.047134176,66,41.86665439,95.56272062,1,wknd,Spring
3/29/2015 0:00,41.86665439,27.78492253,70.5,63.97345924,95.56272062,1,wknd,Spring
3/30/2015 0:00,63.97345924,137.2590315,72,151.1136386,95.56272062,1,wk,Spring
3/31/2015 0:00,151.1136386,143.8835021,74,160.1607728,95.56272062,1,wk,Spring
4/1/2015 0:00,160.1607728,153.157761,75.5,144.2241892,83.31691348,1,wk,Spring
4/2/2015 0:00,144.2241892,149.2209327,76,143.9213562,83.31691348,1,wk,Spring
4/3/2015 0:00,143.9213562,96.67941709,76,69.72728516,83.31691348,1,wk,Spring
4/4/2015 0:00,69.72728516,41.86665439,62.5,52.57936975,83.31691348,1,wknd,Spring
4/5/2015 0:00,52.57936975,63.97345924,64,83.31691348,83.31691348,1,wknd,Spring
4/6/2015 0:00,83.31691348,151.1136386,75,83.31691348,83.31691348,1,wk,Spring
4/7/2015 0:00,83.31691348,160.1607728,77.5,83.31691348,83.31691348,1,wk,Spring
4/8/2015 0:00,83.31691348,144.2241892,74,83.31691348,83.31691348,1,wk,Spring
4/9/2015 0:00,83.31691348,143.9213562,78.5,83.31691348,83.31691348,1,wk,Spring
4/10/2015 0:00,83.31691348,69.72728516,65,83.31691348,83.31691348,1,wk,Spring
4/11/2015 0:00,83.31691348,52.57936975,64.5,83.31691348,83.31691348,1,wknd,Spring
4/12/2015 0:00,83.31691348,83.31691348,74.5,83.31691348,83.31691348,1,wknd,Spring
4/13/2015 0:00,83.31691348,83.31691348,75.5,83.31691348,83.31691348,1,wk,Spring
4/14/2015 0:00,83.31691348,83.31691348,67,83.31691348,83.31691348,1,wk,Spring
4/15/2015 0:00,83.31691348,83.31691348,68.5,83.31691348,83.31691348,1,wk,Spring
4/16/2015 0:00,83.31691348,83.31691348,74,83.31691348,83.31691348,1,wk,Spring
4/17/2015 0:00,83.31691348,83.31691348,70.5,83.31691348,83.31691348,1,wk,Spring
4/18/2015 0:00,83.31691348,83.31691348,65.5,83.31691348,83.31691348,1,wknd,Spring
4/19/2015 0:00,83.31691348,83.31691348,73,83.31691348,83.31691348,1,wknd,Spring
4/20/2015 0:00,83.31691348,83.31691348,63.5,83.31691348,83.31691348,1,wk,Spring
4/21/2015 0:00,83.31691348,83.31691348,66,83.31691348,83.31691348,1,wk,Spring
4/22/2015 0:00,83.31691348,83.31691348,74,83.31691348,83.31691348,1,wk,Spring
4/23/2015 0:00,83.31691348,83.31691348,76.5,83.31691348,83.31691348,1,wk,Spring
4/24/2015 0:00,83.31691348,83.31691348,77,83.31691348,83.31691348,1,wk,Spring
4/25/2015 0:00,83.31691348,83.31691348,81.5,83.31691348,83.31691348,1,wknd,Spring
4/26/2015 0:00,83.31691348,83.31691348,77.5,83.31691348,83.31691348,1,wknd,Spring
4/27/2015 0:00,83.31691348,83.31691348,74,83.31691348,83.31691348,1,wk,Spring
4/28/2015 0:00,83.31691348,83.31691348,59,83.31691348,83.31691348,1,wk,Spring
4/29/2015 0:00,83.31691348,83.31691348,63,83.31691348,83.31691348,1,wk,Spring
4/30/2015 0:00,83.31691348,83.31691348,66.5,132.8679538,83.31691348,1,wk,Spring
5/1/2015 0:00,132.8679538,83.31691348,69.5,94.71100296,44.97069205,1,wk,Spring
5/2/2015 0:00,94.71100296,83.31691348,70.5,42.13163321,44.97069205,1,wknd,Spring
5/3/2015 0:00,42.13163321,83.31691348,71,61.51294157,44.97069205,1,wknd,Spring
5/4/2015 0:00,61.51294157,83.31691348,75,132.0730173,44.97069205,1,wk,Spring
5/5/2015 0:00,132.0730173,83.31691348,74.5,132.0730173,44.97069205,1,wk,Spring
5/6/2015 0:00,132.0730173,83.31691348,79,138.0539679,44.97069205,1,wk,Spring
5/7/2015 0:00,138.0539679,132.8679538,78,133.4736197,44.97069205,1,wk,Spring
5/8/2015 0:00,133.4736197,94.71100296,76,86.87520056,44.97069205,1,wk,Spring
5/9/2015 0:00,86.87520056,42.13163321,78.5,34.52295552,44.97069205,1,wknd,Spring
5/10/2015 0:00,34.52295552,61.51294157,81.5,53.03361917,44.97069205,1,wknd,Spring
5/11/2015 0:00,53.03361917,132.0730173,73.5,80.96995817,44.97069205,1,wk,Spring
5/12/2015 0:00,80.96995817,132.0730173,67,84.83107819,44.97069205,1,wk,Spring
5/13/2015 0:00,84.83107819,138.0539679,67,109.9283584,44.97069205,1,wk,Spring
5/14/2015 0:00,109.9283584,133.4736197,77.5,103.2281795,44.97069205,1,wk,Spring
5/15/2015 0:00,103.2281795,86.87520056,72,77.29810873,44.97069205,1,wk,Spring
5/16/2015 0:00,77.29810873,34.52295552,77,40.50390614,44.97069205,1,wknd,Spring
5/17/2015 0:00,40.50390614,53.03361917,75,44.97069205,44.97069205,1,wknd,Spring
5/18/2015 0:00,44.97069205,80.96995817,80.5,55.68340742,44.97069205,1,wk,Spring
5/19/2015 0:00,55.68340742,84.83107819,81.5,45.00854617,44.97069205,1,wk,Spring
5/20/2015 0:00,45.00854617,109.9283584,80.5,33.50089433,44.97069205,0,wk,Spring
5/21/2015 0:00,33.50089433,103.2281795,69,17.64001894,44.97069205,0,wk,Spring
5/22/2015 0:00,17.64001894,77.29810873,69.5,8.062927111,44.97069205,0,wk,Spring
5/23/2015 0:00,8.062927111,40.50390614,76.5,7.646531814,44.97069205,0,wknd,Spring
5/24/2015 0:00,7.646531814,44.97069205,73,4.428931793,44.97069205,0,wknd,Spring
5/25/2015 0:00,4.428931793,55.68340742,74,3.444724728,44.97069205,0,wk,Spring
5/26/2015 0:00,3.444724728,45.00854617,77.5,20.89547308,44.97069205,0,wk,Spring
5/27/2015 0:00,20.89547308,33.50089433,76,22.06895073,44.97069205,0,wk,Spring
5/28/2015 0:00,22.06895073,17.64001894,78,24.94586369,44.97069205,0,wk,Spring
5/29/2015 0:00,24.94586369,8.062927111,76.5,25.05942604,44.97069205,0,wk,Spring
5/30/2015 0:00,25.05942604,7.646531814,79,8.592884761,44.97069205,0,wknd,Spring
5/31/2015 0:00,8.592884761,4.428931793,76.5,17.33718599,44.97069205,0,wknd,Spring
6/1/2015 0:00,17.33718599,3.444724728,76,44.47858852,62.91354394,0,wk,Summer
6/2/2015 0:00,44.47858852,20.89547308,78.5,44.63000499,62.91354394,0,wk,Summer
6/3/2015 0:00,44.63000499,22.06895073,78,45.04640029,62.91354394,0,wk,Summer
6/4/2015 0:00,45.04640029,24.94586369,78,43.1536944,62.91354394,0,wk,Summer
6/5/2015 0:00,43.1536944,25.05942604,79.5,36.03712023,62.91354394,0,wk,Summer
6/6/2015 0:00,36.03712023,8.592884761,80,18.85135071,62.91354394,0,wknd,Summer
6/7/2015 0:00,18.85135071,17.33718599,80.5,36.75634847,62.91354394,0,wknd,Summer
6/8/2015 0:00,36.75634847,44.47858852,82,87.67013704,62.91354394,0,wk,Summer
6/9/2015 0:00,87.67013704,44.63000499,83.5,110.0040666,62.91354394,0,wk,Summer
6/10/2015 0:00,110.0040666,45.04640029,82.5,93.08327589,62.91354394,0,wk,Summer
6/11/2015 0:00,93.08327589,43.1536944,83.5,85.70172291,62.91354394,0,wk,Summer
6/12/2015 0:00,85.70172291,36.03712023,84,71.88496988,62.91354394,0,wk,Summer
6/13/2015 0:00,71.88496988,18.85135071,85,23.2802825,62.91354394,0,wknd,Summer
6/14/2015 0:00,23.2802825,36.75634847,79,40.08751085,62.91354394,0,wknd,Summer
6/15/2015 0:00,40.08751085,87.67013704,81.5,81.15922876,62.91354394,0,wk,Summer
6/16/2015 0:00,81.15922876,110.0040666,78,98.98851829,62.91354394,0,wk,Summer
6/17/2015 0:00,98.98851829,93.08327589,80.5,82.63553936,62.91354394,0,wk,Summer
6/18/2015 0:00,82.63553936,85.70172291,81.5,66.24470631,62.91354394,0,wk,Summer
6/19/2015 0:00,66.24470631,71.88496988,77.5,60.3016098,62.91354394,0,wk,Summer
6/20/2015 0:00,60.3016098,23.2802825,77.5,41.41240497,62.91354394,0,wknd,Summer
6/21/2015 0:00,41.41240497,40.08751085,79,40.95815556,62.91354394,0,wknd,Summer
6/22/2015 0:00,40.95815556,81.15922876,80.5,77.8659205,62.91354394,0,wk,Summer
6/23/2015 0:00,77.8659205,98.98851829,83.5,89.03288528,62.91354394,0,wk,Summer
6/24/2015 0:00,89.03288528,82.63553936,83,80.44000052,62.91354394,0,wk,Summer
6/25/2015 0:00,80.44000052,66.24470631,83,65.52547807,62.91354394,0,wk,Summer
6/26/2015 0:00,65.52547807,60.3016098,84.5,59.73379803,62.91354394,0,wk,Summer
6/27/2015 0:00,59.73379803,41.41240497,82.5,19.79770366,62.91354394,0,wknd,Summer
6/28/2015 0:00,19.79770366,40.95815556,82,20.36551543,62.91354394,0,wknd,Summer
6/29/2015 0:00,20.36551543,77.8659205,83.5,65.90401925,62.91354394,0,wk,Summer
6/30/2015 0:00,65.90401925,89.03288528,83.5,70.93861693,62.91354394,0,wk,Summer
7/1/2015 0:00,70.93861693,80.44000052,81,53.48786858,53.48786858,0,wk,Summer
7/2/2015 0:00,53.48786858,65.52547807,80.5,46.7498356,53.48786858,0,wk,Summer
7/3/2015 0:00,46.7498356,59.73379803,83.5,33.46304022,53.48786858,0,wk,Summer
7/4/2015 0:00,33.46304022,19.79770366,84,14.11958597,53.48786858,0,wknd,Summer
7/5/2015 0:00,14.11958597,20.36551543,83.5,24.37805192,53.48786858,0,wknd,Summer
7/6/2015 0:00,24.37805192,65.90401925,84,24.37805192,53.48786858,0,wk,Summer
7/7/2015 0:00,24.37805192,70.93861693,84.5,72.90703106,53.48786858,0,wk,Summer
7/8/2015 0:00,72.90703106,53.48786858,84.5,52.16297445,53.48786858,0,wk,Summer
7/9/2015 0:00,52.16297445,46.7498356,84.5,53.79070152,53.48786858,0,wk,Summer
7/10/2015 0:00,53.79070152,33.46304022,84,52.57936975,53.48786858,0,wk,Summer
7/11/2015 0:00,52.57936975,14.11958597,83,27.51994371,53.48786858,0,wknd,Summer
7/12/2015 0:00,27.51994371,24.37805192,84,20.36551543,53.48786858,0,wknd,Summer
7/13/2015 0:00,20.36551543,24.37805192,85.5,55.83482389,53.48786858,0,wk,Summer
7/14/2015 0:00,55.83482389,72.90703106,85.5,70.25724281,53.48786858,0,wk,Summer
7/15/2015 0:00,70.25724281,52.16297445,85,72.98273929,53.48786858,0,wk,Summer
7/16/2015 0:00,72.98273929,53.79070152,84.5,50.64880974,53.48786858,0,wk,Summer
7/17/2015 0:00,50.64880974,52.57936975,86,46.44700265,53.48786858,0,wk,Summer
7/18/2015 0:00,46.44700265,27.51994371,87.5,30.43471078,53.48786858,0,wknd,Summer
7/19/2015 0:00,30.43471078,20.36551543,86.5,33.31162374,53.48786858,0,wknd,Summer
7/20/2015 0:00,33.31162374,55.83482389,85.5,68.09955809,53.48786858,0,wk,Summer
7/21/2015 0:00,68.09955809,70.25724281,86,59.46881921,53.48786858,0,wk,Summer
7/22/2015 0:00,59.46881921,72.98273929,87,60.68015098,53.48786858,0,wk,Summer
7/23/2015 0:00,60.68015098,50.64880974,88,65.48762395,53.48786858,0,wk,Summer
7/24/2015 0:00,65.48762395,46.44700265,88,71.54428281,53.48786858,0,wk,Summer
7/25/2015 0:00,71.54428281,30.43471078,86.5,40.46605203,53.48786858,0,wknd,Summer
7/26/2015 0:00,40.46605203,33.31162374,87,31.87316726,53.48786858,0,wknd,Summer
7/27/2015 0:00,31.87316726,68.09955809,88.5,55.94838624,53.48786858,0,wk,Summer
7/28/2015 0:00,55.94838624,59.46881921,88.5,61.70221216,53.48786858,0,wk,Summer
7/29/2015 0:00,61.70221216,60.68015098,88.5,63.78418865,53.48786858,0,wk,Summer
7/30/2015 0:00,63.78418865,65.48762395,88,64.12487571,53.48786858,0,wk,Summer
7/31/2015 0:00,64.12487571,71.54428281,90,61.13440039,53.48786858,0,wk,Summer
8/1/2015 0:00,61.13440039,40.46605203,86,22.29607544,47.20408501,0,wknd,Summer
8/2/2015 0:00,22.29607544,31.87316726,87.5,21.50113896,47.20408501,0,wknd,Summer
8/3/2015 0:00,21.50113896,55.94838624,87,35.99926611,47.20408501,0,wk,Summer
8/4/2015 0:00,35.99926611,61.70221216,88.5,45.84133677,47.20408501,0,wk,Summer
8/5/2015 0:00,45.84133677,63.78418865,89.5,50.00528973,47.20408501,0,wk,Summer
8/6/2015 0:00,50.00528973,64.12487571,89.5,71.05217928,47.20408501,0,wk,Summer
8/7/2015 0:00,71.05217928,61.13440039,88.5,47.20408501,47.20408501,0,wk,Summer
8/8/2015 0:00,47.20408501,22.29607544,90,20.81976484,47.20408501,0,wknd,Summer
8/9/2015 0:00,20.81976484,21.50113896,89.5,23.50740721,47.20408501,0,wknd,Summer
8/10/2015 0:00,23.50740721,35.99926611,89.5,41.98021674,47.20408501,0,wk,Summer
8/11/2015 0:00,41.98021674,45.84133677,90,47.50691795,47.20408501,0,wk,Summer
8/12/2015 0:00,47.50691795,50.00528973,92,48.8696662,47.20408501,0,wk,Summer
8/13/2015 0:00,48.8696662,71.05217928,91,47.09052266,47.20408501,0,wk,Summer
8/14/2015 0:00,47.09052266,47.20408501,89.5,45.34923323,47.20408501,0,wk,Summer
8/15/2015 0:00,45.34923323,20.81976484,88.5,24.87015545,47.20408501,0,wknd,Summer
8/16/2015 0:00,24.87015545,23.50740721,86.5,23.88594839,47.20408501,0,wknd,Summer
8/17/2015 0:00,23.88594839,41.98021674,86,35.43145435,47.20408501,0,wk,Summer
8/18/2015 0:00,35.43145435,47.50691795,87.5,59.46881921,47.20408501,0,wk,Summer
8/19/2015 0:00,59.46881921,48.8696662,88.5,37.92982613,47.20408501,0,wk,Summer
8/20/2015 0:00,37.92982613,47.09052266,78.5,48.75610384,47.20408501,0,wk,Summer
8/21/2015 0:00,48.75610384,45.34923323,82,55.41842859,47.20408501,0,wk,Summer
8/22/2015 0:00,55.41842859,24.87015545,87,39.51969908,47.20408501,0,wknd,Summer
8/23/2015 0:00,39.51969908,23.88594839,88.5,61.85362863,47.20408501,0,wknd,Summer
8/24/2015 0:00,61.85362863,35.43145435,88.5,85.39888996,47.20408501,0,wk,Summer
8/25/2015 0:00,85.39888996,59.46881921,89,92.09906883,47.20408501,0,wk,Summer
8/26/2015 0:00,92.09906883,37.92982613,85.5,135.9719915,47.20408501,1,wk,Summer
8/27/2015 0:00,135.9719915,48.75610384,86,131.6944761,47.20408501,1,wk,Summer
8/28/2015 0:00,131.6944761,55.41842859,85,99.89701712,47.20408501,1,wk,Summer
8/29/2015 0:00,99.89701712,39.51969908,83,39.02759555,47.20408501,1,wknd,Summer
8/30/2015 0:00,39.02759555,61.85362863,85.5,67.87243338,47.20408501,1,wknd,Summer
8/31/2015 0:00,67.87243338,85.39888996,85.5,145.9276245,47.20408501,1,wk,Summer
9/1/2015 0:00,145.9276245,92.09906883,84,137.5618644,132.0351632,1,wk,Fall
9/2/2015 0:00,137.5618644,135.9719915,83,142.899295,132.0351632,1,wk,Fall
9/3/2015 0:00,142.899295,131.6944761,83.5,134.1549938,132.0351632,1,wk,Fall
9/4/2015 0:00,134.1549938,99.89701712,87.5,97.17152063,132.0351632,1,wk,Fall
9/5/2015 0:00,97.17152063,39.02759555,90,32.21385433,132.0351632,1,wknd,Fall
9/6/2015 0:00,32.21385433,67.87243338,88,48.90752032,132.0351632,1,wknd,Fall
9/7/2015 0:00,48.90752032,145.9276245,88,59.01456979,132.0351632,1,wk,Fall
9/8/2015 0:00,59.01456979,137.5618644,87.5,134.4956809,132.0351632,1,wk,Fall
9/9/2015 0:00,134.4956809,142.899295,83.5,130.2181655,132.0351632,1,wk,Fall
9/10/2015 0:00,130.2181655,134.1549938,84,137.7132809,132.0351632,1,wk,Fall
9/11/2015 0:00,137.7132809,97.17152063,84,100.6162454,132.0351632,1,wk,Fall
9/12/2015 0:00,100.6162454,32.21385433,80,38.76261672,132.0351632,1,wknd,Fall
9/13/2015 0:00,38.76261672,48.90752032,77,94.63529473,132.0351632,1,wknd,Fall
9/14/2015 0:00,94.63529473,59.01456979,77,NaN,132.0351632,1,wk,Fall
9/15/2015 0:00,NaN,134.4956809,84,134.5713891,132.0351632,1,wk,Fall
9/16/2015 0:00,134.5713891,130.2181655,84,132.0351632,132.0351632,1,wk,Fall
9/17/2015 0:00,132.0351632,137.7132809,85.5,136.0098456,132.0351632,1,wk,Fall
9/18/2015 0:00,136.0098456,100.6162454,85.5,104.9316148,132.0351632,1,wk,Fall
9/19/2015 0:00,104.9316148,38.76261672,85,41.56382144,132.0351632,1,wknd,Fall
9/20/2015 0:00,41.56382144,94.63529473,82,64.08702159,132.0351632,1,wknd,Fall
9/21/2015 0:00,64.08702159,NaN,84,142.255775,132.0351632,1,wk,Fall
9/22/2015 0:00,142.255775,134.5713891,83.5,148.3881421,132.0351632,1,wk,Fall
9/23/2015 0:00,148.3881421,132.0351632,81,143.6942315,132.0351632,1,wk,Fall
9/24/2015 0:00,143.6942315,136.0098456,82,137.7889891,132.0351632,1,wk,Fall
9/25/2015 0:00,137.7889891,104.9316148,84,100.0484336,132.0351632,1,wk,Fall
9/26/2015 0:00,100.0484336,41.56382144,81.5,41.33669674,132.0351632,1,wknd,Fall
9/27/2015 0:00,41.33669674,64.08702159,81,70.78720046,132.0351632,1,wknd,Fall
9/28/2015 0:00,70.78720046,142.255775,79,148.993808,132.0351632,1,wk,Fall
9/29/2015 0:00,148.993808,148.3881421,80.5,149.5237657,132.0351632,1,wk,Fall
9/30/2015 0:00,149.5237657,143.6942315,82.5,145.3598127,132.0351632,1,wk,Fall
10/1/2015 0:00,145.3598127,137.7889891,81.5,147.4796433,137.4483021,1,wk,Fall
10/2/2015 0:00,147.4796433,100.0484336,78,97.51220769,137.4483021,1,wk,Fall
10/3/2015 0:00,97.51220769,41.33669674,71.5,37.36201436,137.4483021,1,wknd,Fall
10/4/2015 0:00,37.36201436,70.78720046,73,66.92608043,137.4483021,1,wknd,Fall
10/5/2015 0:00,66.92608043,148.993808,76,144.9055633,137.4483021,1,wk,Fall
10/6/2015 0:00,144.9055633,149.5237657,76.5,138.3189468,137.4483021,1,wk,Fall
10/7/2015 0:00,138.3189468,145.3598127,76.5,137.6375727,137.4483021,1,wk,Fall
10/8/2015 0:00,137.6375727,147.4796433,79.5,139.4545703,137.4483021,1,wk,Fall
10/9/2015 0:00,139.4545703,97.51220769,80,97.89074887,137.4483021,1,wk,Fall
10/10/2015 0:00,97.89074887,37.36201436,78.5,37.77840966,137.4483021,1,wknd,Fall
10/11/2015 0:00,37.77840966,66.92608043,79.5,72.03638635,137.4483021,1,wknd,Fall
10/12/2015 0:00,72.03638635,144.9055633,85.5,147.2525186,137.4483021,1,wk,Fall
10/13/2015 0:00,147.2525186,138.3189468,79,144.0727727,137.4483021,1,wk,Fall
10/14/2015 0:00,144.0727727,137.6375727,78,140.8930268,137.4483021,1,wk,Fall
10/15/2015 0:00,140.8930268,139.4545703,79,137.7132809,137.4483021,1,wk,Fall
10/16/2015 0:00,137.7132809,97.89074887,76,106.6729042,137.4483021,1,wk,Fall
10/17/2015 0:00,106.6729042,37.77840966,75,40.76888497,137.4483021,1,wknd,Fall
10/18/2015 0:00,40.76888497,72.03638635,70.5,67.00178867,137.4483021,1,wknd,Fall
10/19/2015 0:00,67.00178867,147.2525186,70,146.9118315,137.4483021,1,wk,Fall
10/20/2015 0:00,146.9118315,144.0727727,72.5,150.4701186,137.4483021,1,wk,Fall
10/21/2015 0:00,150.4701186,140.8930268,79,145.4355209,137.4483021,1,wk,Fall
10/22/2015 0:00,145.4355209,137.7132809,76,152.2871163,137.4483021,1,wk,Fall
10/23/2015 0:00,152.2871163,106.6729042,75.5,107.8463819,137.4483021,1,wk,Fall
10/24/2015 0:00,107.8463819,40.76888497,68,47.50691795,137.4483021,1,wknd,Fall
10/25/2015 0:00,47.50691795,67.00178867,60.5,74.34548754,137.4483021,1,wknd,Fall
10/26/2015 0:00,74.34548754,146.9118315,68.5,150.924368,137.4483021,1,wk,Fall
10/27/2015 0:00,150.924368,150.4701186,71,168.1858458,137.4483021,1,wk,Fall
10/28/2015 0:00,168.1858458,145.4355209,70,137.4483021,137.4483021,1,wk,Fall
10/29/2015 0:00,137.4483021,152.2871163,66,130.7481232,137.4483021,1,wk,Fall
10/30/2015 0:00,130.7481232,107.8463819,71,95.12739826,137.4483021,1,wk,Fall
10/31/2015 0:00,95.12739826,47.50691795,71,39.74682379,137.4483021,1,wknd,Fall
11/1/2015 0:00,39.74682379,74.34548754,67,73.85338401,125.4674738,1,wknd,Fall
11/2/2015 0:00,73.85338401,150.924368,68,142.6343162,125.4674738,1,wk,Fall
11/3/2015 0:00,142.6343162,168.1858458,68.5,150.1294316,125.4674738,1,wk,Fall
11/4/2015 0:00,150.1294316,137.4483021,69.5,148.350288,125.4674738,1,wk,Fall
11/5/2015 0:00,148.350288,130.7481232,78.5,162.8862693,125.4674738,1,wk,Fall
11/6/2015 0:00,162.8862693,95.12739826,67.5,134.6092432,125.4674738,1,wk,Fall
11/7/2015 0:00,134.6092432,39.74682379,59.5,44.74356735,125.4674738,1,wknd,Fall
11/8/2015 0:00,44.74356735,73.85338401,62,65.60118631,125.4674738,1,wknd,Fall
11/9/2015 0:00,65.60118631,142.6343162,62.5,144.7541468,125.4674738,1,wk,Fall
11/10/2015 0:00,144.7541468,150.1294316,67,146.3818739,125.4674738,1,wk,Fall
11/11/2015 0:00,146.3818739,148.350288,77,139.4167162,125.4674738,1,wk,Fall
11/12/2015 0:00,139.4167162,162.8862693,63.5,128.0226267,125.4674738,1,wk,Fall
11/13/2015 0:00,128.0226267,134.6092432,60.5,106.7486125,125.4674738,1,wk,Fall
11/14/2015 0:00,106.7486125,44.74356735,59.5,36.11282847,125.4674738,1,wknd,Fall
11/15/2015 0:00,36.11282847,65.60118631,62,70.4465134,125.4674738,1,wknd,Fall
11/16/2015 0:00,70.4465134,144.7541468,70,136.7290738,125.4674738,1,wk,Fall
11/17/2015 0:00,136.7290738,146.3818739,61,135.7827209,125.4674738,1,wk,Fall
11/18/2015 0:00,135.7827209,139.4167162,57.5,144.7920009,125.4674738,1,wk,Fall
11/19/2015 0:00,144.7920009,128.0226267,62.5,140.5144856,125.4674738,1,wk,Fall
11/20/2015 0:00,140.5144856,106.7486125,64.5,122.9123208,125.4674738,1,wk,Fall
11/21/2015 0:00,122.9123208,36.11282847,53.5,63.70848041,125.4674738,1,wknd,Fall
11/22/2015 0:00,63.70848041,70.4465134,46.5,88.91932293,125.4674738,1,wknd,Fall
11/23/2015 0:00,88.91932293,136.7290738,47.5,145.0191256,125.4674738,1,wk,Fall
11/24/2015 0:00,145.0191256,135.7827209,55.5,99.93487123,125.4674738,1,wk,Fall
11/25/2015 0:00,99.93487123,144.7920009,68,48.18829208,125.4674738,1,wk,Fall
11/26/2015 0:00,48.18829208,140.5144856,71,14.00602362,125.4674738,0,wk,Fall
11/27/2015 0:00,14.00602362,122.9123208,57.5,14.87666833,125.4674738,0,wk,Fall
11/28/2015 0:00,14.87666833,63.70848041,41.5,11.69692243,125.4674738,0,wknd,Fall
11/29/2015 0:00,11.69692243,88.91932293,44.5,31.15393902,125.4674738,0,wknd,Fall
11/30/2015 0:00,31.15393902,145.0191256,50,135.9341373,125.4674738,1,wk,Fall
12/1/2015 0:00,135.9341373,99.93487123,52.5,136.1991162,37.74055554,1,wk,Winter
12/2/2015 0:00,136.1991162,48.18829208,55,131.6944761,37.74055554,1,wk,Winter
12/3/2015 0:00,131.6944761,14.00602362,51.5,129.9153326,37.74055554,1,wk,Winter
12/4/2015 0:00,129.9153326,14.87666833,50,97.09581239,37.74055554,1,wk,Winter
12/5/2015 0:00,97.09581239,11.69692243,51,39.48184496,37.74055554,1,wknd,Winter
12/6/2015 0:00,39.48184496,31.15393902,57,61.7779204,37.74055554,1,wknd,Winter
12/7/2015 0:00,61.7779204,135.9341373,56.5,110.1933372,37.74055554,1,wk,Winter
12/8/2015 0:00,110.1933372,136.1991162,58.5,114.6601231,37.74055554,1,wk,Winter
12/9/2015 0:00,114.6601231,131.6944761,61.5,120.1868243,37.74055554,1,wk,Winter
12/10/2015 0:00,120.1868243,129.9153326,64.5,117.7641608,37.74055554,1,wk,Winter
12/11/2015 0:00,117.7641608,97.09581239,65.5,93.80250413,37.74055554,1,wk,Winter
12/12/2015 0:00,93.80250413,39.48184496,72.5,54.47207565,37.74055554,1,wknd,Winter
12/13/2015 0:00,54.47207565,61.7779204,60,51.78443328,37.74055554,1,wknd,Winter
12/14/2015 0:00,51.78443328,110.1933372,58.5,68.06170397,37.74055554,1,wk,Winter
12/15/2015 0:00,68.06170397,114.6601231,64,53.63928505,37.74055554,1,wk,Winter
12/16/2015 0:00,53.63928505,120.1868243,54.5,37.74055554,37.74055554,0,wk,Winter
12/17/2015 0:00,37.74055554,117.7641608,53.5,17.75358129,37.74055554,0,wk,Winter
12/18/2015 0:00,17.75358129,93.80250413,46,14.76310598,37.74055554,0,wk,Winter
12/19/2015 0:00,14.76310598,54.47207565,51,9.312113001,37.74055554,0,wknd,Winter
12/20/2015 0:00,9.312113001,51.78443328,59,8.706447115,37.74055554,0,wknd,Winter
12/21/2015 0:00,8.706447115,68.06170397,65,15.89872951,37.74055554,0,wk,Winter
12/22/2015 0:00,15.89872951,53.63928505,64,12.56756714,37.74055554,0,wk,Winter
12/23/2015 0:00,12.56756714,37.74055554,67,10.67486125,37.74055554,0,wk,Winter
12/24/2015 0:00,10.67486125,17.75358129,63,10.18275771,37.74055554,0,wk,Winter
12/25/2015 0:00,10.18275771,14.76310598,60.5,9.87992477,37.74055554,0,wk,Winter
12/26/2015 0:00,9.87992477,9.312113001,74,9.728508298,37.74055554,0,wknd,Winter
12/27/2015 0:00,9.728508298,8.706447115,54.5,9.198550648,37.74055554,0,wknd,Winter
12/28/2015 0:00,9.198550648,15.89872951,41,10.71271536,37.74055554,0,wk,Winter
12/29/2015 0:00,10.71271536,12.56756714,43,11.81048478,37.74055554,0,wk,Winter
12/30/2015 0:00,11.81048478,10.67486125,49,12.56756714,37.74055554,0,wk,Winter
12/31/2015 0:00,12.56756714,10.18275771,46,12.60542126,37.74055554,0,wk,Winter
1/1/2016 0:00,12.60542126,9.87992477,46,11.96190125,40.2010732,0,wk,Winter
1/2/2016 0:00,11.96190125,9.728508298,44.5,11.62121419,40.2010732,0,wknd,Winter
1/3/2016 0:00,11.62121419,9.198550648,51.5,5.110305915,40.2010732,0,wknd,Winter
1/4/2016 0:00,5.110305915,10.71271536,47.5,26.38432017,40.2010732,0,wk,Winter
1/5/2016 0:00,26.38432017,11.81048478,46,28.61771313,40.2010732,0,wk,Winter
1/6/2016 0:00,28.61771313,12.56756714,49.5,41.37455086,40.2010732,0,wk,Winter
1/7/2016 0:00,41.37455086,12.60542126,61,24.1130731,40.2010732,0,wk,Winter
1/8/2016 0:00,24.1130731,11.96190125,55,25.8165084,40.2010732,0,wk,Winter
1/9/2016 0:00,25.8165084,11.62121419,48,10.90198595,40.2010732,0,wknd,Winter
1/10/2016 0:00,10.90198595,5.110305915,41.5,10.48559066,40.2010732,0,wknd,Winter
1/11/2016 0:00,10.48559066,26.38432017,45,40.2010732,40.2010732,0,wk,Winter
1/12/2016 0:00,40.2010732,28.61771313,50,46.71198148,40.2010732,0,wk,Winter
1/13/2016 0:00,46.71198148,41.37455086,52,33.84158139,40.2010732,0,wk,Winter
1/14/2016 0:00,33.84158139,24.1130731,58.5,32.21385433,40.2010732,0,wk,Winter
1/15/2016 0:00,32.21385433,25.8165084,59,36.94561906,40.2010732,0,wk,Winter
1/16/2016 0:00,36.94561906,10.90198595,53.5,33.80372728,40.2010732,0,wknd,Winter
1/17/2016 0:00,33.80372728,10.48559066,44.5,57.23542625,40.2010732,0,wknd,Winter
1/18/2016 0:00,57.23542625,40.2010732,47.5,76.04892284,40.2010732,0,wk,Winter
1/19/2016 0:00,76.04892284,46.71198148,56,136.8426362,40.2010732,1,wk,Winter
1/20/2016 0:00,136.8426362,33.84158139,51,132.1865797,40.2010732,1,wk,Winter
1/21/2016 0:00,132.1865797,32.21385433,53.5,131.7323303,40.2010732,1,wk,Winter
1/22/2016 0:00,131.7323303,36.94561906,45.5,97.7393324,40.2010732,1,wk,Winter
1/23/2016 0:00,97.7393324,33.80372728,44,38.04338848,40.2010732,1,wknd,Winter
1/24/2016 0:00,38.04338848,57.23542625,52.5,60.15019333,40.2010732,1,wknd,Winter
1/25/2016 0:00,60.15019333,76.04892284,65.5,132.4894126,40.2010732,1,wk,Winter
1/26/2016 0:00,132.4894126,136.8426362,50.5,129.726062,40.2010732,1,wk,Winter
1/27/2016 0:00,129.726062,132.1865797,47.5,143.3535445,40.2010732,1,wk,Winter
1/28/2016 0:00,143.3535445,131.7323303,51.5,130.028895,40.2010732,1,wk,Winter
1/29/2016 0:00,130.028895,97.7393324,57,102.8874924,40.2010732,1,wk,Winter
1/30/2016 0:00,102.8874924,38.04338848,61.5,38.95188731,40.2010732,1,wknd,Winter
1/31/2016 0:00,38.95188731,60.15019333,72,59.69594391,40.2010732,1,wknd,Winter
2/1/2016 0:00,59.69594391,132.4894126,65.5,121.2467396,162.2238222,1,wk,Winter
2/2/2016 0:00,121.2467396,129.726062,61.5,133.5493279,162.2238222,1,wk,Winter
2/3/2016 0:00,133.5493279,143.3535445,48.5,174.9238788,162.2238222,1,wk,Winter
2/4/2016 0:00,174.9238788,130.028895,46.5,171.3277376,162.2238222,1,wk,Winter
2/5/2016 0:00,171.3277376,102.8874924,47.5,144.3377515,162.2238222,1,wk,Winter
2/6/2016 0:00,144.3377515,38.95188731,50,90.54705,162.2238222,1,wknd,Winter
2/7/2016 0:00,90.54705,59.69594391,50,104.8180524,162.2238222,1,wknd,Winter
2/8/2016 0:00,104.8180524,121.2467396,55.5,173.7882552,162.2238222,1,wk,Winter
2/9/2016 0:00,173.7882552,133.5493279,56.5,183.971013,162.2238222,1,wk,Winter
2/10/2016 0:00,183.971013,174.9238788,56,174.3939211,162.2238222,1,wk,Winter
2/11/2016 0:00,174.3939211,171.3277376,67.5,181.3969329,162.2238222,1,wk,Winter
2/12/2016 0:00,181.3969329,144.3377515,63,137.9025515,162.2238222,1,wk,Winter
2/13/2016 0:00,137.9025515,90.54705,63.5,65.94187337,162.2238222,1,wknd,Winter
2/14/2016 0:00,65.94187337,104.8180524,66,104.6287819,162.2238222,1,wknd,Winter
2/15/2016 0:00,104.6287819,173.7882552,62,177.8386459,162.2238222,1,wk,Winter
2/16/2016 0:00,177.8386459,183.971013,62.5,180.9048294,162.2238222,1,wk,Winter
2/17/2016 0:00,180.9048294,174.3939211,62.5,174.8860247,162.2238222,1,wk,Winter
2/18/2016 0:00,174.8860247,181.3969329,66.5,180.4127259,162.2238222,1,wk,Winter
2/19/2016 0:00,180.4127259,137.9025515,72.5,138.9624668,162.2238222,1,wk,Winter
2/20/2016 0:00,138.9624668,65.94187337,71,71.54428281,162.2238222,1,wknd,Winter
2/21/2016 0:00,71.54428281,104.6287819,68,82.82480995,162.2238222,1,wknd,Winter
2/22/2016 0:00,82.82480995,177.8386459,64.5,162.9619775,162.2238222,1,wk,Winter
2/23/2016 0:00,162.9619775,180.9048294,54,165.687474,162.2238222,1,wk,Winter
2/24/2016 0:00,165.687474,174.8860247,53.5,162.5834363,162.2238222,1,wk,Winter
2/25/2016 0:00,162.5834363,180.4127259,53.5,162.5834363,162.2238222,1,wk,Winter
2/26/2016 0:00,162.5834363,138.9624668,52.5,NaN,162.2238222,1,wk,Winter
2/27/2016 0:00,NaN,71.54428281,57.5,54.20709682,162.2238222,1,wknd,Winter
2/28/2016 0:00,54.20709682,82.82480995,66.5,86.64807585,162.2238222,1,wknd,Winter
2/29/2016 0:00,86.64807585,162.9619775,69.5,161.8642081,162.2238222,1,wk,Winter
3/1/2016 0:00,161.8642081,165.687474,70,159.2901281,133.3979114,1,wk,Spring
3/2/2016 0:00,159.2901281,162.5834363,63.5,157.7759634,133.3979114,1,wk,Spring
3/3/2016 0:00,157.7759634,162.5834363,72.5,169.207907,133.3979114,1,wk,Spring
3/4/2016 0:00,169.207907,NaN,60.5,129.9531867,133.3979114,1,wk,Spring
3/5/2016 0:00,129.9531867,54.20709682,68,119.126909,133.3979114,1,wknd,Spring
3/6/2016 0:00,119.126909,86.64807585,67.5,108.6413183,133.3979114,1,wknd,Spring
3/7/2016 0:00,108.6413183,161.8642081,70,172.2740905,133.3979114,1,wk,Spring
3/8/2016 0:00,172.2740905,159.2901281,75.5,165.5360575,133.3979114,1,wk,Spring
3/9/2016 0:00,165.5360575,157.7759634,65,162.6591446,133.3979114,1,wk,Spring
3/10/2016 0:00,162.6591446,169.207907,61,158.9115869,133.3979114,1,wk,Spring
3/11/2016 0:00,158.9115869,129.9531867,65,79.26652286,133.3979114,1,wk,Spring
3/12/2016 0:00,79.26652286,119.126909,65.5,8.782155351,133.3979114,0,wknd,Spring
3/13/2016 0:00,8.782155351,108.6413183,70.5,5.337430623,133.3979114,0,wknd,Spring
3/14/2016 0:00,5.337430623,172.2740905,73,42.3209038,133.3979114,0,wk,Spring
3/15/2016 0:00,42.3209038,165.5360575,79.5,43.64579793,133.3979114,0,wk,Spring
3/16/2016 0:00,43.64579793,162.6591446,71,46.06846147,133.3979114,0,wk,Spring
3/17/2016 0:00,46.06846147,158.9115869,73,67.45603808,133.3979114,0,wk,Spring
3/18/2016 0:00,67.45603808,79.26652286,67.5,87.44301233,133.3979114,0,wk,Spring
3/19/2016 0:00,87.44301233,8.782155351,54.5,71.0900334,133.3979114,0,wknd,Spring
3/20/2016 0:00,71.0900334,5.337430623,53,61.05869216,133.3979114,0,wknd,Spring
3/21/2016 0:00,61.05869216,42.3209038,51.5,165.1196622,133.3979114,1,wk,Spring
3/22/2016 0:00,165.1196622,43.64579793,61.5,167.7694505,133.3979114,1,wk,Spring
3/23/2016 0:00,167.7694505,46.06846147,73.5,164.5139964,133.3979114,1,wk,Spring
3/24/2016 0:00,164.5139964,67.45603808,59,170.0028434,133.3979114,1,wk,Spring
3/25/2016 0:00,170.0028434,87.44301233,57,100.5405371,133.3979114,1,wk,Spring
3/26/2016 0:00,100.5405371,71.0900334,61,63.97345924,133.3979114,1,wknd,Spring
3/27/2016 0:00,63.97345924,61.05869216,65,133.3979114,133.3979114,1,wknd,Spring
3/28/2016 0:00,133.3979114,165.1196622,61.5,149.4859116,133.3979114,1,wk,Spring
3/29/2016 0:00,149.4859116,167.7694505,63.5,146.9496857,133.3979114,1,wk,Spring
3/30/2016 0:00,146.9496857,164.5139964,72.5,155.5425704,133.3979114,1,wk,Spring
3/31/2016 0:00,155.5425704,170.0028434,76,166.1795775,133.3979114,1,wk,Spring
4/1/2016 0:00,166.1795775,100.5405371,58.5,141.7636715,152.4763869,1,wk,Spring
4/2/2016 0:00,141.7636715,63.97345924,59.5,99.51847594,152.4763869,1,wknd,Spring
4/3/2016 0:00,99.51847594,133.3979114,61.5,143.202128,152.4763869,1,wknd,Spring
4/4/2016 0:00,143.202128,149.4859116,68,NaN,152.4763869,1,wk,Spring
4/5/2016 0:00,NaN,146.9496857,67.5,172.9933188,152.4763869,1,wk,Spring
4/6/2016 0:00,172.9933188,155.5425704,68.5,168.4129705,152.4763869,1,wk,Spring
4/7/2016 0:00,168.4129705,166.1795775,66.5,172.6526317,152.4763869,1,wk,Spring
4/8/2016 0:00,172.6526317,141.7636715,67.5,140.4766315,152.4763869,1,wk,Spring
4/9/2016 0:00,140.4766315,99.51847594,67.5,66.09328984,152.4763869,1,wknd,Spring
4/10/2016 0:00,66.09328984,143.202128,72,97.55006181,152.4763869,1,wknd,Spring
4/11/2016 0:00,97.55006181,NaN,79.5,182.7596812,152.4763869,1,wk,Spring
4/12/2016 0:00,182.7596812,172.9933188,67.5,169.2836152,152.4763869,1,wk,Spring
4/13/2016 0:00,169.2836152,168.4129705,65,166.3688481,152.4763869,1,wk,Spring
4/14/2016 0:00,166.3688481,172.6526317,65.5,165.3089328,152.4763869,1,wk,Spring
4/15/2016 0:00,165.3089328,140.4766315,66.5,122.3823631,152.4763869,1,wk,Spring
4/16/2016 0:00,122.3823631,66.09328984,69.5,50.08099797,152.4763869,1,wknd,Spring
4/17/2016 0:00,50.08099797,97.55006181,71,93.84035825,152.4763869,1,wknd,Spring
4/18/2016 0:00,93.84035825,182.7596812,69,152.4763869,152.4763869,1,wk,Spring
4/19/2016 0:00,152.4763869,169.2836152,71.5,156.6024857,152.4763869,1,wk,Spring
4/20/2016 0:00,156.6024857,166.3688481,70.5,163.8326222,152.4763869,1,wk,Spring
4/21/2016 0:00,163.8326222,165.3089328,71.5,160.5014599,152.4763869,1,wk,Spring
4/22/2016 0:00,160.5014599,122.3823631,72,116.893516,152.4763869,1,wk,Spring
4/23/2016 0:00,116.893516,50.08099797,69,57.27328037,152.4763869,1,wknd,Spring
4/24/2016 0:00,57.27328037,93.84035825,71,101.7518689,152.4763869,1,wknd,Spring
4/25/2016 0:00,101.7518689,152.4763869,79,161.7884999,152.4763869,1,wk,Spring
4/26/2016 0:00,161.7884999,156.6024857,79,178.5957282,152.4763869,1,wk,Spring
4/27/2016 0:00,178.5957282,163.8326222,76,164.2490175,152.4763869,1,wk,Spring
4/28/2016 0:00,164.2490175,160.5014599,75,154.1041139,152.4763869,1,wk,Spring
4/29/2016 0:00,154.1041139,116.893516,79.5,116.2121419,152.4763869,1,wk,Spring
4/30/2016 0:00,116.2121419,57.27328037,76,53.90426388,152.4763869,1,wknd,Spring
5/1/2016 0:00,53.90426388,101.7518689,72,99.17778888,69.50016045,1,wknd,Spring
5/2/2016 0:00,99.17778888,161.7884999,63.5,163.8704764,69.50016045,1,wk,Spring
5/3/2016 0:00,163.8704764,178.5957282,66.5,165.4224952,69.50016045,1,wk,Spring
5/4/2016 0:00,165.4224952,164.2490175,70.5,162.5834363,69.50016045,1,wk,Spring
5/5/2016 0:00,162.5834363,154.1041139,74,171.4412999,69.50016045,1,wk,Spring
5/6/2016 0:00,171.4412999,116.2121419,71,118.483389,69.50016045,1,wk,Spring
5/7/2016 0:00,118.483389,53.90426388,72.5,49.9295815,69.50016045,1,wknd,Spring
5/8/2016 0:00,49.9295815,99.17778888,70,81.04566641,69.50016045,1,wknd,Spring
5/9/2016 0:00,81.04566641,163.8704764,77,122.8744667,69.50016045,1,wk,Spring
5/10/2016 0:00,122.8744667,165.4224952,78.5,135.2149091,69.50016045,1,wk,Spring
5/11/2016 0:00,135.2149091,162.5834363,76,142.7857327,69.50016045,1,wk,Spring
5/12/2016 0:00,142.7857327,171.4412999,76,154.2176763,69.50016045,1,wk,Spring
5/13/2016 0:00,154.2176763,118.483389,79,114.5087066,69.50016045,1,wk,Spring
5/14/2016 0:00,114.5087066,49.9295815,72,69.50016045,69.50016045,1,wknd,Spring
5/15/2016 0:00,69.50016045,81.04566641,67,113.3730831,69.50016045,1,wknd,Spring
5/16/2016 0:00,113.3730831,122.8744667,73.5,88.73005234,69.50016045,1,wk,Spring
5/17/2016 0:00,88.73005234,135.2149091,73.5,73.58840518,69.50016045,1,wk,Spring
5/18/2016 0:00,73.58840518,142.7857327,71,54.13138858,69.50016045,0,wk,Spring
5/19/2016 0:00,54.13138858,154.2176763,68.5,30.16973196,69.50016045,0,wk,Spring
5/20/2016 0:00,30.16973196,114.5087066,72.5,16.65581187,69.50016045,0,wk,Spring
5/21/2016 0:00,16.65581187,69.50016045,76.5,7.911510639,69.50016045,0,wknd,Spring
5/22/2016 0:00,7.911510639,113.3730831,79.5,3.633995318,69.50016045,0,wknd,Spring
5/23/2016 0:00,3.633995318,88.73005234,78,38.64905437,69.50016045,0,wk,Spring
5/24/2016 0:00,38.64905437,73.58840518,80.5,38.45978378,69.50016045,0,wk,Spring
5/25/2016 0:00,38.45978378,54.13138858,81.5,45.38708735,69.50016045,0,wk,Spring
5/26/2016 0:00,45.38708735,30.16973196,79,42.20734145,69.50016045,0,wk,Spring
5/27/2016 0:00,42.20734145,16.65581187,71,36.604932,69.50016045,0,wk,Spring
5/28/2016 0:00,36.604932,7.911510639,78,3.861120025,69.50016045,0,wknd,Spring
5/29/2016 0:00,3.861120025,3.633995318,79,2.952621196,69.50016045,0,wknd,Spring
5/30/2016 0:00,2.952621196,38.64905437,77.5,3.028329431,69.50016045,0,wk,Spring
5/31/2016 0:00,3.028329431,38.45978378,74.5,48.49112502,69.50016045,0,wk,Spring
6/1/2016 0:00,48.49112502,45.38708735,77.5,67.15320514,105.9158219,0,wk,Summer
6/2/2016 0:00,67.15320514,42.20734145,76,83.92257937,105.9158219,0,wk,Summer
6/3/2016 0:00,83.92257937,36.604932,75,68.9702028,105.9158219,0,wk,Summer
6/4/2016 0:00,68.9702028,3.861120025,76.5,30.96466844,105.9158219,0,wknd,Summer
6/5/2016 0:00,30.96466844,2.952621196,78,62.53500276,105.9158219,0,wknd,Summer
6/6/2016 0:00,62.53500276,3.028329431,80,108.7170266,105.9158219,0,wk,Summer
6/7/2016 0:00,108.7170266,48.49112502,80.5,143.9592103,105.9158219,0,wk,Summer
6/8/2016 0:00,143.9592103,67.15320514,81,119.5433043,105.9158219,0,wk,Summer
6/9/2016 0:00,119.5433043,83.92257937,81.5,105.9158219,105.9158219,0,wk,Summer
6/10/2016 0:00,105.9158219,68.9702028,80,77.14669226,105.9158219,0,wk,Summer
6/11/2016 0:00,77.14669226,30.96466844,84.5,47.99902149,105.9158219,0,wknd,Summer
6/12/2016 0:00,47.99902149,62.53500276,85.5,61.58864981,105.9158219,0,wknd,Summer
6/13/2016 0:00,61.58864981,108.7170266,85,118.1805561,105.9158219,0,wk,Summer
6/14/2016 0:00,118.1805561,143.9592103,86,NaN,105.9158219,0,wk,Summer
6/15/2016 0:00,NaN,119.5433043,87,116.8178078,105.9158219,0,wk,Summer
6/16/2016 0:00,116.8178078,105.9158219,85.5,110.4961701,105.9158219,0,wk,Summer
6/17/2016 0:00,110.4961701,77.14669226,86.5,88.61648998,105.9158219,0,wk,Summer
6/18/2016 0:00,88.61648998,47.99902149,86,45.99275324,105.9158219,0,wknd,Summer
6/19/2016 0:00,45.99275324,61.58864981,85.5,75.67038166,105.9158219,0,wknd,Summer
6/20/2016 0:00,75.67038166,118.1805561,85,113.978749,105.9158219,0,wk,Summer
6/21/2016 0:00,113.978749,NaN,85.5,136.464095,105.9158219,0,wk,Summer
6/22/2016 0:00,136.464095,116.8178078,86,120.8303443,105.9158219,0,wk,Summer
6/23/2016 0:00,120.8303443,110.4961701,85,107.581403,105.9158219,0,wk,Summer
6/24/2016 0:00,107.581403,88.61648998,84,77.2224005,105.9158219,0,wk,Summer
6/25/2016 0:00,77.2224005,45.99275324,82.5,60.90727569,105.9158219,0,wknd,Summer
6/26/2016 0:00,60.90727569,75.67038166,85.5,59.92306862,105.9158219,0,wknd,Summer
6/27/2016 0:00,59.92306862,113.978749,85.5,107.9220901,105.9158219,0,wk,Summer
6/28/2016 0:00,107.9220901,136.464095,86.5,130.2560197,105.9158219,0,wk,Summer
6/29/2016 0:00,130.2560197,120.8303443,83.5,114.622269,105.9158219,0,wk,Summer
6/30/2016 0:00,114.622269,107.581403,85,106.3700713,105.9158219,0,wk,Summer
7/1/2016 0:00,106.3700713,77.2224005,85,66.96393455,67.94814161,0,wk,Summer
7/2/2016 0:00,66.96393455,60.90727569,87,29.14767078,67.94814161,0,wknd,Summer
7/3/2016 0:00,29.14767078,59.92306862,88,13.81675303,67.94814161,0,wknd,Summer
7/4/2016 0:00,13.81675303,107.9220901,89.5,19.41916248,67.94814161,0,wk,Summer
7/5/2016 0:00,19.41916248,130.2560197,89,77.10883814,67.94814161,0,wk,Summer
7/6/2016 0:00,77.10883814,114.622269,89.5,105.1208854,67.94814161,0,wk,Summer
7/7/2016 0:00,105.1208854,106.3700713,89,138.2053844,67.94814161,0,wk,Summer
7/8/2016 0:00,138.2053844,66.96393455,89.5,89.14644763,67.94814161,0,wk,Summer
7/9/2016 0:00,89.14644763,29.14767078,88.5,54.09353447,67.94814161,0,wknd,Summer
7/10/2016 0:00,54.09353447,13.81675303,87,66.81251808,67.94814161,0,wknd,Summer
7/11/2016 0:00,66.81251808,19.41916248,89.5,102.2439724,67.94814161,0,wk,Summer
7/12/2016 0:00,102.2439724,77.10883814,88.5,111.0639819,67.94814161,0,wk,Summer
7/13/2016 0:00,111.0639819,105.1208854,90.5,98.42070652,67.94814161,0,wk,Summer
7/14/2016 0:00,98.42070652,138.2053844,89,94.44602414,67.94814161,0,wk,Summer
7/15/2016 0:00,94.44602414,89.14644763,89.5,71.69569929,67.94814161,0,wk,Summer
7/16/2016 0:00,71.69569929,54.09353447,88,56.51619801,67.94814161,0,wknd,Summer
7/17/2016 0:00,56.51619801,66.81251808,87.5,35.16647552,67.94814161,0,wknd,Summer
7/18/2016 0:00,35.16647552,102.2439724,88.5,75.1025699,67.94814161,0,wk,Summer
7/19/2016 0:00,75.1025699,111.0639819,88.5,86.68592997,67.94814161,0,wk,Summer
7/20/2016 0:00,86.68592997,98.42070652,89,78.01733697,67.94814161,0,wk,Summer
7/21/2016 0:00,78.01733697,94.44602414,88.5,82.21914406,67.94814161,0,wk,Summer
7/22/2016 0:00,82.21914406,71.69569929,89,59.16598626,67.94814161,0,wk,Summer
7/23/2016 0:00,59.16598626,56.51619801,89.5,43.53223558,67.94814161,0,wknd,Summer
7/24/2016 0:00,43.53223558,35.16647552,89.5,57.7653839,67.94814161,0,wknd,Summer
7/25/2016 0:00,57.7653839,75.1025699,89,90.66061235,67.94814161,0,wk,Summer
7/26/2016 0:00,90.66061235,86.68592997,84,94.1431912,67.94814161,0,wk,Summer
7/27/2016 0:00,94.1431912,78.01733697,83,65.10908277,67.94814161,0,wk,Summer
7/28/2016 0:00,65.10908277,82.21914406,86,66.09328984,67.94814161,0,wk,Summer
7/29/2016 0:00,66.09328984,59.16598626,85,67.94814161,67.94814161,0,wk,Summer
7/30/2016 0:00,67.94814161,43.53223558,86.5,44.28931793,67.94814161,0,wknd,Summer
7/31/2016 0:00,44.28931793,57.7653839,88,27.292819,67.94814161,0,wknd,Summer
8/1/2016 0:00,27.292819,90.66061235,87,48.15043796,48.22614619,0,wk,Summer
8/2/2016 0:00,48.15043796,94.1431912,86.5,46.18202383,48.22614619,0,wk,Summer
8/3/2016 0:00,46.18202383,65.10908277,87.5,47.31764736,48.22614619,0,wk,Summer
8/4/2016 0:00,47.31764736,66.09328984,87.5,55.45628271,48.22614619,0,wk,Summer
8/5/2016 0:00,55.45628271,67.94814161,88.5,46.37129442,48.22614619,0,wk,Summer
8/6/2016 0:00,46.37129442,44.28931793,88.5,20.1005366,48.22614619,0,wknd,Summer
8/7/2016 0:00,20.1005366,27.292819,88.5,29.63977431,48.22614619,0,wknd,Summer
8/8/2016 0:00,29.63977431,48.15043796,89,54.1692427,48.22614619,0,wk,Summer
8/9/2016 0:00,54.1692427,46.18202383,90.5,62.30787805,48.22614619,0,wk,Summer
8/10/2016 0:00,62.30787805,47.31764736,91.5,51.70872504,48.22614619,0,wk,Summer
8/11/2016 0:00,51.70872504,55.45628271,90,54.585638,48.22614619,0,wk,Summer
8/12/2016 0:00,54.585638,46.37129442,92,46.63627324,48.22614619,0,wk,Summer
8/13/2016 0:00,46.63627324,20.1005366,86.5,23.46955309,48.22614619,0,wknd,Summer
8/14/2016 0:00,23.46955309,29.63977431,77.5,20.36551543,48.22614619,0,wknd,Summer
8/15/2016 0:00,20.36551543,54.1692427,73.5,27.67136018,48.22614619,0,wk,Summer
8/16/2016 0:00,27.67136018,62.30787805,77,48.07472972,48.22614619,0,wk,Summer
8/17/2016 0:00,48.07472972,51.70872504,79.5,40.57961438,48.22614619,0,wk,Summer
8/18/2016 0:00,40.57961438,54.585638,81,43.11584028,48.22614619,0,wk,Summer
8/19/2016 0:00,43.11584028,46.63627324,84,62.1943157,48.22614619,0,wk,Summer
8/20/2016 0:00,62.1943157,23.46955309,78,38.11909672,48.22614619,0,wknd,Summer
8/21/2016 0:00,38.11909672,20.36551543,77.5,52.95791093,48.22614619,0,wknd,Summer
8/22/2016 0:00,52.95791093,27.67136018,83,86.19382644,48.22614619,0,wk,Summer
8/23/2016 0:00,86.19382644,48.07472972,85.5,75.82179814,48.22614619,0,wk,Summer
8/24/2016 0:00,75.82179814,40.57961438,84.5,97.89074887,48.22614619,1,wk,Summer
8/25/2016 0:00,97.89074887,43.11584028,84,99.63203829,48.22614619,1,wk,Summer
8/26/2016 0:00,99.63203829,62.1943157,84,83.05193465,48.22614619,1,wk,Summer
8/27/2016 0:00,83.05193465,38.11909672,82,29.18552489,48.22614619,1,wknd,Summer
8/28/2016 0:00,29.18552489,52.95791093,82.5,48.22614619,48.22614619,1,wknd,Summer
8/29/2016 0:00,48.22614619,86.19382644,82,104.8180524,48.22614619,1,wk,Summer
8/30/2016 0:00,104.8180524,75.82179814,82.5,103.4174501,48.22614619,1,wk,Summer
8/31/2016 0:00,103.4174501,97.89074887,84,108.4899019,48.22614619,1,wk,Summer
9/1/2016 0:00,108.4899019,99.63203829,85.5,102.5468054,102.5657324,1,wk,Fall
9/2/2016 0:00,102.5468054,83.05193465,83.5,79.41793934,102.5657324,1,wk,Fall
9/3/2016 0:00,79.41793934,29.18552489,82.5,27.74706841,102.5657324,1,wknd,Fall
9/4/2016 0:00,27.74706841,48.22614619,84,46.48485677,102.5657324,1,wknd,Fall
9/5/2016 0:00,46.48485677,104.8180524,83.5,65.03337454,102.5657324,1,wk,Fall
9/6/2016 0:00,65.03337454,103.4174501,86,114.3572901,102.5657324,1,wk,Fall
9/7/2016 0:00,114.3572901,108.4899019,87,112.1238972,102.5657324,1,wk,Fall
9/8/2016 0:00,112.1238972,102.5468054,86,105.5372807,102.5657324,1,wk,Fall
9/9/2016 0:00,105.5372807,79.41793934,86,79.94789699,102.5657324,1,wk,Fall
9/10/2016 0:00,79.94789699,27.74706841,82,33.16020727,102.5657324,1,wknd,Fall
9/11/2016 0:00,33.16020727,46.48485677,81,55.94838624,102.5657324,1,wknd,Fall
9/12/2016 0:00,55.94838624,65.03337454,81.5,102.5846595,102.5657324,1,wk,Fall
9/13/2016 0:00,102.5846595,114.3572901,84,107.884236,102.5657324,1,wk,Fall
9/14/2016 0:00,107.884236,112.1238972,84,109.6633795,102.5657324,1,wk,Fall
9/15/2016 0:00,109.6633795,105.5372807,83,109.814796,102.5657324,1,wk,Fall
9/16/2016 0:00,109.814796,79.94789699,85,81.95416523,102.5657324,1,wk,Fall
9/17/2016 0:00,81.95416523,33.16020727,85,34.0687061,102.5657324,1,wknd,Fall
9/18/2016 0:00,34.0687061,55.94838624,86.5,59.99877686,102.5657324,1,wknd,Fall
9/19/2016 0:00,59.99877686,102.5846595,87.5,112.4645843,102.5657324,1,wk,Fall
9/20/2016 0:00,112.4645843,107.884236,87,119.6947208,102.5657324,1,wk,Fall
9/21/2016 0:00,119.6947208,109.6633795,85.5,117.0827866,102.5657324,1,wk,Fall
9/22/2016 0:00,117.0827866,109.814796,82,121.7388431,102.5657324,1,wk,Fall
9/23/2016 0:00,121.7388431,81.95416523,84.5,86.45880526,102.5657324,1,wk,Fall
9/24/2016 0:00,86.45880526,34.0687061,87,34.44724728,102.5657324,1,wknd,Fall
9/25/2016 0:00,34.44724728,59.99877686,79,59.27954862,102.5657324,1,wknd,Fall
9/26/2016 0:00,59.27954862,112.4645843,70,117.5370361,102.5657324,1,wk,Fall
9/27/2016 0:00,117.5370361,119.6947208,73.5,120.4518031,102.5657324,1,wk,Fall
9/28/2016 0:00,120.4518031,117.0827866,77,118.3698266,102.5657324,1,wk,Fall
9/29/2016 0:00,118.3698266,121.7388431,74.5,126.0542126,102.5657324,1,wk,Fall
9/30/2016 0:00,126.0542126,86.45880526,71.5,81.72704053,102.5657324,1,wk,Fall
10/1/2016 0:00,81.72704053,34.44724728,69.5,35.16647552,117.0827866,1,wknd,Fall
10/2/2016 0:00,35.16647552,59.27954862,71.5,55.91053213,117.0827866,1,wknd,Fall
10/3/2016 0:00,55.91053213,117.5370361,74.5,117.839869,117.0827866,1,wk,Fall
10/4/2016 0:00,117.839869,120.4518031,80.5,119.0890549,117.0827866,1,wk,Fall
10/5/2016 0:00,119.0890549,118.3698266,83.5,115.8336007,117.0827866,1,wk,Fall
10/6/2016 0:00,115.8336007,126.0542126,84,121.700989,117.0827866,1,wk,Fall
10/7/2016 0:00,121.700989,81.72704053,76,87.70799115,117.0827866,1,wk,Fall
10/8/2016 0:00,87.70799115,35.16647552,73.5,35.09076729,117.0827866,1,wknd,Fall
10/9/2016 0:00,35.09076729,55.91053213,71,65.86616513,117.0827866,1,wknd,Fall
10/10/2016 0:00,65.86616513,117.839869,68,121.0196149,117.0827866,1,wk,Fall
10/11/2016 0:00,121.0196149,119.0890549,70.5,115.6443302,117.0827866,1,wk,Fall
10/12/2016 0:00,115.6443302,115.8336007,76,116.4771208,117.0827866,1,wk,Fall
10/13/2016 0:00,116.4771208,121.700989,78.5,117.9912855,117.0827866,1,wk,Fall
10/14/2016 0:00,117.9912855,87.70799115,77,117.9912855,117.0827866,1,wk,Fall
10/15/2016 0:00,117.9912855,35.09076729,81,117.9912855,117.0827866,1,wknd,Fall
10/16/2016 0:00,117.9912855,65.86616513,84.5,117.9912855,117.0827866,1,wknd,Fall
10/17/2016 0:00,117.9912855,121.0196149,84,117.9912855,117.0827866,1,wk,Fall
10/18/2016 0:00,117.9912855,115.6443302,84,121.057469,117.0827866,1,wk,Fall
10/19/2016 0:00,121.057469,116.4771208,83.5,116.4392666,117.0827866,1,wk,Fall
10/20/2016 0:00,116.4392666,117.9912855,74,124.7671726,117.0827866,1,wk,Fall
10/21/2016 0:00,124.7671726,117.9912855,65,80.70497934,117.0827866,1,wk,Fall
10/22/2016 0:00,80.70497934,117.9912855,63.5,35.5450167,117.0827866,1,wknd,Fall
10/23/2016 0:00,35.5450167,117.9912855,69.5,58.74959097,117.0827866,1,wknd,Fall
10/24/2016 0:00,58.74959097,117.9912855,76.5,120.0354078,117.0827866,1,wk,Fall
10/25/2016 0:00,120.0354078,121.057469,76.5,119.5433043,117.0827866,1,wk,Fall
10/26/2016 0:00,119.5433043,116.4392666,75.5,117.0827866,117.0827866,1,wk,Fall
10/27/2016 0:00,117.0827866,124.7671726,76,131.7701844,117.0827866,1,wk,Fall
10/28/2016 0:00,131.7701844,80.70497934,73.5,89.14644763,117.0827866,1,wk,Fall
10/29/2016 0:00,89.14644763,35.5450167,75,37.21059789,117.0827866,1,wknd,Fall
10/30/2016 0:00,37.21059789,58.74959097,76,67.0774969,117.0827866,1,wknd,Fall
10/31/2016 0:00,67.0774969,120.0354078,73,117.4234737,117.0827866,1,wk,Fall
11/1/2016 0:00,117.4234737,119.5433043,81,114.0923113,103.5499395,1,wk,Fall
11/2/2016 0:00,114.0923113,117.0827866,80.5,114.0166031,103.5499395,1,wk,Fall
11/3/2016 0:00,114.0166031,131.7701844,74,118.9754925,103.5499395,1,wk,Fall
11/4/2016 0:00,118.9754925,89.14644763,70.5,93.08327589,103.5499395,1,wk,Fall
11/5/2016 0:00,93.08327589,37.21059789,67.5,32.32741668,103.5499395,1,wknd,Fall
11/6/2016 0:00,32.32741668,67.0774969,67.5,62.68641923,103.5499395,1,wknd,Fall
11/7/2016 0:00,62.68641923,117.4234737,66,121.0953231,103.5499395,1,wk,Fall
11/8/2016 0:00,121.0953231,114.0923113,65.5,120.7924902,103.5499395,1,wk,Fall
11/9/2016 0:00,120.7924902,114.0166031,62.5,120.3760949,103.5499395,1,wk,Fall
11/10/2016 0:00,120.3760949,118.9754925,63.5,124.6536102,103.5499395,1,wk,Fall
11/11/2016 0:00,124.6536102,93.08327589,64.5,90.69846647,103.5499395,1,wk,Fall
11/12/2016 0:00,90.69846647,32.32741668,67,33.46304022,103.5499395,1,wknd,Fall
11/13/2016 0:00,33.46304022,62.68641923,65,57.38684272,103.5499395,1,wknd,Fall
11/14/2016 0:00,57.38684272,121.0953231,69,119.2026172,103.5499395,1,wk,Fall
11/15/2016 0:00,119.2026172,120.7924902,72.5,113.1838125,103.5499395,1,wk,Fall
11/16/2016 0:00,113.1838125,120.3760949,70.5,123.1394455,103.5499395,1,wk,Fall
11/17/2016 0:00,123.1394455,124.6536102,70,130.1803114,103.5499395,1,wk,Fall
11/18/2016 0:00,130.1803114,90.69846647,65.5,93.91606649,103.5499395,1,wk,Fall
11/19/2016 0:00,93.91606649,33.46304022,52,33.87943551,103.5499395,1,wknd,Fall
11/20/2016 0:00,33.87943551,57.38684272,51,62.8378357,103.5499395,1,wknd,Fall
11/21/2016 0:00,62.8378357,119.2026172,60.5,117.2342031,103.5499395,1,wk,Fall
11/22/2016 0:00,117.2342031,113.1838125,69,89.90352999,103.5499395,1,wk,Fall
11/23/2016 0:00,89.90352999,123.1394455,62,45.38708735,103.5499395,0,wk,Fall
11/24/2016 0:00,45.38708735,130.1803114,61,4.542494147,103.5499395,0,wk,Fall
11/25/2016 0:00,4.542494147,93.91606649,60.5,5.715971802,103.5499395,0,wk,Fall
11/26/2016 0:00,5.715971802,33.87943551,61.5,5.223868269,103.5499395,0,wknd,Fall
11/27/2016 0:00,5.223868269,62.8378357,66,27.63350606,103.5499395,0,wknd,Fall
11/28/2016 0:00,27.63350606,117.2342031,65,116.6663913,103.5499395,1,wk,Fall
11/29/2016 0:00,116.6663913,89.90352999,64,134.4956809,103.5499395,1,wk,Fall
11/30/2016 0:00,134.4956809,45.38708735,54.5,128.0983349,103.5499395,1,wk,Fall
12/1/2016 0:00,128.0983349,4.542494147,53,127.795502,11.01554831,1,wk,Winter
12/2/2016 0:00,127.795502,5.715971802,57.5,93.42396296,11.01554831,1,wk,Winter
12/3/2016 0:00,93.42396296,5.223868269,50.5,41.52596733,11.01554831,1,wknd,Winter
12/4/2016 0:00,41.52596733,27.63350606,51,66.35826866,11.01554831,1,wknd,Winter
12/5/2016 0:00,66.35826866,116.6663913,49.5,118.3319725,11.01554831,1,wk,Winter
12/6/2016 0:00,118.3319725,134.4956809,50.5,105.8401136,11.01554831,1,wk,Winter
12/7/2016 0:00,105.8401136,128.0983349,47.5,111.1396901,11.01554831,1,wk,Winter
12/8/2016 0:00,111.1396901,127.795502,44,108.1870689,11.01554831,1,wk,Winter
12/9/2016 0:00,108.1870689,93.42396296,39.5,82.97622642,11.01554831,1,wk,Winter
12/10/2016 0:00,82.97622642,41.52596733,43.5,41.41240497,11.01554831,1,wknd,Winter
12/11/2016 0:00,41.41240497,66.35826866,58.5,54.81276271,11.01554831,1,wknd,Winter
12/12/2016 0:00,54.81276271,118.3319725,56.5,72.83132282,11.01554831,1,wk,Winter
12/13/2016 0:00,72.83132282,105.8401136,63.5,53.75284741,11.01554831,1,wk,Winter
12/14/2016 0:00,53.75284741,111.1396901,50,47.35550148,11.01554831,1,wk,Winter
12/15/2016 0:00,47.35550148,108.1870689,49.5,36.94561906,11.01554831,0,wk,Winter
12/16/2016 0:00,36.94561906,82.97622642,59,6.662324749,11.01554831,0,wk,Winter
12/17/2016 0:00,6.662324749,41.41240497,55,3.141891785,11.01554831,0,wknd,Winter
12/18/2016 0:00,3.141891785,54.81276271,31.5,2.914767078,11.01554831,0,wknd,Winter
12/19/2016 0:00,2.914767078,72.83132282,34,6.889449456,11.01554831,0,wk,Winter
12/20/2016 0:00,6.889449456,53.75284741,47,7.305844753,11.01554831,0,wk,Winter
12/21/2016 0:00,7.305844753,47.35550148,57,7.797948286,11.01554831,0,wk,Winter
12/22/2016 0:00,7.797948286,36.94561906,59,4.921035326,11.01554831,0,wk,Winter
12/23/2016 0:00,4.921035326,6.662324749,60,3.066183549,11.01554831,0,wk,Winter
12/24/2016 0:00,3.066183549,3.141891785,71.5,2.536225899,11.01554831,0,wknd,Winter
12/25/2016 0:00,2.536225899,2.914767078,74,5.299576505,11.01554831,0,wknd,Winter
12/26/2016 0:00,5.299576505,6.889449456,77,5.753825919,11.01554831,0,wk,Winter
12/27/2016 0:00,5.753825919,7.305844753,69,10.25846595,11.01554831,0,wk,Winter
12/28/2016 0:00,10.25846595,7.797948286,72.5,7.116574164,11.01554831,0,wk,Winter
12/29/2016 0:00,7.116574164,4.921035326,59.5,11.01554831,11.01554831,0,wk,Winter
12/30/2016 0:00,11.01554831,3.066183549,52,9.728508298,11.01554831,0,wk,Winter
12/31/2016 0:00,9.728508298,2.536225899,64,8.668592997,11.01554831,0,wknd,Winter
1/1/2017 0:00,8.668592997,5.299576505,64,7.419407107,40.92030144,0,wknd,Winter
1/2/2017 0:00,7.419407107,5.753825919,63,7.078720046,40.92030144,0,wk,Winter
1/3/2017 0:00,7.078720046,10.25846595,60,8.857863587,40.92030144,0,wk,Winter
1/4/2017 0:00,8.857863587,7.116574164,44,9.009280058,40.92030144,0,wk,Winter
1/5/2017 0:00,9.009280058,11.01554831,48.5,11.81048478,40.92030144,0,wk,Winter
1/6/2017 0:00,11.81048478,9.728508298,28.5,12.60542126,40.92030144,0,wk,Winter
1/7/2017 0:00,12.60542126,8.668592997,31.5,5.375284741,40.92030144,0,wknd,Winter
1/8/2017 0:00,5.375284741,7.419407107,37,5.261722387,40.92030144,0,wknd,Winter
1/9/2017 0:00,5.261722387,7.078720046,57,34.37153905,40.92030144,0,wk,Winter
1/10/2017 0:00,34.37153905,8.857863587,69,30.32114843,40.92030144,0,wk,Winter
1/11/2017 0:00,30.32114843,9.009280058,69.5,36.79420259,40.92030144,0,wk,Winter
1/12/2017 0:00,36.79420259,11.81048478,74,36.68064024,40.92030144,0,wk,Winter
1/13/2017 0:00,36.68064024,12.60542126,67,30.85110608,40.92030144,0,wk,Winter
1/14/2017 0:00,30.85110608,5.375284741,51.5,17.94285188,40.92030144,0,wknd,Winter
1/15/2017 0:00,17.94285188,5.261722387,62,30.4725649,40.92030144,0,wknd,Winter
1/16/2017 0:00,30.4725649,34.37153905,64,65.82831101,40.92030144,0,wk,Winter
1/17/2017 0:00,65.82831101,30.32114843,53.5,124.3507773,40.92030144,1,wk,Winter
1/18/2017 0:00,124.3507773,36.79420259,51.5,113.5623537,40.92030144,1,wk,Winter
1/19/2017 0:00,113.5623537,36.68064024,61.5,123.6694032,40.92030144,1,wk,Winter
1/20/2017 0:00,123.6694032,30.85110608,61.5,97.58791592,40.92030144,1,wk,Winter
1/21/2017 0:00,97.58791592,17.94285188,64.5,54.05568035,40.92030144,1,wknd,Winter
1/22/2017 0:00,54.05568035,30.4725649,61.5,63.40564747,40.92030144,1,wknd,Winter
1/23/2017 0:00,63.40564747,65.82831101,61,116.7799537,40.92030144,1,wk,Winter
1/24/2017 0:00,116.7799537,124.3507773,67,128.9689797,40.92030144,1,wk,Winter
1/25/2017 0:00,128.9689797,113.5623537,58.5,128.9689797,40.92030144,1,wk,Winter
1/26/2017 0:00,128.9689797,123.6694032,49.5,120.2246784,40.92030144,1,wk,Winter
1/27/2017 0:00,120.2246784,97.58791592,48,88.88146881,40.92030144,1,wk,Winter
1/28/2017 0:00,88.88146881,54.05568035,50,40.92030144,40.92030144,1,wknd,Winter
1/29/2017 0:00,40.92030144,63.40564747,55,69.12161927,40.92030144,1,wknd,Winter
1/30/2017 0:00,69.12161927,116.7799537,63,129.5367914,40.92030144,1,wk,Winter
1/31/2017 0:00,129.5367914,128.9689797,61,121.2467396,40.92030144,1,wk,Winter
2/1/2017 0:00,121.2467396,128.9689797,66.5,141.1580056,123.5747679,1,wk,Winter
2/2/2017 0:00,141.1580056,120.2246784,55,129.6124997,123.5747679,1,wk,Winter
2/3/2017 0:00,129.6124997,88.88146881,49,90.50919588,123.5747679,1,wk,Winter
2/4/2017 0:00,90.50919588,40.92030144,49,39.21686614,123.5747679,1,wknd,Winter
2/5/2017 0:00,39.21686614,69.12161927,61.5,62.4214404,123.5747679,1,wknd,Winter
2/6/2017 0:00,62.4214404,129.5367914,72.5,123.934382,123.5747679,1,wk,Winter
2/7/2017 0:00,123.934382,121.2467396,71,122.344509,123.5747679,1,wk,Winter
2/8/2017 0:00,122.344509,141.1580056,69,129.0068338,123.5747679,1,wk,Winter
2/9/2017 0:00,129.0068338,129.6124997,55.5,147.8960386,123.5747679,1,wk,Winter
2/10/2017 0:00,147.8960386,90.50919588,65,95.96018885,123.5747679,1,wk,Winter
2/11/2017 0:00,95.96018885,39.21686614,76,60.75585922,123.5747679,1,wknd,Winter
2/12/2017 0:00,60.75585922,62.4214404,72.5,79.91004287,123.5747679,1,wknd,Winter
2/13/2017 0:00,79.91004287,123.934382,70.5,147.5932057,123.5747679,1,wk,Winter
2/14/2017 0:00,147.5932057,122.344509,57,132.9058079,123.5747679,1,wk,Winter
2/15/2017 0:00,132.9058079,129.0068338,54,129.3096667,123.5747679,1,wk,Winter
2/16/2017 0:00,129.3096667,147.8960386,55,125.9027961,123.5747679,1,wk,Winter
2/17/2017 0:00,125.9027961,95.96018885,63.5,91.56911118,123.5747679,1,wk,Winter
2/18/2017 0:00,91.56911118,60.75585922,74,36.52922377,123.5747679,1,wknd,Winter
2/19/2017 0:00,36.52922377,79.91004287,71,61.96719099,123.5747679,1,wknd,Winter
2/20/2017 0:00,61.96719099,147.5932057,64,123.2151537,123.5747679,1,wk,Winter
2/21/2017 0:00,123.2151537,132.9058079,67,126.8112949,123.5747679,1,wk,Winter
2/22/2017 0:00,126.8112949,129.3096667,69,132.2244338,123.5747679,1,wk,Winter
2/23/2017 0:00,132.2244338,125.9027961,72.5,126.9248573,123.5747679,1,wk,Winter
2/24/2017 0:00,126.9248573,91.56911118,67,97.81504063,123.5747679,1,wk,Winter
2/25/2017 0:00,97.81504063,36.52922377,53.5,38.00553436,123.5747679,1,wknd,Winter
2/26/2017 0:00,38.00553436,61.96719099,57,68.93234868,123.5747679,1,wknd,Winter
2/27/2017 0:00,68.93234868,123.2151537,74,129.0068338,123.5747679,1,wk,Winter
2/28/2017 0:00,129.0068338,126.8112949,74.5,124.9942973,123.5747679,1,wk,Winter
3/1/2017 0:00,124.9942973,132.2244338,63.5,132.943662,85.8909935,1,wk,Spring
3/2/2017 0:00,132.943662,126.9248573,57.5,129.2718126,85.8909935,1,wk,Spring
3/3/2017 0:00,129.2718126,97.81504063,55.5,85.8909935,85.8909935,1,wk,Spring
3/4/2017 0:00,85.8909935,38.00553436,56.5,78.66085698,85.8909935,1,wknd,Spring
3/5/2017 0:00,78.66085698,68.93234868,66,80.02360522,85.8909935,1,wknd,Spring
3/6/2017 0:00,80.02360522,129.0068338,76,123.4801326,85.8909935,1,wk,Spring
3/7/2017 0:00,123.4801326,124.9942973,69,131.7701844,85.8909935,1,wk,Spring
3/8/2017 0:00,131.7701844,132.943662,68,117.4991819,85.8909935,1,wk,Spring
3/9/2017 0:00,117.4991819,129.2718126,73.5,114.9251019,85.8909935,1,wk,Spring
3/10/2017 0:00,114.9251019,85.8909935,72.5,49.55104032,85.8909935,1,wk,Spring
3/11/2017 0:00,49.55104032,78.66085698,63.5,6.510908277,85.8909935,0,wknd,Spring
3/12/2017 0:00,6.510908277,80.02360522,54.5,3.974682379,85.8909935,0,wknd,Spring
3/13/2017 0:00,3.974682379,123.4801326,59,28.84483783,85.8909935,0,wk,Spring
3/14/2017 0:00,28.84483783,131.7701844,56.5,27.51994371,85.8909935,0,wk,Spring
3/15/2017 0:00,27.51994371,117.4991819,62,25.13513428,85.8909935,0,wk,Spring
3/16/2017 0:00,25.13513428,114.9251019,68.5,30.2454402,85.8909935,0,wk,Spring
3/17/2017 0:00,30.2454402,49.55104032,74,23.01530368,85.8909935,0,wk,Spring
3/18/2017 0:00,23.01530368,6.510908277,74.5,6.738032985,85.8909935,0,wknd,Spring
3/19/2017 0:00,6.738032985,3.974682379,75,36.07497435,85.8909935,1,wknd,Spring
3/20/2017 0:00,36.07497435,28.84483783,74.5,130.3317279,85.8909935,1,wk,Spring
3/21/2017 0:00,130.3317279,27.51994371,74,129.9531867,85.8909935,1,wk,Spring
3/22/2017 0:00,129.9531867,25.13513428,75.5,138.2810927,85.8909935,1,wk,Spring
3/23/2017 0:00,138.2810927,30.2454402,75,148.6909751,85.8909935,1,wk,Spring
3/24/2017 0:00,148.6909751,23.01530368,71.5,84.03614172,85.8909935,1,wk,Spring
3/25/2017 0:00,84.03614172,6.738032985,68.5,41.45025909,85.8909935,1,wknd,Spring
3/26/2017 0:00,41.45025909,36.07497435,74.5,80.62927111,85.8909935,1,wknd,Spring
3/27/2017 0:00,80.62927111,130.3317279,78,123.6694032,85.8909935,1,wk,Spring
3/28/2017 0:00,123.6694032,129.9531867,78,120.2625325,85.8909935,1,wk,Spring
3/29/2017 0:00,120.2625325,138.2810927,72,125.4485467,85.8909935,1,wk,Spring
3/30/2017 0:00,125.4485467,148.6909751,68,120.3382408,85.8909935,1,wk,Spring
3/31/2017 0:00,120.3382408,84.03614172,70.5,96.45229239,85.8909935,1,wk,Spring
4/1/2017 0:00,96.45229239,41.45025909,70.5,41.90450851,126.8491491,1,wknd,Spring
4/2/2017 0:00,41.90450851,80.62927111,67,68.74307809,126.8491491,1,wknd,Spring
4/3/2017 0:00,68.74307809,123.6694032,69.5,125.4864008,126.8491491,1,wk,Spring
4/4/2017 0:00,125.4864008,120.2625325,74.5,131.6944761,126.8491491,1,wk,Spring
4/5/2017 0:00,131.6944761,125.4485467,63.5,140.4009233,126.8491491,1,wk,Spring
4/6/2017 0:00,140.4009233,120.3382408,64,148.1610174,126.8491491,1,wk,Spring
4/7/2017 0:00,148.1610174,96.45229239,66.5,112.8052713,126.8491491,1,wk,Spring
4/8/2017 0:00,112.8052713,41.90450851,69,62.08075334,126.8491491,1,wknd,Spring
4/9/2017 0:00,62.08075334,68.74307809,73.5,91.26627824,126.8491491,1,wknd,Spring
4/10/2017 0:00,91.26627824,125.4864008,75.5,141.9529421,126.8491491,1,wk,Spring
4/11/2017 0:00,141.9529421,131.6944761,67,142.0665044,126.8491491,1,wk,Spring
4/12/2017 0:00,142.0665044,140.4009233,69.5,146.1926033,126.8491491,1,wk,Spring
4/13/2017 0:00,146.1926033,148.1610174,74.5,131.0509561,126.8491491,1,wk,Spring
4/14/2017 0:00,131.0509561,112.8052713,74.5,88.20009469,126.8491491,1,wk,Spring
4/15/2017 0:00,88.20009469,62.08075334,75.5,49.89172738,126.8491491,1,wknd,Spring
4/16/2017 0:00,49.89172738,91.26627824,76.5,71.31715811,126.8491491,1,wknd,Spring
4/17/2017 0:00,71.31715811,141.9529421,71.5,133.0950785,126.8491491,1,wk,Spring
4/18/2017 0:00,133.0950785,142.0665044,71.5,134.7606597,126.8491491,1,wk,Spring
4/19/2017 0:00,134.7606597,146.1926033,76.5,133.7007444,126.8491491,1,wk,Spring
4/20/2017 0:00,133.7007444,131.0509561,79,131.2023726,126.8491491,1,wk,Spring
4/21/2017 0:00,131.2023726,88.20009469,80,111.745356,126.8491491,1,wk,Spring
4/22/2017 0:00,111.745356,49.89172738,65,55.91053213,126.8491491,1,wknd,Spring
4/23/2017 0:00,55.91053213,71.31715811,63.5,73.209864,126.8491491,1,wknd,Spring
4/24/2017 0:00,73.209864,133.0950785,65,128.2118973,126.8491491,1,wk,Spring
4/25/2017 0:00,128.2118973,134.7606597,76,129.3096667,126.8491491,1,wk,Spring
4/26/2017 0:00,129.3096667,133.7007444,76.5,140.0602362,126.8491491,1,wk,Spring
4/27/2017 0:00,140.0602362,131.2023726,69.5,138.1296762,126.8491491,1,wk,Spring
4/28/2017 0:00,138.1296762,111.745356,82.5,93.57537943,126.8491491,1,wk,Spring
4/29/2017 0:00,93.57537943,55.91053213,79,59.20384038,126.8491491,1,wknd,Spring
4/30/2017 0:00,59.20384038,73.209864,65,69.15947339,126.8491491,1,wknd,Spring
5/1/2017 0:00,69.15947339,128.2118973,71,117.1206408,52.57936975,1,wk,Spring
5/2/2017 0:00,117.1206408,129.3096667,77,113.5244996,52.57936975,1,wk,Spring
5/3/2017 0:00,113.5244996,140.0602362,79.5,134.0792856,52.57936975,1,wk,Spring
5/4/2017 0:00,134.0792856,138.1296762,69.5,130.0667491,52.57936975,1,wk,Spring
5/5/2017 0:00,130.0667491,93.57537943,70.5,86.19382644,52.57936975,1,wk,Spring
5/6/2017 0:00,86.19382644,59.20384038,72.5,41.82880027,52.57936975,1,wknd,Spring
5/7/2017 0:00,41.82880027,69.15947339,74.5,52.57936975,52.57936975,1,wknd,Spring
5/8/2017 0:00,52.57936975,117.1206408,74,91.49340294,52.57936975,1,wk,Spring
5/9/2017 0:00,91.49340294,113.5244996,71,122.003822,52.57936975,1,wk,Spring
5/10/2017 0:00,122.003822,134.0792856,77,140.5523397,52.57936975,1,wk,Spring
5/11/2017 0:00,140.5523397,130.0667491,79.5,136.0855538,52.57936975,1,wk,Spring
5/12/2017 0:00,136.0855538,86.19382644,75.5,97.24722886,52.57936975,1,wk,Spring
5/13/2017 0:00,97.24722886,41.82880027,73.5,58.78744509,52.57936975,1,wknd,Spring
5/14/2017 0:00,58.78744509,52.57936975,77.5,52.01155798,52.57936975,1,wknd,Spring
5/15/2017 0:00,52.01155798,91.49340294,79.5,76.27604755,52.57936975,1,wk,Spring
5/16/2017 0:00,76.27604755,122.003822,78,71.05217928,52.57936975,1,wk,Spring
5/17/2017 0:00,71.05217928,140.5523397,80,60.64229686,52.57936975,0,wk,Spring
5/18/2017 0:00,60.64229686,136.0855538,83.5,58.63602861,52.57936975,0,wk,Spring
5/19/2017 0:00,58.63602861,97.24722886,85,46.44700265,52.57936975,0,wk,Spring
5/20/2017 0:00,46.44700265,58.78744509,75,15.4444801,52.57936975,0,wknd,Spring
5/21/2017 0:00,15.4444801,52.01155798,70,12.30258831,52.57936975,0,wknd,Spring
5/22/2017 0:00,12.30258831,76.27604755,69,40.57961438,52.57936975,0,wk,Spring
5/23/2017 0:00,40.57961438,71.05217928,72,43.64579793,52.57936975,0,wk,Spring
5/24/2017 0:00,43.64579793,60.64229686,71.5,40.12536496,52.57936975,0,wk,Spring
5/25/2017 0:00,40.12536496,58.63602861,78,37.70270142,52.57936975,0,wk,Spring
5/26/2017 0:00,37.70270142,46.44700265,83.5,42.85086145,52.57936975,0,wk,Spring
5/27/2017 0:00,42.85086145,15.4444801,86.5,21.65255543,52.57936975,0,wknd,Spring
5/28/2017 0:00,21.65255543,12.30258831,80,20.89547308,52.57936975,0,wknd,Spring
5/29/2017 0:00,20.89547308,40.57961438,78,21.19830602,52.57936975,0,wk,Spring
5/30/2017 0:00,21.19830602,43.64579793,78,35.84784964,52.57936975,0,wk,Spring
5/31/2017 0:00,35.84784964,40.12536496,76.5,40.01180261,52.57936975,0,wk,Spring
6/1/2017 0:00,40.01180261,37.70270142,78,59.20384038,76.3896099,0,wk,Summer
6/2/2017 0:00,59.20384038,42.85086145,83,51.4058921,76.3896099,0,wk,Summer
6/3/2017 0:00,51.4058921,21.65255543,81.5,36.90776494,76.3896099,0,wknd,Summer
6/4/2017 0:00,36.90776494,20.89547308,79.5,50.30812268,76.3896099,0,wknd,Summer
6/5/2017 0:00,50.30812268,21.19830602,78,95.01383591,76.3896099,0,wk,Summer
6/6/2017 0:00,95.01383591,35.84784964,81,113.1838125,76.3896099,0,wk,Summer
6/7/2017 0:00,113.1838125,40.01180261,82.5,93.80250413,76.3896099,0,wk,Summer
6/8/2017 0:00,93.80250413,59.20384038,83,74.61046636,76.3896099,0,wk,Summer
6/9/2017 0:00,74.61046636,51.4058921,82,64.16272983,76.3896099,0,wk,Summer
6/10/2017 0:00,64.16272983,36.90776494,81.5,34.14441434,76.3896099,0,wknd,Summer
6/11/2017 0:00,34.14441434,50.30812268,83,31.9488755,76.3896099,0,wknd,Summer
6/12/2017 0:00,31.9488755,95.01383591,84.5,81.4620617,76.3896099,0,wk,Summer
6/13/2017 0:00,81.4620617,113.1838125,87,96.79297945,76.3896099,0,wk,Summer
6/14/2017 0:00,96.79297945,93.80250413,87,90.01709235,76.3896099,0,wk,Summer
6/15/2017 0:00,90.01709235,74.61046636,87.5,85.32318173,76.3896099,0,wk,Summer
6/16/2017 0:00,85.32318173,64.16272983,87.5,77.18454638,76.3896099,0,wk,Summer
6/17/2017 0:00,77.18454638,34.14441434,89,56.25121919,76.3896099,0,wknd,Summer
6/18/2017 0:00,56.25121919,31.9488755,89,54.92632506,76.3896099,0,wknd,Summer
6/19/2017 0:00,54.92632506,81.4620617,84,94.86241944,76.3896099,0,wk,Summer
6/20/2017 0:00,94.86241944,96.79297945,87,116.3257043,76.3896099,0,wk,Summer
6/21/2017 0:00,116.3257043,90.01709235,86,78.81227345,76.3896099,0,wk,Summer
6/22/2017 0:00,78.81227345,85.32318173,87.5,81.4620617,76.3896099,0,wk,Summer
6/23/2017 0:00,81.4620617,77.18454638,91,61.74006628,76.3896099,0,wk,Summer
6/24/2017 0:00,61.74006628,56.25121919,78.5,34.56080963,76.3896099,0,wknd,Summer
6/25/2017 0:00,34.56080963,54.92632506,82.5,34.75008022,76.3896099,0,wknd,Summer
6/26/2017 0:00,34.75008022,94.86241944,81.5,76.1624852,76.3896099,0,wk,Summer
6/27/2017 0:00,76.1624852,116.3257043,81,94.67314885,76.3896099,0,wk,Summer
6/28/2017 0:00,94.67314885,78.81227345,81.5,77.52523344,76.3896099,0,wk,Summer
6/29/2017 0:00,77.52523344,81.4620617,87,76.61673461,76.3896099,0,wk,Summer
6/30/2017 0:00,76.61673461,61.74006628,88.5,62.1943157,76.3896099,0,wk,Summer
7/1/2017 0:00,62.1943157,34.56080963,88.5,59.80950627,55.98624036,0,wknd,Summer
7/2/2017 0:00,59.80950627,34.75008022,89,44.32717205,55.98624036,0,wknd,Summer
7/3/2017 0:00,44.32717205,76.1624852,87.5,63.70848041,55.98624036,0,wk,Summer
7/4/2017 0:00,63.70848041,94.67314885,89.5,52.16297445,55.98624036,0,wk,Summer
