Date / Time,Grab ID,Chlorine,Ammonia,Monochloramine,Nitrite
8/28/2022 20:14,P13,1.22,0.37,1.14,0.006
8/28/2022 19:40,P33,2.08,0.05,0.06,0.006
8/28/2022 19:09,P34,1.5,0.44,1.33,0.008
8/28/2022 18:48,P35,3.56,0.07,0.04,0.005
8/28/2022 18:21,P32,1.52,0.51,1.46,0.005
8/28/2022 18:11,P10,3.07,0.03,0.02,0.003
8/28/2022 17:51,P9,3.15,0.07,0.03,0.005
8/28/2022 17:35,P3,1.57,0.07,1.4,0.008
8/28/2022 17:18,P21,1.56,0.1,1.31,0.005
8/28/2022 16:57,P24,1.91,0.38,1.18,0.005
8/28/2022 16:42,P25,1.76,0.42,1.66,0.005
8/28/2022 16:23,P14,3.78,0.03,0.03,0.005
8/28/2022 16:01,P26,0.53,0.12,0.41,0.006
8/28/2022 15:45,P6,1.76,0.37,1.59,0.006
8/28/2022 15:18,P22,4.47,0.02,0.04,0.004
8/28/2022 14:50,P20,1.96,0.36,1.63,0.005
8/28/2022 14:35,P23,1.22,0.01,0.01,0.007
8/28/2022 14:04,P27,0.52,0.09,0.41,0.004
8/28/2022 13:35,P2,0.51,0.05,0.17,0.005
8/28/2022 13:16,P15,2.04,0.03,0.03,0
8/28/2022 12:16,P19,0.51,0.08,0.04,0.005
8/28/2022 11:59,P31,2.78,0.03,0.03,0.005
8/28/2022 11:47,P12,3.45,0.02,0.01,0.004
8/28/2022 11:28,P11,3.16,0.01,0.03,0.005
8/28/2022 11:02,P16,1.16,0.03,0.02,0.005
8/28/2022 10:48,P30,1.82,0.03,0.14,0.005
8/28/2022 10:30,P18,1.35,0.05,0.04,0.005
8/28/2022 10:17,P4,1.92,0.02,0.03,0.005
8/28/2022 9:55,P5,0.94,0.02,0.03,0.003
8/28/2022 9:40,P5,1.95,0,0.03,0.005
8/28/2022 9:06,P29,2,0.19,1.8,0.005
8/28/2022 8:49,P7,2.32,0.05,2.07,0.004
8/28/2022 8:33,P17,1.59,0.17,1.49,0.003
8/28/2022 7:56,P28,1.88,0,0.03,0.004
8/28/2022 7:19,P1,2.27,0,0.04,0.004
8/28/2022 7:05,P8,3.26,0.02,0.04,0.005
8/27/2022 19:00,P16,0.7,,,0.004
8/27/2022 17:50,P13,1.12,0.47,1.07,0.006
8/27/2022 17:21,P33,1.72,0.36,1.61,0.006
8/27/2022 16:51,P34,1.35,0.44,1.27,0.008
8/27/2022 16:36,P35,2.75,0.36,2.54,0.004
8/27/2022 16:18,P32,1.44,0.4,1.38,0.005
8/27/2022 16:09,P10,1.62,0,0.85,0.005
8/27/2022 15:57,P9,2.55,0.01,0.03,0.006
8/27/2022 15:42,P3,1.11,0.12,0.97,0.005
8/27/2022 15:30,P21,2.09,0.33,2.05,0.005
8/27/2022 15:22,P24,1.67,0.39,1.56,0.005
8/27/2022 15:10,P25,1.64,0.47,1.51,0.005
8/27/2022 14:48,P14,1.85,0.39,1.68,0.005
8/27/2022 14:35,P26,1.95,0.38,1.78,0.004
8/27/2022 14:19,P6,2.2,0.36,2.05,0.005
8/27/2022 14:04,P22,1.08,0.43,0.92,0.005
8/27/2022 13:49,P20,1.6,0.38,1.55,0.005
8/27/2022 13:33,P23,2.15,0.35,2.13,0.005
8/27/2022 13:15,P27,2.12,0.38,2.06,0.005
8/27/2022 12:18,P2,0.56,0.4,0.47,0.01
8/27/2022 12:03,P15,2.54,0.18,2.06,0.006
8/27/2022 11:48,P19,0.55,0.4,0.41,0.001
8/27/2022 11:33,P31,2.44,0.37,1.84,0.006
8/27/2022 11:22,P12,2.65,0.21,2.49,0.004
8/27/2022 11:12,P11,2.71,0.3,2.28,0.005
8/27/2022 10:07,P30,1.59,0.38,1.06,0.018
8/27/2022 9:51,P18,0.89,0.43,0.48,0.014
8/27/2022 9:36,P4,2.24,0.37,2.16,0.005
8/27/2022 9:25,P5,2.6,0.35,2.42,0.006
8/27/2022 9:09,P5,3.47,0.15,3.32,0.004
8/27/2022 8:55,P29,2.31,0.24,2.07,0.004
8/27/2022 8:41,P7,1.96,0.15,1.81,0.005
8/27/2022 8:27,P17,1.58,0.22,1.45,0.005
8/27/2022 7:44,P28,2.37,0.4,2.29,0.006
8/27/2022 7:32,P1,3.11,0.2,2.92,0.005
8/27/2022 7:23,P8,3.24,0.28,2.9,0.006
8/26/2022 16:27,P34,1.4,0.44,1.31,0.008
8/26/2022 16:08,P35,2.56,0.33,2.34,0.006
8/26/2022 15:42,P32,1.6,0.39,1.53,0.004
8/26/2022 15:35,P10,4,0.2,3.58,0.007
8/26/2022 15:23,P9,4.16,0.24,3.72,0.004
8/26/2022 15:10,P3,1.61,0.33,2.21,0.003
8/26/2022 14:59,P21,2.21,0.36,2.14,0.006
8/26/2022 14:45,P24,1.94,0.42,1.89,0.004
8/26/2022 14:45,P33,2.09,0.55,1.23,0.008
8/26/2022 14:33,P25,1.69,0.41,1.64,0.005
8/26/2022 14:14,P14,2.68,0.34,2.51,0.004
8/26/2022 13:59,P26,2.2,0.41,2.09,0.004
8/26/2022 13:43,P6,1.95,0.39,1.88,0.006
8/26/2022 13:24,P22,3.31,0.2,3.19,0.005
8/26/2022 13:11,P20,1.83,0.42,1.79,0.007
8/26/2022 12:45,P23,2.07,0.45,2.1,0.006
8/26/2022 12:10,P27,2.1,0.32,2.03,0.006
8/26/2022 11:51,P18,1.11,0.43,0.89,0.019
8/26/2022 11:17,P2,1.39,0.41,0.95,0.007
8/26/2022 11:08,P19,0.77,0.38,0.59,0.021
8/26/2022 10:47,P31,2.64,0.28,2.06,0.009
8/26/2022 10:46,P15,2.1,0.22,1.75,0.006
8/26/2022 10:32,P12,3.37,0.22,3.18,0.006
8/26/2022 10:19,P11,3.36,0.19,3.07,0.008
8/26/2022 10:05,P16,2.93,0.24,2.49,0.007
8/26/2022 9:57,P30,2.82,0.26,2.46,0.007
8/26/2022 9:24,P13,1.52,0.41,1.49,0.007
8/26/2022 9:16,P4,2.49,0.31,2.4,0.008
8/26/2022 9:06,P5,2.49,0.28,2.46,0.007
8/26/2022 8:54,P5,3.4,0.11,3.3,0.008
8/26/2022 8:40,P29,2.11,0.2,2.11,0.006
8/26/2022 8:28,P7,2.18,0.08,1.86,0.007
8/26/2022 8:09,P17,1.6,0.18,1.54,0.006
8/26/2022 7:24,P28,2.81,0.28,2.62,0.009
8/26/2022 7:08,P1,3.79,0.15,3.34,0.008
8/26/2022 6:57,P8,4.07,0.14,3.48,0.007
8/25/2022 17:00,P7,3.08,0.08,2.81,0.006
8/25/2022 16:47,P33,1.83,0.35,1.74,0.006
8/25/2022 16:35,P29,2.23,0.19,2.09,0.005
8/25/2022 16:08,P4,3.03,0.42,2.9,0.005
8/25/2022 15:55,P5,2.92,0.29,2.83,0.007
8/25/2022 15:53,P13,3.9,0.3,3.53,0.004
8/25/2022 15:44,P5,3.88,0.08,3.75,0.004
8/25/2022 15:27,P18,1.81,0.34,1.58,0.008
8/25/2022 15:04,P27,2.37,0.3,2.28,0.006
8/25/2022 14:41,P23,2.44,0.32,2.34,0.006
8/25/2022 14:24,P22,3.37,0.32,3.23,0.005
8/25/2022 14:07,P20,1.82,0.37,1.74,0.006
8/25/2022 14:03,P2,1.66,0.38,1.23,0.009
8/25/2022 13:50,P6,2.54,0.35,2.46,0.006
8/25/2022 13:35,P26,2.31,0.47,2.27,0.006
8/25/2022 13:33,P31,2.91,0.4,2.35,0.008
8/25/2022 13:18,P14,2.63,0.32,2.53,0.006
8/25/2022 13:05,P25,1.68,0.37,1.67,0.006
8/25/2022 12:52,P24,1.95,0.33,1.83,0.005
8/25/2022 12:40,P21,2.39,0.36,2.36,0.005
8/25/2022 12:28,P3,2.37,0.38,2.22,0.004
8/25/2022 12:17,P10,3.6,0.19,3.21,0.005
8/25/2022 12:08,P12,3.62,0.24,3.57,0.007
8/25/2022 12:06,P9,3.71,0.19,3.37,0.006
8/25/2022 11:58,P11,3.61,0.27,3.53,0.006
8/25/2022 11:40,P34,1.42,0.51,1.36,0.009
8/25/2022 11:19,P35,2.78,0.37,2.53,0.006
8/25/2022 10:55,P32,1.57,0.4,1.54,0.005
8/25/2022 9:45,P19,0.66,0.45,0.45,0.016
8/25/2022 9:18,P15,2.07,0.29,1.77,0.006
8/25/2022 9:00,P30,2.99,0.24,2.63,0.006
8/25/2022 8:40,P16,3.21,0.29,2.56,0.007
8/25/2022 8:13,P17,1.6,0.2,1.47,0.004
8/25/2022 7:38,P28,3.21,0.26,3.12,0.007
8/25/2022 7:21,P1,2.75,0.28,2.69,0.006
8/25/2022 7:07,P8,3.68,0.31,3.34,0.006
8/24/2022 16:01,P34,1.33,0.37,1.27,0.008
8/24/2022 15:55,P13,3.7,0.29,3.41,0.004
8/24/2022 15:44,P35,2.54,0.32,2.4,0.007
8/24/2022 15:22,P32,1.43,0.38,1.41,0.005
8/24/2022 15:12,P10,3.8,0.35,2.75,0.006
8/24/2022 15:00,P9,4.14,0.14,3.78,0.004
8/24/2022 14:44,P3,2.27,0.33,2.21,0.006
8/24/2022 14:33,P21,2.73,0.27,2.64,0.005
8/24/2022 14:21,P24,1.89,0.36,1.84,0.006
8/24/2022 14:11,P25,1.72,0.35,1.69,0.006
8/24/2022 13:54,P14,2.74,0.28,2.63,0.004
8/24/2022 13:38,P26,2.19,0.33,2.18,0.006
8/24/2022 13:28,P33,1.85,0.39,1.85,0.007
8/24/2022 13:22,P6,2.68,0.33,2.48,0.004
8/24/2022 13:06,P22,3.16,0.23,2.92,0.004
8/24/2022 12:57,P20,1.86,0.36,1.82,0.006
8/24/2022 12:40,P23,1.87,0.39,1.86,0.005
8/24/2022 12:23,P27,2.18,0.39,2.1,0.006
8/24/2022 12:22,P31,1.43,0.43,0.85,0.008
8/24/2022 11:52,P15,1.42,0.38,1.1,0.007
8/24/2022 11:35,P19,0.66,0.39,0.53,0.021
8/24/2022 10:51,P2,0.74,0.39,0.64,0.01
8/24/2022 10:39,P12,3.45,0.19,3.2,0.005
8/24/2022 10:27,P11,3,0.23,2.29,0.006
8/24/2022 10:11,P16,2.5,0.27,1.93,0.016
8/24/2022 10:03,P30,2.86,0.34,2.48,0.006
8/24/2022 9:47,P18,0.79,0.46,0.58,0.008
8/24/2022 9:36,P4,2.49,0.34,2.43,0.005
8/24/2022 9:24,P5,3.51,0.18,3.3,0.005
8/24/2022 9:13,P5,2.68,0.29,2.64,0.006
8/24/2022 8:56,P29,2.66,0.25,2.52,0.006
8/24/2022 8:46,P7,1.91,0.21,1.79,0.005
8/24/2022 8:30,P17,1.84,0.2,1.75,0.005
8/24/2022 7:40,P28,3,0.29,2.67,0.007
8/24/2022 7:21,P1,2.36,0.37,2.3,0.006
8/24/2022 7:11,P8,4,0.15,3.53,0.005
8/23/2022 17:30,P34,2.26,0.28,2.12,0.004
8/23/2022 17:09,P33,1.79,0.35,1.76,0.008
8/23/2022 17:00,P35,2.3,0.27,2.15,0.006
8/23/2022 16:38,P32,1.47,0.4,1.4,0.006
8/23/2022 16:27,P10,4.06,0.21,3.72,0.006
8/23/2022 16:12,P9,4.01,0.18,3.73,0.005
8/23/2022 16:04,P13,3.52,0,3.39,0.004
8/23/2022 15:59,P3,2.49,0.34,2.3,0.005
8/23/2022 15:44,P21,2.3,0.31,2.24,0.005
8/23/2022 15:31,P24,1.85,0.31,1.72,0.006
8/23/2022 15:14,P25,1.72,0.35,1.65,0.005
8/23/2022 15:00,P14,2.66,0.45,2.36,0.005
8/23/2022 14:45,P26,2.07,0.4,1.69,0.005
8/23/2022 14:28,P6,1.84,0.32,1.74,0.004
8/23/2022 14:11,P22,3.49,0.23,3.29,0.006
8/23/2022 13:57,P20,1.94,0.3,1.85,0.005
8/23/2022 13:45,P23,1.95,0.26,1.88,0.007
8/23/2022 13:10,P27,1.95,0.28,1.95,0.005
8/23/2022 12:04,P2,0.6,0.37,0.52,0.011
8/23/2022 11:53,P15,1.93,0.23,1.57,0.006
8/23/2022 11:37,P19,0.56,0.33,0.54,0.018
8/23/2022 11:26,P31,1.85,0.36,1.32,0.006
8/23/2022 10:54,P12,3.71,0.18,3.62,0.005
8/23/2022 10:43,P11,3.39,0.26,3.34,0.005
8/23/2022 10:30,P16,3.06,0.45,3.39,0.004
8/23/2022 10:14,P30,2.85,0.3,2.37,0.013
8/23/2022 9:59,P18,1.02,0.4,0.69,0.008
8/23/2022 9:43,P4,2.92,0.27,2.86,0.005
8/23/2022 9:24,P5,2.81,0.24,2.75,0.006
8/23/2022 9:14,P5,3.69,0.04,3.6,0.006
8/23/2022 8:57,P29,2.11,0.32,1.99,0.007
8/23/2022 8:43,P7,1.96,0,1.31,0.006
8/23/2022 8:24,P17,1.62,0.28,1.6,0.005
8/23/2022 7:55,P28,2.77,0.29,2.58,0.006
8/23/2022 7:40,P1,2.45,0.3,2.39,0.006
8/23/2022 7:26,P8,3.83,0.22,3.57,0.007
8/22/2022 17:03,P34,0.91,0.4,0.89,0.007
8/22/2022 16:47,P35,1.58,0.33,1.56,0.007
8/22/2022 16:08,P32,1.04,0.32,1.03,0.006
8/22/2022 15:56,P10,3.6,0.14,3.29,0.004
8/22/2022 15:44,P9,3.64,0.14,3.22,0.007
8/22/2022 15:26,P3,2.37,0.32,2.3,0.005
8/22/2022 15:12,P21,2.95,0.21,2.88,0.006
8/22/2022 15:00,P13,3.27,0.16,3.09,0.003
8/22/2022 14:51,P24,1.42,0.36,1.41,0.006
8/22/2022 14:40,P25,1.49,0.38,1.42,0.007
8/22/2022 14:30,P14,2.68,0.24,2.52,0.005
8/22/2022 14:14,P26,1.99,0.29,1.88,0.005
8/22/2022 13:58,P6,1.64,0.35,1.61,0.005
8/22/2022 13:41,P22,3.13,0.22,2.86,0.004
8/22/2022 13:30,P20,1.98,0.32,1.87,0.002
8/22/2022 13:17,P23,2.31,0.36,2.27,0.007
8/22/2022 12:53,P27,1.97,0.29,1.96,0.007
8/22/2022 12:40,P33,1.52,0.35,1.52,0.007
8/22/2022 12:14,P2,0.59,0.41,0.52,0.012
8/22/2022 11:54,P15,1.72,0.28,1.7,0.012
8/22/2022 11:37,P19,0.58,0.42,0.54,0.011
8/22/2022 11:27,P31,2.01,0.3,1.48,0.016
8/22/2022 10:49,P12,3.18,0.22,3.17,0.008
8/22/2022 10:38,P11,3.02,0.19,2.92,0.007
8/22/2022 10:29,P16,2.2,0.34,1.73,0.021
8/22/2022 10:11,P30,2.17,0.27,1.68,0.023
8/22/2022 9:51,P18,0.97,0.36,0.81,0.008
8/22/2022 9:36,P29,1.94,0.32,1.91,0.004
8/22/2022 9:20,P7,1.36,0.28,1.28,0.006
8/22/2022 8:57,P17,1.71,0.35,1.7,0.008
8/22/2022 8:29,P4,2.75,0.24,2.68,0.006
8/22/2022 8:14,P5,2.27,0.3,2.2,0.007
8/22/2022 8:05,P5,2.25,0.35,2.23,0.008
8/22/2022 7:45,P28,3.24,0.28,3.18,0.007
8/22/2022 7:34,P1,2.29,0.37,2.23,0.008
8/22/2022 7:22,P8,3.19,0.21,3.05,0.004
8/21/2022 17:42,P13,2.7,0.19,2.09,0.006
8/21/2022 17:09,P33,1.31,0.34,1.31,0.005
8/21/2022 16:21,P34,1.12,0.4,1.11,0.008
8/21/2022 16:08,P35,1.72,0.33,1.68,0.007
8/21/2022 15:50,P32,1.32,0.44,1.27,0.005
8/21/2022 15:35,P10,3.47,0.16,3.17,0.006
8/21/2022 15:22,P9,3.49,0.14,3.26,0.006
8/21/2022 15:06,P3,2.24,0.34,2.31,0.002
8/21/2022 14:53,P21,2.57,0.35,2.47,0.006
8/21/2022 14:43,P24,1.27,0.33,1.25,0.006
8/21/2022 14:28,P25,1.74,0.42,1.65,0.005
8/21/2022 14:18,P14,2.24,0.32,2.15,0.008
8/21/2022 14:07,P26,3.06,0.2,2.95,0.005
8/21/2022 13:50,P6,1.19,0.42,1.11,0.007
8/21/2022 13:37,P22,3.19,0.21,2.93,0.006
8/21/2022 13:24,P20,1.25,0.38,1.21,0.005
8/21/2022 13:11,P23,2.27,0.38,2.21,0.008
8/21/2022 12:40,P27,1.99,0.31,1.9,0.007
8/21/2022 11:53,P2,0.54,0.46,0.54,0.012
8/21/2022 11:34,P15,1.37,0.34,1.14,0.01
8/21/2022 11:10,P19,0.58,0.45,0.58,0.008
8/21/2022 11:00,P31,2.24,0.33,1.34,0.008
8/21/2022 10:49,P12,2.84,0.19,2.77,0.005
8/21/2022 10:37,P11,2.88,0.17,2.755,0.005
8/21/2022 10:29,P16,0.83,0.46,0.65,0.011
8/21/2022 10:12,P30,1.74,0.28,1.36,0.009
8/21/2022 9:58,P18,1.46,0.34,1.26,0.007
8/21/2022 9:38,P4,2.92,0.17,2.69,0.004
8/21/2022 9:26,P5,2.84,0.22,2.54,0.004
8/21/2022 9:10,P5,2.79,0.29,2.54,0.005
8/21/2022 8:45,P7,2.66,0.3,2.37,0.005
8/21/2022 8:10,P17,1.15,0.28,0.98,0.005
8/21/2022 7:45,P28,2.88,0.2,2.68,0.007
8/21/2022 7:34,P1,3.61,0.13,3.26,0.006
8/21/2022 7:22,P8,3.77,0.12,3.43,0.005
8/20/2022 17:43,P13,2.12,0.14,1.89,0.007
8/20/2022 17:12,P33,1.63,0.34,1.54,0.006
8/20/2022 16:39,P34,0.98,0.43,0.92,0
8/20/2022 16:28,P35,1.66,0.37,1.51,0.006
8/20/2022 16:13,P32,1.44,0.45,1.44,0.006
8/20/2022 16:00,P10,3.85,0.18,3.65,0.005
8/20/2022 15:40,P9,3.75,0.17,3.59,0.006
8/20/2022 15:26,P3,3.21,0.24,3.16,0.007
8/20/2022 15:11,P21,2.36,0.37,2.27,0.006
8/20/2022 15:00,P24,1.57,0.43,1.42,0.005
8/20/2022 14:49,P25,1.59,0.45,1.56,0.005
8/20/2022 14:39,P14,2.38,0.35,2.25,0.007
8/20/2022 14:22,P26,1.68,0.38,1.6,0.007
8/20/2022 14:03,P6,1.14,0.43,1.09,0.006
8/20/2022 13:49,P22,3.28,0.23,3.24,0.005
8/20/2022 13:35,P20,1.1,0.46,1.06,0.006
8/20/2022 13:20,P23,2.4,0.35,2.38,0.006
8/20/2022 13:00,P27,1.91,0.36,1.86,0.006
8/20/2022 12:13,P2,0.54,0.46,0.53,0.012
8/20/2022 11:59,P15,1.56,0.43,1.42,0.008
8/20/2022 11:43,P19,0.56,0.44,0.54,0.012
8/20/2022 11:11,P12,3.33,0.33,3.29,0.006
8/20/2022 10:58,P11,3.34,0.31,3.31,0.006
8/20/2022 10:48,P16,2.45,0.36,1.96,0.013
8/20/2022 10:34,P30,2.4,0.37,1.95,0.008
8/20/2022 10:30,P31,2.34,0.38,1.83,0.014
8/20/2022 10:20,P18,1.23,0.44,1.06,0.009
8/20/2022 9:46,P4,2.52,0.39,2.48,0.006
8/20/2022 9:36,P5,2.64,0.36,2.54,0.006
8/20/2022 9:06,P5,2.64,0.38,2.59,0.005
8/20/2022 8:52,P29,0.87,0.36,0.86,0.007
8/20/2022 8:37,P7,1,0.24,0.98,0.007
8/20/2022 8:06,P17,1.01,0.36,0.92,0.005
8/20/2022 7:44,P28,3.9,0.18,3.67,0.006
8/20/2022 7:30,P1,3.9,0.18,3.67,0.006
8/20/2022 7:17,P8,3.97,0.18,3.58,0.006
8/19/2022 17:03,P34,0.83,0.46,0.75,0.023
8/19/2022 16:53,P35,2.18,0.35,2.18,0.004
8/19/2022 16:26,P32,1.08,0.4,1.08,0.004
8/19/2022 16:11,P10,3.78,0.22,3.55,0.008
8/19/2022 15:59,P9,3.77,0.26,3.47,0.005
8/19/2022 15:43,P3,2.21,0.36,2.16,0.005
8/19/2022 15:32,P21,2.19,0.4,2.17,0.005
8/19/2022 15:20,P24,1.47,0.38,1.39,0.007
8/19/2022 15:09,P25,1.26,0.4,1.2,0
8/19/2022 14:55,P14,2.76,0.4,2.75,0.007
8/19/2022 14:44,P26,1.72,0.34,1.69,0.006
8/19/2022 14:15,P6,1.56,0.4,1.52,0.007
8/19/2022 14:11,P22,3,0.29,2.84,0.007
8/19/2022 13:58,P20,1.52,0.39,1.44,0.003
8/19/2022 13:43,P23,2.47,0.33,2.44,0.005
8/19/2022 13:18,P27,1.82,0.38,1.75,0.008
8/19/2022 12:17,P2,0.55,0.45,0.55,0.008
8/19/2022 12:03,P13,3.08,0.16,2.73,0.005
8/19/2022 11:59,P15,0.94,0.43,0.82,0.019
8/19/2022 11:46,P19,0.68,0.46,0.58,0
8/19/2022 11:35,P31,2.51,0.3,2.07,0.009
8/19/2022 11:18,P12,2.8,0.27,2.69,0.008
8/19/2022 11:07,P11,2.79,0.25,2.72,0.008
8/19/2022 11:07,P33,1.2,0.45,1.12,0.004
8/19/2022 10:53,P16,2.85,0.26,2.46,0.009
8/19/2022 10:36,P30,2.77,0.41,2.55,0.007
8/19/2022 10:21,P18,0.87,0.43,0.69,0.011
8/19/2022 10:10,P4,2.49,0.4,2.04,0.007
8/19/2022 10:00,P5,2.38,0.33,2.63,0.006
8/19/2022 9:40,P5,3.32,0.15,3.25,0.007
8/19/2022 9:19,P29,2.04,0.28,1.93,0.007
8/19/2022 9:03,P7,1.81,0.06,1.56,0.006
8/19/2022 8:45,P17,0.63,0.37,0.57,0.008
8/19/2022 8:21,P28,2.44,0.29,2.39,0.011
8/19/2022 7:50,P1,2.53,0.34,2.46,0.005
8/19/2022 7:38,P8,3.37,0.19,3.1,0.007
8/18/2022 18:30,P34,1.12,0.45,1.09,0.025
8/18/2022 17:33,P33,1.53,0.44,1.49,0.004
8/18/2022 17:32,P13,3.4,0.16,3.04,0.006
8/18/2022 17:28,P35,2.34,0.36,2.32,0.007
8/18/2022 16:58,P32,1.32,0.44,1.31,0.006
8/18/2022 16:32,P10,3.81,0.25,3.14,0.005
8/18/2022 16:17,P3,2.23,0.45,2.23,0.003
8/18/2022 16:17,P9,3.83,0.17,3.55,0.004
8/18/2022 16:03,P21,2.33,0.36,2.25,0.003
8/18/2022 15:51,P24,1.51,0.42,1.5,0.005
8/18/2022 15:39,P25,1.57,0.45,1.54,0.006
8/18/2022 15:27,P14,2.18,0.31,2.08,0.005
8/18/2022 15:16,P26,1.61,0.41,1.49,0.004
8/18/2022 14:52,P6,1.58,0.45,1.52,0.004
8/18/2022 14:26,P22,3.82,0.17,3.42,0.007
8/18/2022 14:14,P20,1.66,0.39,1.57,0.006
8/18/2022 14:01,P23,2.49,0.32,2.44,0.005
8/18/2022 13:11,P27,1.71,0.33,1.71,0.004
8/18/2022 12:41,P2,0.56,0.46,0.55,0.01
8/18/2022 12:24,P15,1.81,0.44,1.59,0.006
8/18/2022 12:13,P19,0.71,0.45,0.68,0.012
8/18/2022 11:57,P31,2.51,0.29,1.99,0.005
8/18/2022 11:41,P12,3.14,0.22,3.12,0.006
8/18/2022 11:22,P11,3.1,0.2,3.07,0.002
8/18/2022 11:13,P16,0.58,0.44,0.57,0.007
8/18/2022 10:57,P30,0.89,0.45,0.81,0.007
8/18/2022 10:46,P18,1.38,0.42,1.25,0.008
8/18/2022 10:25,P5,3.01,0.23,2.93,0.005
8/18/2022 10:13,P4,2.54,0.31,2.38,0.005
8/18/2022 10:00,P5,2.27,0.34,2.06,0.005
8/18/2022 9:44,P29,0.61,0.44,0.58,0.007
8/18/2022 9:31,P7,0.87,0.35,0.86,0.005
8/18/2022 9:20,P17,0.88,0.32,0.87,0.005
8/18/2022 8:08,P28,2.29,0.33,2.17,0.005
8/18/2022 7:55,P1,3.98,0.17,3.59,0.005
8/18/2022 7:53,P8,3.71,0.17,3.43,0.006
8/17/2022 17:02,P34,1.17,0.43,1.11,0.017
8/17/2022 16:44,P35,1.53,0.39,1.52,0.005
8/17/2022 16:23,P32,1.47,0.43,1.47,0.004
8/17/2022 15:57,P13,2.88,0.25,2.55,0.007
8/17/2022 15:56,P10,3.63,0.17,3.32,0.005
8/17/2022 15:45,P9,3.64,0.17,3.33,0.005
8/17/2022 15:36,P3,2.22,0.44,2.23,0.006
8/17/2022 15:15,P21,2.22,0.38,1.25,0.006
8/17/2022 15:02,P24,1.87,0.37,1.81,0.005
8/17/2022 14:45,P25,1.42,0.42,1.42,0.006
8/17/2022 14:30,P14,2.15,0.36,2.1,0.005
8/17/2022 14:14,P26,1.99,0.4,1.95,0.005
8/17/2022 13:41,P6,2.28,0.42,2.02,0.004
8/17/2022 13:38,P22,2.69,0.25,2.58,0.004
8/17/2022 13:23,P20,1.64,0.48,1.61,0.006
8/17/2022 12:58,P23,2.38,0.4,2.31,0.006
8/17/2022 12:17,P2,0.64,0.57,0.55,0.001
8/17/2022 12:16,P27,2.64,0.39,2.53,0.006
8/17/2022 11:46,P15,2.02,0.38,1.8,0.006
8/17/2022 11:08,P19,0.81,0.52,0.74,0.011
8/17/2022 11:03,P31,2.59,0.28,2.21,0
8/17/2022 10:40,P12,2.86,0.22,2.64,0.004
8/17/2022 10:27,P11,2.77,0.22,2.64,0.005
8/17/2022 10:15,P16,2.73,0.34,2.32,0.006
8/17/2022 10:04,P30,2.85,0.27,2.51,0.006
8/17/2022 10:01,P33,1.69,0.39,1.7,0.007
8/17/2022 9:50,P18,1.52,0.47,1.29,0.007
8/17/2022 9:39,P4,2.81,0.35,2.7,0
8/17/2022 9:26,P5,2.84,0.35,2.73,0.005
8/17/2022 9:14,P5,3.67,0.17,3.58,0.005
8/17/2022 8:59,P29,1.02,0.3,0.92,0.006
8/17/2022 8:47,P7,1.31,0.32,1.22,0.005
8/17/2022 8:35,P17,1.14,0.26,1.08,0.005
8/17/2022 7:53,P28,2.42,0.35,2.34,0.008
8/17/2022 7:22,P1,3.16,0.36,3.06,0.006
8/17/2022 7:08,P8,2.88,0.24,2.6,0.005
8/16/2022 18:11,P7,1.5,0.55,1.35,0.002
8/16/2022 17:48,P5,1.56,0.38,1.47,0.007
8/16/2022 17:47,P4,0.78,0.53,0.69,0.011
8/16/2022 16:47,P34,1.42,0.42,1.38,0.01
8/16/2022 16:27,P35,1.61,0.43,1.51,0.004
8/16/2022 15:58,P32,1.35,0.42,1.33,0.004
8/16/2022 15:38,P10,4.04,0.16,3.71,0.005
8/16/2022 15:29,P9,4.11,0.15,3.78,0.004
8/16/2022 15:19,P3,2.67,0.38,2.48,0.005
8/16/2022 14:55,P21,2.95,0.37,2.86,0.007
8/16/2022 14:43,P24,1.86,0.4,1.79,0.005
8/16/2022 14:27,P25,1.54,0.41,1.55,0.004
8/16/2022 14:14,P14,2.47,0.41,2.4,0.005
8/16/2022 13:34,P6,2.59,0.34,2.51,0.004
8/16/2022 13:21,P26,2.3,0.44,2.24,0.005
8/16/2022 13:20,P22,4.14,0.38,3.74,0.006
8/16/2022 13:09,P33,1.66,0.39,1.66,0.006
8/16/2022 13:02,P20,1.96,0.38,1.94,0.005
8/16/2022 12:18,P23,2.27,0.38,2.21,0.005
8/16/2022 12:08,P27,1.84,0.44,1.79,0.005
8/16/2022 11:46,P2,1.37,0.46,1.17,0.007
8/16/2022 11:22,P15,1.6,0.43,1.46,0.003
8/16/2022 11:08,P19,0.63,0.52,0.53,0.01
8/16/2022 10:54,P13,2.76,0.25,2.54,0.004
8/16/2022 10:43,P31,3.16,0.46,2.56,0.008
8/16/2022 10:31,P12,4.3,0.34,3.78,0.006
8/16/2022 10:06,P11,3.8,0.31,3.38,0.006
8/16/2022 9:59,P5,2.16,0.37,2.15,0.005
8/16/2022 9:53,P16,3.53,0.46,2.95,0.007
8/16/2022 9:42,P30,3.1,0.36,2.87,0.006
8/16/2022 9:20,P18,1.12,0.47,1.04,0.007
8/16/2022 8:54,P29,0.94,0.28,0.9,0.011
8/16/2022 8:44,P17,1.43,0.27,1.4,0.006
8/16/2022 8:05,P28,3.36,0.33,3.03,0.009
8/16/2022 7:53,P1,5.06,0.28,4.3,0.005
8/16/2022 7:35,P8,5.18,0.29,4.32,0.007
8/15/2022 18:20,P5,3.3,0.25,3.42,0.006
8/15/2022 17:55,P17,1.62,0.46,1.39,0.007
8/15/2022 16:45,P34,1.02,0.49,1.02,0.025
8/15/2022 16:14,P35,2.03,0.33,1.88,0.005
8/15/2022 15:50,P32,1.35,0.47,1.36,0.005
8/15/2022 15:41,P10,2.66,0.35,2.59,0.006
8/15/2022 15:31,P9,3.77,0.19,3.68,0.005
8/15/2022 15:15,P3,2.41,0.38,2.36,0.006
8/15/2022 15:04,P21,2.44,0.33,2.44,0.006
8/15/2022 14:36,P25,1.45,0.42,1.44,0.005
8/15/2022 14:16,P14,2.35,0.33,2.27,0.005
8/15/2022 14:00,P26,1.91,0.37,1.87,0.005
8/15/2022 13:35,P6,1.82,0.43,1.76,0.006
8/15/2022 13:19,P22,3.49,0.24,3.27,0.001
8/15/2022 13:07,P20,1.8,0.39,1.79,0.004
8/15/2022 12:48,P23,2.25,0.37,2.31,0.006
8/15/2022 12:48,P33,1.61,0.39,1.56,0.007
8/15/2022 12:14,P27,2.1,0.39,2.14,0.006
8/15/2022 11:53,P2,0.74,0.55,0.68,0.002
8/15/2022 11:35,P15,1.54,0.52,1.38,0.007
8/15/2022 11:04,P19,0.65,0.57,0.58,0.009
8/15/2022 10:47,P13,3.37,0.22,3.12,0.005
8/15/2022 10:47,P31,2.54,0.36,2.06,0.011
8/15/2022 10:20,P12,3.77,0.28,3.25,0.005
8/15/2022 10:10,P11,3.28,0.29,3.2,0.002
8/15/2022 9:53,P16,2.8,0.33,2.31,0.024
8/15/2022 9:41,P30,3.03,0.32,2.74,0.001
8/15/2022 9:24,P18,1.38,0.28,1.42,0.005
8/15/2022 8:57,P29,1.85,0.21,1.74,0.006
8/15/2022 8:43,P7,2.88,0.17,2.63,0.004
8/15/2022 7:48,P28,2.89,0.34,2.81,0.007
8/15/2022 7:30,P1,2.53,0.38,2.48,0.005
8/15/2022 7:16,P8,3.87,0.23,3.56,0.006
8/15/2022 1:47,P24,1.74,0.36,1.72,0.005
8/14/2022 17:27,P13,0.52,0.52,0.49,0.007
8/14/2022 16:57,P33,1.45,0.41,1.44,0.001
8/14/2022 16:25,P34,1.2,0.43,1.07,0.02
8/14/2022 16:11,P35,2.05,0.4,1.97,0.005
8/14/2022 15:50,P32,1.59,0.41,1.53,0.006
8/14/2022 15:44,P10,3.67,0.29,3.6,0.006
8/14/2022 15:33,P9,3.89,0.37,3.83,0.006
8/14/2022 15:10,P3,3.11,0.37,3.07,0.004
8/14/2022 14:42,P21,2.48,0.35,2.41,0.007
8/14/2022 14:27,P24,2.25,0.42,2.14,0.006
8/14/2022 14:15,P25,1.8,0.4,1.48,0.005
8/14/2022 14:00,P14,2.58,0.33,2.4,0.005
8/14/2022 13:44,P26,2.27,0.47,2.19,0.007
8/14/2022 13:31,P6,2.03,0.42,2.02,0.007
8/14/2022 13:16,P22,3.75,0.19,3.55,0.007
8/14/2022 13:03,P20,2.08,0.44,2.02,0.004
8/14/2022 12:45,P23,2.6,0.44,2.59,0.005
8/14/2022 12:29,P27,2.03,0.43,2.02,0.007
8/14/2022 12:03,P2,1.29,0.5,1.08,0.008
8/14/2022 11:50,P15,1.54,0.47,1.32,0.012
8/14/2022 11:30,P19,0.8,0.37,0.7,0.009
8/14/2022 11:05,P12,3.65,0.27,3.56,0.005
8/14/2022 10:51,P11,3.46,0.22,3.39,0.007
8/14/2022 10:39,P16,2.75,0.28,2.3,0.014
8/14/2022 10:28,P30,3.2,0.27,3.08,0.005
8/14/2022 10:09,P18,1.2,0.45,1.12,0.007
8/14/2022 9:54,P4,2.97,0.26,2.84,0.005
8/14/2022 9:34,P5,2.68,0.38,2.61,0.005
8/14/2022 9:23,P5,3.49,0.14,3.14,0.004
8/14/2022 9:05,P29,1.55,0.32,1.57,0.006
8/14/2022 8:53,P7,1.75,0.14,1.61,0.005
8/14/2022 8:31,P17,1.48,0.27,1.46,0.005
8/14/2022 7:48,P28,3.15,0.29,3.07,0.007
8/14/2022 7:15,P1,4,0.16,3.95,0.004
8/14/2022 7:02,P8,4.36,0.15,4.06,0.005
8/14/2022 4:16,P31,2.6,0.43,2.13,0.011
8/13/2022 17:19,P13,2.73,0.37,2.48,0.005
8/13/2022 16:50,P33,1.34,0.37,1.33,0.006
8/13/2022 16:20,P34,1.07,0.38,1.06,0.021
8/13/2022 16:08,P35,2.09,0.33,2.07,0.004
8/13/2022 15:46,P32,1.5,0.36,1.48,0.004
8/13/2022 15:33,P10,3.69,0.2,3.45,0.004
8/13/2022 15:23,P9,3.91,0.17,3.62,0.005
8/13/2022 15:03,P3,2.36,0.38,2.28,0.005
8/13/2022 14:51,P21,2.38,0.36,2.38,0.005
8/13/2022 14:38,P24,2.08,0.33,2.11,0.005
8/13/2022 14:25,P25,2,0.35,1.95,0.005
8/13/2022 14:08,P14,2.61,0.27,2.58,0.005
8/13/2022 13:51,P26,1.6,0.35,1.63,0.005
8/13/2022 13:31,P6,1.71,0.32,1.71,0.005
8/13/2022 13:16,P22,3.09,0.29,3.07,0.005
8/13/2022 13:00,P20,2.17,0.32,2.12,0.005
8/13/2022 12:45,P23,2.66,0.34,2.7,0.004
8/13/2022 12:27,P27,2.1,0.5,2.07,0.006
8/13/2022 11:26,P2,1.26,0.49,1.27,0.009
8/13/2022 11:15,P15,2,0.37,1.92,0.007
8/13/2022 11:02,P19,1.32,0.48,1.22,0.008
8/13/2022 10:47,P31,2.59,0.47,2.2,0.012
8/13/2022 10:36,P12,3.54,0.28,3.44,0.005
8/13/2022 10:20,P11,3.34,0.25,3.39,0.006
8/13/2022 10:05,P16,2.44,0.34,2.01,0.031
8/13/2022 9:52,P30,1.64,0.39,1.47,0.007
8/13/2022 9:33,P18,1.74,0.39,1.65,0.007
8/13/2022 9:21,P4,2.83,0.33,2.6,0.005
8/13/2022 9:09,P5,2.8,0.33,2.61,0.006
8/13/2022 8:51,P5,3.66,0.12,3.57,0.004
8/13/2022 8:42,P29,2.49,0.3,2.44,0.005
8/13/2022 8:30,P7,1.6,0.23,1.53,0.005
8/13/2022 8:18,P17,1.39,0.22,1.32,0.004
8/13/2022 7:48,P28,3.06,0.31,2.95,0.007
8/13/2022 7:19,P1,2.49,0.34,2.39,0.005
8/13/2022 7:02,P8,3.67,0.23,3.66,0.006
8/12/2022 17:09,P34,1.1,0.4,1.11,0.017
8/12/2022 16:50,P35,2.25,0.29,2.32,0.004
8/12/2022 16:14,P32,1.16,0.39,1.17,0.005
8/12/2022 16:04,P10,3.9,0.14,3.82,0.005
8/12/2022 15:55,P9,3.89,0.12,3.69,0.004
8/12/2022 15:34,P3,2.65,0.33,2.64,0.001
8/12/2022 15:26,P21,3.37,0.21,3.29,0
8/12/2022 15:00,P24,2,0.35,2.01,0.005
8/12/2022 14:39,P25,1.79,0.35,1.7,0.006
8/12/2022 14:20,P14,2.34,0.26,2.35,0.004
8/12/2022 14:03,P26,2.07,0.28,2.08,0.005
8/12/2022 13:48,P6,1.9,0.31,1.9,0.005
8/12/2022 13:35,P13,3.32,0.2,3.25,0.003
8/12/2022 13:21,P22,3.49,0.23,3.39,0.004
8/12/2022 13:09,P20,2.21,0.32,2.09,0.005
8/12/2022 12:44,P23,1.96,0.44,2.06,0.004
8/12/2022 11:50,P27,2.14,0.39,2.15,0.007
8/12/2022 11:49,P33,1.82,0.34,1.87,0.007
8/12/2022 11:32,P2,1.52,0.44,1.45,0.008
8/12/2022 11:22,P15,2.44,0.37,2.27,0.003
8/12/2022 11:09,P19,1.48,0.45,1.37,0.008
8/12/2022 10:42,P12,3.55,0.22,3.49,0.008
8/12/2022 10:34,P31,2.98,0.33,2.68,0.008
8/12/2022 10:30,P11,3.41,0.28,3.31,0.008
8/12/2022 10:16,P16,3.22,0.29,3.13,0.009
8/12/2022 10:06,P30,3.01,0.31,2.75,0.009
8/12/2022 9:45,P18,1.8,0.43,1.69,0.008
8/12/2022 9:34,P4,2.83,0.35,2.7,0.008
8/12/2022 9:23,P5,3.03,0.37,2.99,0.008
8/12/2022 9:12,P5,3.9,0.15,3.79,0.006
8/12/2022 8:58,P29,2.75,0.22,2.67,0.005
8/12/2022 8:43,P7,2.99,0.18,2.7,0.006
8/12/2022 8:29,P17,2.28,0.26,2.22,0.006
8/12/2022 7:48,P28,2.89,0.33,2.8,0.008
8/12/2022 7:31,P1,3.59,0.24,3.47,0.007
8/12/2022 7:20,P8,4.06,0.2,3.69,0.007
8/11/2022 17:28,P34,1.19,0.4,1.09,0.021
8/11/2022 17:10,P35,2.09,0.31,1.89,0.007
8/11/2022 16:52,P32,1.4,0.43,1.37,0.006
8/11/2022 16:40,P10,3.43,0.23,3.62,0.005
8/11/2022 16:32,P9,4.21,0.22,3.85,0.008
8/11/2022 16:14,P3,3.35,0.27,3.31,0.006
8/11/2022 16:14,P33,2.11,0.34,2.14,0.006
8/11/2022 16:03,P21,3.48,0.22,3.43,0.006
8/11/2022 15:50,P24,2.1,0.4,2.07,0.005
8/11/2022 15:38,P25,2.12,0.36,2.03,0.006
8/11/2022 15:23,P13,3.75,0.22,3.62,0.004
8/11/2022 15:22,P14,2.31,0.19,2.25,0.004
8/11/2022 15:05,P26,2.01,0.3,1.95,0.005
8/11/2022 14:52,P6,1.94,0.31,1.89,0.005
8/11/2022 14:36,P22,3.33,0.25,3.17,0.004
8/11/2022 14:23,P20,2.15,0.29,2.11,0.004
8/11/2022 14:04,P23,1.99,0.41,1.96,0.006
8/11/2022 13:51,P27,1.84,0.5,1.86,0.005
8/11/2022 13:19,P2,1.82,0.41,1.65,0.007
8/11/2022 12:56,P15,2.52,0.32,2.26,0.006
8/11/2022 12:38,P19,1.54,0.41,1.45,0.007
8/11/2022 12:19,P31,3.06,0.29,2.71,0.007
8/11/2022 12:07,P12,3.66,0.26,3.4,0.004
8/11/2022 11:55,P11,3.48,0.28,3.36,0.006
8/11/2022 11:35,P16,3.31,0.26,2.98,0.009
8/11/2022 11:24,P30,3.16,0.27,2.84,0.001
8/11/2022 11:10,P18,2.24,0.37,2.18,0.007
8/11/2022 10:58,P4,2.98,0.28,2.86,0.005
8/11/2022 10:46,P5,3.08,0.25,3.02,0.001
8/11/2022 10:30,P5,3.9,0.05,3.85,0.005
8/11/2022 10:16,P29,2.16,0.23,2.07,0.006
8/11/2022 10:01,P7,2.01,0.02,1.62,0.004
8/11/2022 9:48,P17,1.13,0.22,1.07,0.005
8/11/2022 8:39,P28,3.42,0.29,3.19,0.006
8/11/2022 7:25,P1,2.69,0.32,2.63,0.003
8/11/2022 7:14,P8,4.03,0.2,3.66,0.006
8/10/2022 16:23,P34,1.29,0.38,1.24,0.025
8/10/2022 16:16,P13,3.53,0.1,3.46,0.007
8/10/2022 16:09,P35,1.58,0.27,1.45,0.005
8/10/2022 15:37,P32,1.63,0.36,1.58,0
8/10/2022 15:23,P10,3.35,0.33,3.2,0.004
8/10/2022 15:13,P9,3.88,0.16,3.53,0.004
8/10/2022 14:57,P3,2.92,0.29,2.82,0.006
8/10/2022 14:47,P21,2.94,0.23,2.86,0.006
8/10/2022 14:33,P24,1.98,0.27,2,0.005
8/10/2022 14:22,P25,1.45,0.25,1.42,0.006
8/10/2022 14:07,P14,2.21,0.29,2.19,0.004
8/10/2022 13:51,P26,2.38,0.32,2.17,0.005
8/10/2022 13:36,P6,1.89,0.28,1.84,0.005
8/10/2022 13:21,P22,2.85,0.29,2.78,0.008
8/10/2022 13:10,P20,1.94,0.27,1.93,0.005
8/10/2022 12:55,P23,2.59,0.33,2.29,0.005
8/10/2022 12:28,P33,1.61,0.3,1.53,0.007
8/10/2022 12:23,P27,2.29,0.33,2.25,0.006
8/10/2022 11:48,P2,2.17,0.38,1.96,0.006
8/10/2022 11:34,P15,2.4,0.34,2.25,0.008
8/10/2022 11:13,P19,1.59,0.39,1.51,0.002
8/10/2022 11:01,P31,2.98,0.29,2.6,0.01
8/10/2022 10:47,P12,3.54,0.17,3.45,0.007
8/10/2022 10:35,P11,3.39,0.2,3.28,0.007
8/10/2022 10:17,P16,3.16,0.46,2.85,0.01
8/10/2022 10:08,P30,3.1,0.27,2.79,0.008
8/10/2022 9:54,P18,2.11,0.37,1.97,0.008
8/10/2022 9:43,P4,2.7,0.28,2.66,0.006
8/10/2022 9:32,P5,2.98,0.3,2.84,0.007
8/10/2022 9:20,P5,3.78,0.1,3.71,0.007
8/10/2022 9:04,P29,2.72,0.17,2.7,0.008
8/10/2022 8:52,P7,1.35,0.21,1.31,0.006
8/10/2022 8:40,P17,1.7,0.22,1.67,0.006
8/10/2022 7:56,P28,2.93,0.26,2.87,0.01
8/10/2022 7:40,P1,2.47,0.35,2.36,0.007
8/10/2022 7:29,P8,4.13,0.13,3.68,0.007
8/9/2022 17:15,P34,1.39,0.34,1.34,0.02
8/9/2022 16:54,P35,2.35,0.37,2.3,0.007
8/9/2022 16:27,P32,1.53,0.29,1.49,0.007
8/9/2022 16:14,P10,4.05,0.21,3.7,0.004
8/9/2022 16:13,P13,2.89,0.21,2.59,0.01
8/9/2022 16:04,P9,4.04,0.23,3.7,0.007
8/9/2022 15:50,P3,3.57,0.21,3.45,0.008
8/9/2022 15:38,P21,3.7,0.19,3.44,0.007
8/9/2022 15:27,P24,2.29,0.34,2.13,0.005
8/9/2022 15:12,P25,2.23,0.34,2.18,0.005
8/9/2022 15:02,P14,2.27,0.24,2.14,0.005
8/9/2022 14:47,P26,2.32,0.24,2.16,0.005
8/9/2022 14:31,P6,2.62,0.27,2.39,0.005
8/9/2022 14:16,P22,3.58,0.2,3.35,0.005
8/9/2022 14:03,P20,2.42,0.24,2.22,0.005
8/9/2022 13:52,P23,2.02,0.3,1.98,0.005
8/9/2022 13:19,P27,2.04,0.33,1.97,0.006
8/9/2022 12:30,P2,2.28,0.36,2.02,0.006
8/9/2022 12:08,P15,2.53,0.27,2.33,0.006
8/9/2022 11:56,P19,1.59,0.36,1.47,0.008
8/9/2022 11:45,P31,3.3,0.25,2.9,0.007
8/9/2022 11:19,P12,3.86,0.15,3.56,0.006
8/9/2022 11:09,P33,2.06,0.34,2.05,0.008
8/9/2022 11:07,P11,3.35,0.24,3.34,0.005
8/9/2022 10:57,P16,3.33,0.2,3.03,0.007
8/9/2022 10:42,P30,3.43,0.22,3.01,0.006
8/9/2022 10:29,P18,1.89,0.35,1.73,0.006
8/9/2022 10:17,P4,3.37,0.22,3.12,0.005
8/9/2022 10:05,P5,3.13,0.24,3.08,0.005
8/9/2022 9:48,P5,4.16,0.04,4.03,0.004
8/9/2022 9:35,P29,2.42,0.2,2.3,0.006
8/9/2022 9:20,P7,1.3,0.22,1.26,0.004
8/9/2022 8:55,P17,1.52,0.36,1.43,0.005
8/9/2022 8:11,P28,2.14,0.33,2.14,0.005
8/9/2022 7:59,P1,2.52,0.33,2.35,0.005
8/9/2022 7:45,P8,4.48,0.13,3.99,0.007
8/8/2022 17:52,P13,3.64,0.26,3.28,0.002
8/8/2022 17:35,P34,1.53,0.32,1.53,0.016
8/8/2022 17:20,P35,2.25,0.33,2.24,0.007
8/8/2022 17:00,P32,1.78,0.29,1.73,0.005
8/8/2022 16:47,P10,3.93,0.27,3.59,0.005
8/8/2022 16:33,P9,3.93,0.17,3.65,0.005
8/8/2022 16:19,P3,3.3,0.21,3.15,0.005
8/8/2022 16:06,P21,3.22,0.19,3.03,0.003
8/8/2022 15:55,P24,1.94,0.24,1.91,0.005
8/8/2022 15:42,P25,1.83,0.33,1.74,0.005
8/8/2022 15:29,P14,2.11,0.38,2.01,0.008
8/8/2022 15:18,P26,1.97,0.29,1.82,0.005
8/8/2022 15:07,P6,1.92,0.01,1.72,0.004
8/8/2022 14:49,P22,1.92,0.38,1.41,0.007
8/8/2022 14:34,P20,2.03,0.28,1.89,0.006
8/8/2022 14:22,P23,2.19,0.34,2.07,0.006
8/8/2022 13:50,P27,2.61,0.37,2.44,0.007
8/8/2022 13:20,P2,2.23,0.36,2.05,0.006
8/8/2022 13:10,P15,2.49,0.3,2.31,0.006
8/8/2022 12:58,P19,1.67,0.4,1.6,0.007
8/8/2022 12:48,P31,3.09,0.23,2.85,0.005
8/8/2022 12:38,P33,1.6,0.28,1.52,0.005
8/8/2022 12:33,P12,3.41,0.16,3.29,0.007
8/8/2022 12:20,P11,3.28,0.2,3.17,0.006
8/8/2022 12:05,P16,0.61,0.55,0.5,0.008
8/8/2022 11:54,P30,1.96,0.38,1.92,0.007
8/8/2022 10:50,P18,2.8,0.32,2.71,0.005
8/8/2022 10:34,P4,10.46,0.32,2.72,0.005
8/8/2022 10:23,P5,2.72,0.3,1.71,0.005
8/8/2022 10:09,P5,3.6,0.1,3.53,0.005
8/8/2022 9:58,P29,1.08,0.29,1.08,0.008
8/8/2022 9:40,P7,1.92,0.01,1.72,0.004
8/8/2022 8:32,P17,0.92,0.33,0.83,0.006
8/8/2022 7:58,P28,2.87,0.32,2.76,0.005
8/8/2022 7:45,P1,2.37,0.33,2.38,0.005
8/8/2022 7:32,P8,3.84,0.13,3.52,0.007
8/7/2022 17:22,P13,3.39,0.19,3.13,0.005
8/7/2022 16:48,P33,1.19,0.26,1.17,0.008
8/7/2022 16:19,P34,1.06,0.31,1.04,0.02
8/7/2022 16:05,P35,2.2,0.31,2.1,0.004
8/7/2022 15:44,P32,1.29,0.29,1.24,0.004
8/7/2022 15:31,P10,3.81,0.15,3.42,0.004
8/7/2022 15:12,P9,4.01,0.12,3.68,0.003
8/7/2022 14:58,P3,3.48,0.21,3.18,0.005
8/7/2022 14:44,P21,3.42,0.19,3.29,0.007
8/7/2022 14:32,P24,1.96,0.4,1.87,0.005
8/7/2022 14:22,P25,1.25,0.25,1.14,0.012
8/7/2022 14:09,P14,2.21,0.27,2.1,0.005
8/7/2022 13:50,P26,2.38,0.38,2.27,0.007
8/7/2022 13:36,P6,1.74,0.35,1.69,0.006
8/7/2022 13:18,P22,3.42,0.31,2.75,0.005
8/7/2022 13:05,P20,2.68,0.36,2.54,0.005
8/7/2022 12:53,P23,2.62,0.42,2.58,0.006
8/7/2022 12:29,P27,2.52,0.39,2.48,0.007
8/7/2022 11:43,P2,1.79,0.35,1.75,0.007
8/7/2022 11:29,P15,2.21,0.37,2.5,0.006
8/7/2022 11:17,P19,3.23,0.29,3,0.007
8/7/2022 11:08,P31,3.32,0.25,2.99,0.006
8/7/2022 10:50,P12,3.18,0.24,3.28,0.005
8/7/2022 10:30,P11,3.36,0.27,3.33,0.006
8/7/2022 10:19,P16,3.5,0.28,3.19,0.006
8/7/2022 10:05,P30,3.42,0.32,3.3,0.004
8/7/2022 9:54,P18,2.36,0.43,2.2,0.006
8/7/2022 9:42,P4,3.35,0.29,3.3,0.005
8/7/2022 9:30,P5,3.16,0.33,3.09,0.005
8/7/2022 9:16,P5,3.98,0.12,3.87,0.004
8/7/2022 9:04,P29,1.31,0.34,1.25,0.012
8/7/2022 8:52,P7,1.77,0.15,1.58,0.004
8/7/2022 8:12,P17,0.59,0.35,0.53,0.006
8/7/2022 7:40,P28,2.87,0.31,2.83,0.004
8/7/2022 7:27,P1,3.63,0.23,3.35,0.006
8/7/2022 7:14,P8,4.05,0.22,3.71,0.007
8/6/2022 17:10,P33,1.57,0.41,1.56,0.006
8/6/2022 16:36,P34,1.44,0.39,1.37,0.022
8/6/2022 16:22,P35,2.01,0.33,1.83,0.004
8/6/2022 16:00,P32,1.78,0.31,1.73,0.003
8/6/2022 15:45,P11,3.5,0.23,3.46,0.006
8/6/2022 15:12,P3,3.95,0.24,3.38,0.006
8/6/2022 15:00,P21,3.66,0.21,3.42,0.006
8/6/2022 14:50,P24,2.12,0.28,1.96,0.001
8/6/2022 14:40,P25,2.06,0.32,1.96,0.004
8/6/2022 14:28,P14,2.11,0.31,2.1,0.007
8/6/2022 14:16,P26,1.98,0.39,1.85,0.006
8/6/2022 13:59,P6,1.88,0.32,1.84,0.006
8/6/2022 13:40,P22,3.63,0.21,3.3,0.005
8/6/2022 13:28,P20,2.02,0.3,1.89,0.004
8/6/2022 13:15,P23,2.39,0.34,2.34,0.007
8/6/2022 12:13,P27,2.15,0.38,2.09,0.006
8/6/2022 11:49,P2,1.71,0.38,1.69,0.007
8/6/2022 11:23,P15,2.78,0.3,2.57,0.006
8/6/2022 11:13,P19,1.62,0.48,1.59,0.007
8/6/2022 11:00,P31,3.13,0.3,2.84,0.006
8/6/2022 10:39,P13,2.34,0.18,2.1,0.005
8/6/2022 10:25,P12,3.53,0.23,3.47,0.007
8/6/2022 10:14,P16,1.06,0.45,0.9,0.009
8/6/2022 10:03,P30,3.55,0.22,3.32,0.006
8/6/2022 9:46,P18,2.22,0.4,2.06,0.007
8/6/2022 9:36,P4,3.52,0.25,3.46,0.005
8/6/2022 9:26,P5,2.95,0.229,2.83,0.006
8/6/2022 9:15,P5,3.66,0.19,3.51,0.003
8/6/2022 9:03,P29,1.24,0.38,1.2,0.007
8/6/2022 8:55,P7,1.3,0.23,1.76,0.004
8/6/2022 8:36,P17,0.61,0.32,0.58,0.008
8/6/2022 8:09,P28,3.47,0.34,3.24,0.008
8/6/2022 7:57,P1,2.82,0.31,2.72,0.005
8/6/2022 7:45,P8,4.41,0.15,4.06,0.006
8/5/2022 17:00,P35,2.34,0.35,2.17,0.005
8/5/2022 16:36,P32,1.94,0.42,1.84,0.005
8/5/2022 16:25,P10,4.09,0.24,3.72,0.004
8/5/2022 16:10,P9,4.14,0.19,3.78,0.006
8/5/2022 16:00,P3,3.6,0.28,3.36,0.005
8/5/2022 15:45,P21,3.54,0.26,3.35,0.005
8/5/2022 15:32,P24,2.35,0.38,2.28,0.005
8/5/2022 15:15,P25,2.21,0.31,2.13,0.01
8/5/2022 15:05,P14,2.1,0.3,2.04,0.006
8/5/2022 14:53,P26,2.15,0.38,2.11,0.007
8/5/2022 14:32,P6,2,0.32,1.98,0.005
8/5/2022 14:20,P22,3.36,0.28,3.21,0.005
8/5/2022 14:03,P20,2.21,0.3,2.19,0.001
8/5/2022 13:48,P23,2.43,0.35,2.42,0.007
8/5/2022 13:08,P27,2.1,0.43,2.06,0.004
8/5/2022 12:53,P2,1.63,0.38,1.61,0.007
8/5/2022 12:39,P15,2.69,0.39,2.54,0.008
8/5/2022 12:25,P19,1.62,0.41,1.61,0.009
8/5/2022 12:06,P31,2.65,0.4,2.59,0.007
8/5/2022 11:49,P12,3.62,0.27,3.4,0.007
8/5/2022 11:36,P11,3.45,0.23,3.44,0.009
8/5/2022 11:22,P16,1.05,0.49,1.01,0.009
8/5/2022 11:15,P13,1.64,0.4,1.49,0.005
8/5/2022 11:03,P30,3.59,0.2,3.47,0.007
8/5/2022 10:30,P18,2,0.35,1.81,0.004
8/5/2022 10:16,P4,3.72,0.25,3.46,0.007
8/5/2022 10:10,P34,1.75,0.35,1.62,0.018
8/5/2022 9:59,P5,2.97,0.24,2.94,0.007
8/5/2022 9:48,P5,3.91,0.14,3.88,0.004
8/5/2022 9:34,P29,1.08,0.26,1.07,0.01
8/5/2022 8:44,P7,1.29,0.18,1.26,0.006
8/5/2022 8:27,P17,0.62,0.4,0.59,0.005
8/5/2022 7:50,P28,3.46,0.27,3.18,0.001
8/5/2022 7:38,P1,2.73,0.31,2.67,0.007
8/5/2022 7:25,P8,3.86,0.22,3.47,0.009
8/4/2022 17:00,P34,1.11,0.39,1.05,0.001
8/4/2022 16:47,P35,2.38,0.36,2.26,0.006
8/4/2022 16:28,P32,2.08,0.37,1.96,0.001
8/4/2022 16:16,P10,4.07,0.13,3.7,0.005
8/4/2022 15:51,P3,3.46,0.25,3.25,0.005
8/4/2022 15:40,P21,3.52,0.21,3.35,0.006
8/4/2022 15:26,P24,2.42,0.2,2.3,0.006
8/4/2022 15:12,P25,2.33,0.27,2.24,0.004
8/4/2022 14:57,P14,2.36,0.33,2.16,0.005
8/4/2022 14:43,P26,2.38,0.31,2.35,0.005
8/4/2022 14:19,P6,2.68,0.3,2.42,0.005
8/4/2022 14:02,P22,3.31,0.25,3.2,0
8/4/2022 13:50,P20,2.34,0.35,2.21,0.005
8/4/2022 13:34,P23,2.71,0.38,2.7,0.005
8/4/2022 12:48,P27,1.89,0.4,1.8,0.004
8/4/2022 12:24,P2,1.53,0.39,1.52,0.006
8/4/2022 12:12,P15,2.61,0.35,2.5,0.007
8/4/2022 11:53,P19,1.42,0.36,1.42,0.006
8/4/2022 11:41,P31,2.76,0.39,2.57,0.006
8/4/2022 11:23,P13,1.64,0.43,1.44,0.003
8/4/2022 11:21,P12,3.46,0.31,3.37,0.005
8/4/2022 11:09,P11,3.47,0.31,3.4,0.005
8/4/2022 10:45,P16,3.42,0.33,3.31,0.006
8/4/2022 10:32,P30,3.5,0.27,3.28,0.006
8/4/2022 10:29,P33,1.22,0.35,1.15,0.005
8/4/2022 10:18,P18,1.92,0.37,1.79,0.006
8/4/2022 10:00,P4,3.37,0.37,3.24,0.005
8/4/2022 9:47,P5,2.94,0.4,2.86,0.004
8/4/2022 9:35,P5,3.77,0.15,3.66,0.005
8/4/2022 9:19,P29,1.41,0.29,1.39,0.008
8/4/2022 9:04,P7,2.13,0,1.79,0.005
8/4/2022 8:34,P17,0.63,0.24,0.62,0.004
8/4/2022 7:58,P28,2.9,0.29,2.86,0.006
8/4/2022 7:46,P1,2.54,0.31,2.53,0.003
8/4/2022 7:31,P8,3.84,0.2,3.5,0.006
8/3/2022 17:48,P13,3.82,0.2,3.56,0.004
8/3/2022 17:00,P33,2.13,0.47,2.11,0.005
8/3/2022 16:48,P34,1.61,0.49,1.51,0.044
8/3/2022 16:36,P35,1.92,0.3,1.81,0.005
8/3/2022 15:44,P32,1.59,0.38,1.59,0.004
8/3/2022 15:34,P10,3.66,0.16,3.3,0.006
8/3/2022 15:20,P9,3.85,0.17,3.29,0.004
8/3/2022 15:06,P3,3.32,0.39,2.54,0.006
8/3/2022 14:56,P21,3.14,0.19,3,0.004
8/3/2022 14:45,P24,1.81,0.38,1.73,0.005
8/3/2022 14:23,P25,2.36,0.51,2.29,0.007
8/3/2022 13:53,P14,2.07,0.32,2.22,0.005
8/3/2022 13:35,P26,1.15,0.25,1.04,0.005
8/3/2022 13:20,P6,1.75,0.38,1.68,0.004
8/3/2022 13:05,P22,3.18,0.25,2.91,0.003
8/3/2022 12:54,P20,2.36,0.46,1.82,0.006
8/3/2022 12:39,P23,2.45,0.32,2.31,0.004
8/3/2022 12:21,P27,2.05,0.37,1.96,0.005
8/3/2022 12:04,P2,1.58,0.43,1.51,0.007
8/3/2022 11:43,P15,2.35,0.3,2.13,0.006
8/3/2022 11:29,P19,1.56,0.42,1.52,0.006
8/3/2022 11:16,P31,2.94,0.26,2.56,0.006
8/3/2022 11:03,P12,3.45,0.18,3.1,0.006
8/3/2022 10:52,P11,3.06,0.2,2.91,0.005
8/3/2022 10:39,P16,1.08,0.53,1.02,0.008
8/3/2022 10:27,P30,2.98,0.19,2.69,0.005
8/3/2022 10:12,P18,1.8,0.4,1.62,0.007
8/3/2022 9:49,P4,2.68,0.23,2.51,0.005
8/3/2022 9:40,P5,2.6,0.25,2.51,0.005
8/3/2022 9:29,P5,3.34,0.12,3.17,0.005
8/3/2022 9:06,P29,0.75,0.21,0.67,0.008
8/3/2022 8:51,P7,1.48,0.19,1.36,0.005
8/3/2022 8:24,P17,1.36,0.46,1.25,0.005
8/3/2022 7:43,P28,3.01,0.33,2.58,0.007
8/3/2022 7:29,P1,2.43,0.3,2.42,0.005
8/3/2022 7:17,P8,3.96,0.14,3.49,0.006
8/2/2022 17:12,P25,1.76,0.28,1.72,0.005
8/2/2022 17:00,P3,2.8,0.22,3.07,0.003
8/2/2022 16:51,P21,3.34,0.21,3.2,0.006
8/2/2022 16:32,P24,2.28,0.37,2.18,0.006
8/2/2022 16:14,P34,1.38,0.39,1.34,0.023
8/2/2022 15:56,P35,2.09,0.33,2.01,0.006
8/2/2022 13:32,P14,2.83,0.31,2.63,0.005
8/2/2022 13:17,P26,2.6,0.28,2.42,0.005
8/2/2022 13:01,P22,3.33,0.25,3.11,0.005
8/2/2022 12:47,P23,2.47,0.4,2.41,0.005
8/2/2022 12:31,P27,2.14,0.44,2.07,0.005
8/2/2022 11:58,P2,1.51,0.43,1.5,0.006
8/2/2022 11:51,P6,2.16,0.32,2.14,0.005
8/2/2022 11:36,P20,2.22,0.27,2.15,0.005
8/2/2022 11:34,P15,2.6,0.39,2.43,0.006
8/2/2022 11:19,P19,1.57,0.37,1.46,0.007
8/2/2022 11:12,P10,3.44,0.18,3.22,0.004
8/2/2022 10:58,P9,3.85,0.11,3.61,0.005
8/2/2022 10:57,P31,2.95,0.26,2.65,0.007
8/2/2022 10:41,P12,3.57,0.17,3.35,0.005
8/2/2022 10:35,P32,1.78,0.33,1.72,0.004
8/2/2022 10:27,P11,3.3,0.19,3.23,0.004
8/2/2022 10:09,P16,1.22,0.48,1.14,0.008
8/2/2022 10:06,P13,1.77,0.39,1.58,0.005
8/2/2022 9:59,P30,3.39,0.23,3.14,0.007
8/2/2022 9:45,P18,2.06,0.39,1.87,0.006
8/2/2022 9:32,P4,3.09,0.24,3,0.005
8/2/2022 9:29,P33,1.89,0.34,1.8,0.005
8/2/2022 9:21,P5,3.06,0.27,2.96,0.005
8/2/2022 9:09,P5,3.7,0.13,3.5,0.004
8/2/2022 8:52,P29,1.12,0.22,1.03,0.006
8/2/2022 8:36,P7,1.43,0.18,1.32,0.005
8/2/2022 8:13,P17,1.2,0.25,1.12,0.004
8/2/2022 7:36,P28,3.13,0.24,3.01,0.006
8/2/2022 7:19,P1,2.53,0.32,2.5,0.001
8/2/2022 7:09,P8,3.47,0.23,3.14,0.004
8/1/2022 16:41,P34,1.31,0.41,1.25,0.026
8/1/2022 16:27,P35,2.24,0.32,2.2,0.004
8/1/2022 16:05,P10,4.22,0.28,3.85,0.006
8/1/2022 15:54,P9,4.41,0.21,4.01,0.005
8/1/2022 15:38,P3,3.63,0.25,3.42,0.006
8/1/2022 15:28,P21,3.11,0.26,2.97,0.004
8/1/2022 15:15,P24,2.4,0.31,2.35,0.005
8/1/2022 15:02,P25,2.05,0.35,2,0.005
8/1/2022 14:53,P32,1.71,0.36,1.69,0.006
8/1/2022 14:47,P14,3,0.24,2.88,0.004
8/1/2022 14:26,P26,2.42,0.27,2.4,0.004
8/1/2022 14:21,P13,3.4,0.09,2.98,0.006
8/1/2022 14:10,P6,2.15,0.32,2.16,0.006
8/1/2022 13:52,P22,3.18,0.22,3.1,0.006
8/1/2022 13:42,P33,1.69,0.36,1.59,0.004
8/1/2022 13:40,P20,2.48,0.34,2.41,0.005
8/1/2022 13:17,P23,2.5,0.32,2.4,0.005
8/1/2022 12:41,P27,1.98,0.35,1.98,0.006
8/1/2022 12:01,P2,1.66,0.4,1.62,0.006
8/1/2022 11:49,P15,2.54,0.28,2.33,0.006
8/1/2022 11:30,P19,1.57,0.42,1.42,0.007
8/1/2022 11:13,P31,3.08,0.26,2.75,0.006
8/1/2022 10:58,P12,3.68,0.22,3.41,0.006
8/1/2022 10:47,P11,3.18,0.31,3.15,0.006
8/1/2022 10:29,P16,0.96,0.5,0.91,0.007
8/1/2022 10:18,P30,3.22,0.23,2.89,0.006
8/1/2022 10:04,P18,1.66,0.4,1.53,0.008
8/1/2022 9:52,P4,2.8,0.28,2.64,0.005
8/1/2022 9:39,P5,2.61,0.27,2.57,0.005
8/1/2022 9:28,P5,3.42,0.12,3.35,0.006
8/1/2022 9:04,P29,1.85,0.3,1.84,0.007
8/1/2022 8:46,P7,2.3,0,1.26,0.004
8/1/2022 8:24,P17,1.97,0.3,1.85,0.005
8/1/2022 7:38,P28,3.06,0.25,2.81,0.007
8/1/2022 7:20,P1,2.39,0.32,2.32,0.005
8/1/2022 7:10,P8,4.28,0.17,3.77,0.005
7/31/2022 17:27,P13,2.92,0.28,2.82,0.005
7/31/2022 16:52,P33,1.59,0.38,1.56,0.006
7/31/2022 16:29,P34,1.27,0.38,1.25,0.022
7/31/2022 16:13,P35,2.15,0.3,2.12,0.005
7/31/2022 15:51,P32,1.59,0.45,1.57,0.005
7/31/2022 15:42,P10,3.12,0.19,2.98,0.006
7/31/2022 15:26,P9,3.68,0.13,3.3,0.005
7/31/2022 15:08,P3,3.1,0.3,2.96,0.005
7/31/2022 14:58,P21,3.08,0.17,3.1,0.007
7/31/2022 14:45,P24,2.16,0.42,2.09,0.005
7/31/2022 14:30,P25,2.1,0.32,2.08,0.005
7/31/2022 14:10,P14,2.39,0.35,2.33,0.005
7/31/2022 13:53,P26,1.8,0.39,1.79,0.006
7/31/2022 13:36,P6,2.83,0.36,2.78,0.005
7/31/2022 13:21,P22,3.07,0.23,2.93,0.005
7/31/2022 13:07,P20,2.31,0.32,2.28,0.006
7/31/2022 12:53,P23,2.37,0.34,2.35,0.006
7/31/2022 12:38,P27,1.89,0.37,1.89,0.005
7/31/2022 11:55,P2,1.62,0.41,1.62,0.007
7/31/2022 11:43,P15,2.38,0.32,2.29,0.006
7/31/2022 11:32,P19,1.42,0.4,1.39,0.005
7/31/2022 11:14,P31,3,0.25,2.78,0.006
7/31/2022 10:45,P12,3.35,0.22,3.22,0.005
7/31/2022 10:34,P11,3.19,0.2,3.1,0.006
7/31/2022 10:20,P16,0.9,0.52,0.88,0.008
7/31/2022 10:12,P30,2.63,0.31,2.54,0.005
7/31/2022 9:57,P18,1.76,0.4,1.65,0.007
7/31/2022 9:45,P4,2.88,0.27,2.81,0.006
7/31/2022 9:34,P5,3.44,0.18,3.29,0.006
7/31/2022 9:21,P5,2.79,0.33,2.75,0.005
7/31/2022 9:05,P29,1.21,0.33,1.16,0.009
7/31/2022 8:43,P7,2.96,0.18,2.65,0.005
7/31/2022 8:17,P17,1.59,0.21,1.56,0.004
7/31/2022 7:38,P28,3.15,0.22,2.97,0.006
7/31/2022 7:08,P8,3.75,0.2,3.38,0.005
7/30/2022 17:27,P13,3.48,0.18,3.21,0.005
7/30/2022 16:52,P33,1.66,0.46,1.61,0.006
7/30/2022 16:29,P34,1.18,0.39,1.19,0.025
7/30/2022 16:13,P35,2.36,0.32,2.32,0.005
7/30/2022 15:51,P32,1.7,0.37,1.67,0.005
7/30/2022 15:42,P10,3.53,0.25,3.18,0.005
7/30/2022 15:26,P9,3.87,0.18,3.6,0.006
7/30/2022 15:08,P3,3.19,0.25,3.12,0.005
7/30/2022 14:58,P21,3.37,0.22,3.24,0.005
7/30/2022 14:45,P24,2.37,0.31,2.27,0.006
7/30/2022 14:30,P25,2.11,0.35,2.1,0.004
7/30/2022 14:10,P14,2.7,0.27,2.61,0.005
7/30/2022 13:53,P26,1.93,0.37,1.9,0.005
7/30/2022 13:36,P6,2,0.37,1.95,0.005
7/30/2022 13:21,P22,3.23,0.22,3.15,0.006
7/30/2022 13:07,P20,2.49,0.34,2.29,0.005
7/30/2022 12:53,P23,2.19,0.32,2.2,0.007
7/30/2022 12:38,P27,2.1,0.36,2.06,0.006
7/30/2022 11:55,P2,1.6,0.44,1.62,0.007
7/30/2022 11:43,P15,2.31,0.3,2.22,0.006
7/30/2022 11:32,P19,1.64,0.48,1.59,0.001
7/30/2022 11:14,P31,3.12,0.27,2.84,0.006
7/30/2022 10:45,P12,3.59,0.19,3.39,0.005
7/30/2022 10:34,P11,3.29,0.2,3.19,0.005
7/30/2022 10:20,P16,1.15,0.51,1.11,0.007
7/30/2022 10:12,P30,3.32,0.18,3.09,0.004
7/30/2022 9:57,P18,1.67,0.36,1.53,0.007
7/30/2022 9:45,P4,2.94,0.25,2.9,0.004
7/30/2022 9:34,P5,2.92,0.23,2.86,0.006
7/30/2022 9:21,P5,3.56,0.08,3.49,0.006
7/30/2022 9:05,P29,1.78,0.33,1.68,0.009
7/30/2022 8:43,P7,1.99,0,1.64,0.005
7/30/2022 8:17,P17,1.24,0.19,1.15,0.005
7/30/2022 7:38,P28,3.25,0.21,3.05,0.007
7/30/2022 7:08,P8,4.07,0.18,3.63,0.005
7/29/2022 17:31,P34,1.18,0.37,1.17,0.019
7/29/2022 17:18,P35,2.62,0.25,2.51,0.008
7/29/2022 16:53,P32,1.94,0.36,1.92,0.007
7/29/2022 16:41,P10,3.3,0.2,3.2,0.008
7/29/2022 16:32,P13,3.75,0.21,3.7,0.006
7/29/2022 16:26,P9,3.54,0.2,3.41,0.006
7/29/2022 16:10,P3,3.28,0.21,3.18,0.008
7/29/2022 15:56,P21,3.24,0.18,3.17,0.003
7/29/2022 15:43,P24,2.4,0.45,2.31,0.007
7/29/2022 15:29,P25,2.24,0.37,2.13,0.005
7/29/2022 15:14,P14,2.71,0.25,2.59,0.007
7/29/2022 14:42,P26,2.31,0.34,2.24,0.008
7/29/2022 14:26,P6,2.05,0.32,2,0.006
7/29/2022 14:12,P22,3.16,0.25,3.01,0.007
7/29/2022 13:59,P20,2.59,0.32,2.41,0.007
7/29/2022 13:44,P23,2.54,0.33,2.53,0.007
7/29/2022 13:28,P27,2.35,0.39,2.31,0.01
7/29/2022 12:55,P2,2.12,0.36,2.04,0.014
7/29/2022 12:54,P33,2.23,0.46,2.2,0.01
7/29/2022 12:44,P15,2.45,0.3,2.4,0.007
7/29/2022 12:30,P19,1.92,0.44,1.85,0.011
7/29/2022 12:12,P31,2.92,0.2,2.74,0.008
7/29/2022 12:02,P12,3.28,0.18,3.16,0.007
7/29/2022 11:51,P11,3.12,0.15,3.03,0.006
7/29/2022 11:29,P16,2.38,0.33,2.24,0.009
7/29/2022 11:20,P30,3.09,0.2,2.8,0.007
7/29/2022 11:06,P18,1.98,0.38,1.9,0.009
7/29/2022 10:54,P4,2.73,0.27,2.73,0.006
7/29/2022 10:43,P5,2.85,0.27,2.79,0.007
7/29/2022 10:33,P5,3.46,0.18,3.21,0.007
7/29/2022 9:52,P29,1.58,0.3,1.53,0.01
7/29/2022 9:25,P7,1.42,0.22,1.3,0.005
7/29/2022 9:09,P17,1.26,0.23,1.16,0.006
7/29/2022 7:29,P28,3.01,0.2,2.98,0.008
7/29/2022 7:02,P8,3.13,0.18,3.03,0.007
7/28/2022 16:53,P33,2.19,0.25,1.87,0.006
7/28/2022 16:24,P3,3.52,0.28,3.38,0.007
7/28/2022 16:12,P13,3.99,0.32,3.87,0.006
7/28/2022 15:55,P34,1.17,0.38,1.1,0.024
7/28/2022 15:39,P35,2.19,0.28,2.05,0.006
7/28/2022 15:16,P32,1.48,0.32,1.45,0.01
7/28/2022 15:08,P10,3.5,0.23,3.48,0.007
7/28/2022 14:56,P9,3.88,0.23,3.73,0.008
7/28/2022 14:41,P21,3.64,0.21,3.62,0.007
7/28/2022 14:25,P24,2.28,0.3,2.13,0.005
7/28/2022 14:12,P25,2,0.33,1.97,0.006
7/28/2022 13:52,P14,2.5,0.22,2.44,0.007
7/28/2022 13:36,P26,1.53,0.29,1.47,0.008
7/28/2022 13:19,P6,1.89,0.32,1.87,0.005
7/28/2022 12:57,P22,3.56,0.23,3.51,0.007
7/28/2022 12:44,P20,1.69,0.31,1.57,0.009
7/28/2022 12:27,P23,2.52,0.37,2.5,0.007
7/28/2022 12:09,P27,2.1,0.47,2.08,0.007
7/28/2022 11:42,P2,2.3,0.38,2.21,0.008
7/28/2022 11:23,P15,2.59,0.45,2.5,0.008
7/28/2022 11:11,P19,1.89,0.43,1.81,0.009
7/28/2022 10:52,P31,2.25,0.25,3.04,0.006
7/28/2022 10:34,P12,3.57,0.27,3.42,0.01
7/28/2022 10:20,P11,3.47,0.25,3.35,0.007
7/28/2022 10:09,P16,1.43,0.41,1.36,0.008
7/28/2022 9:57,P30,3.02,0.29,2.93,0.007
7/28/2022 9:42,P18,2,0.41,1.83,0.006
7/28/2022 9:31,P4,3.31,0.41,3.15,0.006
7/28/2022 9:19,P5,3.1,0.33,3.06,0.005
7/28/2022 9:08,P5,3.66,0.17,3.47,0.004
7/28/2022 8:50,P29,1.37,0.4,1.26,0.01
7/28/2022 8:30,P7,1.42,0.21,1.29,0.006
7/28/2022 8:16,P17,1.69,0.23,1.56,0.006
7/28/2022 7:51,P28,3.49,0.21,3.23,0.006
7/28/2022 7:18,P1,2.74,0.36,2.68,0.005
7/28/2022 7:05,P8,4.31,0.19,3.93,0.005
7/27/2022 16:12,P13,3.59,0.2,3.31,0.006
7/27/2022 16:09,P34,1.42,0.37,1.3,0.025
7/27/2022 15:55,P35,2.02,0.3,1.85,0.006
7/27/2022 15:31,P32,1.76,0.39,1.71,0.006
7/27/2022 15:13,P10,3.36,0.36,3.15,0.005
7/27/2022 15:04,P9,3.87,0.21,3.65,0.006
7/27/2022 14:47,P3,3.13,0.34,3.07,0.006
7/27/2022 14:38,P21,3.38,0.25,3.15,0.005
7/27/2022 14:27,P24,2.14,0.28,1.97,0.006
7/27/2022 14:05,P25,1.85,0.39,1.77,0.005
7/27/2022 13:53,P14,2.64,0.31,2.43,0.005
7/27/2022 13:35,P26,2.06,0.27,1.92,0.006
7/27/2022 13:24,P6,1.95,0.43,1.88,0.006
7/27/2022 13:07,P22,3.29,0.27,3.06,0.005
7/27/2022 12:52,P20,1.91,0.32,1.88,0.007
7/27/2022 12:40,P23,2.69,0.25,2.62,0.007
7/27/2022 12:22,P27,2.31,0.37,2.27,0.008
7/27/2022 12:03,P2,2.33,0.29,2.25,0.009
7/27/2022 11:51,P15,2.62,0.34,2.53,0.008
7/27/2022 11:37,P19,1.91,0.4,1.84,0.007
7/27/2022 11:24,P31,3.19,0.2,2.91,0.007
7/27/2022 11:14,P12,3.23,0.16,3.11,0.007
7/27/2022 11:01,P11,3.22,0.16,3.16,0.007
7/27/2022 10:47,P16,1.47,0.4,1.43,0.007
7/27/2022 10:38,P30,2.05,0.42,2,0.008
7/27/2022 10:24,P18,2.11,0.34,1.96,0.007
7/27/2022 10:21,P33,2.05,0.4,1.92,0.007
7/27/2022 10:12,P4,2.83,0.26,2.74,0.008
7/27/2022 10:00,P5,2.94,0.2,2.95,0.008
7/27/2022 9:48,P5,3.73,0.06,3.48,0.006
7/27/2022 9:24,P29,1.14,0.3,1.01,0.006
7/27/2022 9:11,P7,1.47,0.13,1.35,0.005
7/27/2022 8:20,P17,1.05,0.22,0.96,0.007
7/27/2022 7:31,P28,3,0.23,2.99,0.007
7/27/2022 7:14,P1,2.67,0.35,2.63,0.005
7/27/2022 7:06,P8,3.42,0.18,3.1,0.005
7/26/2022 16:26,P13,3.53,0.23,3.29,0.006
7/26/2022 16:20,P34,1.274,0.3,1.27,0.026
7/26/2022 16:07,P35,2.49,0.27,2.49,0.005
7/26/2022 15:50,P32,1.63,0.32,1.63,0.006
7/26/2022 15:39,P10,3.89,0.15,3.53,0.005
7/26/2022 15:30,P9,3.88,0.14,3.61,0.004
7/26/2022 15:20,P3,3.38,0.23,3.28,0.005
7/26/2022 15:09,P21,3.43,0.23,3.43,0.006
7/26/2022 14:52,P24,2.36,0.3,2.36,0.005
7/26/2022 14:41,P25,2.21,0.38,2.21,0.006
7/26/2022 14:29,P14,2.77,0.26,2.62,0.004
7/26/2022 14:13,P26,2.16,0.34,2.16,0.006
7/26/2022 14:00,P6,1.87,0.32,1.79,0.004
7/26/2022 13:38,P22,3.39,0.3,3.33,0.006
7/26/2022 13:28,P20,2.23,0.27,2.23,0.006
7/26/2022 13:15,P23,2.87,0.31,2.87,0.005
7/26/2022 12:35,P27,2.13,0.36,2.13,0.006
7/26/2022 12:17,P2,1.86,0.37,1.82,0.006
7/26/2022 11:53,P15,2.83,0.35,2.62,0.006
7/26/2022 11:45,P33,1.87,0.38,1.87,0.005
7/26/2022 11:43,P19,1.91,0.34,1.91,0.006
7/26/2022 11:28,P31,3.49,0.24,3.49,0.005
7/26/2022 11:16,P12,3.82,0.22,3.57,0.005
7/26/2022 11:06,P11,3.58,0.25,3.51,0.006
7/26/2022 10:51,P16,3.51,0.26,3.4,0.006
7/26/2022 10:39,P30,3.66,0.22,3.66,0.008
7/26/2022 10:24,P18,2,0.37,2,0.006
7/26/2022 10:04,P4,3.34,0.29,3.23,0.005
7/26/2022 9:45,P5,3.75,0.15,3.57,0.004
7/26/2022 9:32,P29,0.81,0.28,0.81,0.007
7/26/2022 9:14,P7,1.17,0.13,1.01,0.005
7/26/2022 9:04,P5,3.21,0.27,3.17,0.005
7/26/2022 8:50,P17,0.6,0.18,0.6,0.008
7/26/2022 7:38,P28,3.49,0.26,3.49,0.006
7/26/2022 7:28,P1,2.81,0.3,2.74,0
7/26/2022 7:16,P8,4.13,0.27,3.76,0.005
7/25/2022 16:29,P34,1.52,0.31,1.15,0.017
7/25/2022 16:14,P35,2.29,0.25,2.05,0.005
7/25/2022 15:50,P32,1.6,0.3,1.51,0.005
7/25/2022 15:37,P10,3.73,0.15,3.62,0.005
7/25/2022 15:26,P9,4.26,0.12,3.92,0.005
7/25/2022 15:16,P3,3.66,0.18,3.3,0.006
7/25/2022 15:07,P21,3.51,0.15,3.34,0.005
7/25/2022 14:53,P24,1.42,0.29,1.33,0.006
7/25/2022 14:42,P25,2.1,0.3,1.95,0.005
7/25/2022 14:25,P14,2.22,0.25,2.05,0.004
7/25/2022 14:12,P26,2.25,0.26,2.06,0.005
7/25/2022 13:59,P6,1.89,0.4,1.75,0.006
7/25/2022 13:49,P22,3.33,0.25,3.01,0.004
7/25/2022 13:35,P20,2.47,0.29,2.23,0.005
7/25/2022 13:19,P23,2.14,0.37,2.1,0.006
7/25/2022 12:35,P27,2.19,0.37,2.13,0.005
7/25/2022 11:32,P2,2.46,0.29,2.36,0.007
7/25/2022 11:20,P15,2.2,0.26,2.52,0.005
7/25/2022 11:10,P19,2.04,0.34,1.96,0.005
7/25/2022 10:58,P31,3.21,0.19,2.9,0.006
7/25/2022 10:41,P12,3.36,0.18,3.12,0.005
7/25/2022 10:30,P11,3.34,0.25,3.18,0.006
7/25/2022 10:18,P16,1.58,0.4,1.49,0.005
7/25/2022 10:05,P30,3.32,0.15,3.13,0.006
7/25/2022 9:44,P18,2.24,0.31,2.09,0.006
7/25/2022 9:34,P4,2.93,0.24,2.78,0.006
7/25/2022 9:33,P13,1.8,0.33,1.73,0.004
7/25/2022 9:22,P5,3.04,0.21,2.86,0.004
7/25/2022 9:11,P5,3.74,0.04,3.62,0.004
7/25/2022 9:10,P33,1.6,0.4,1.53,0.005
7/25/2022 8:58,P29,1.74,0.27,1.62,0.011
7/25/2022 8:43,P7,0.83,0.2,0.77,0.005
7/25/2022 8:22,P17,0.81,0.19,0.68,0.003
7/25/2022 7:38,P1,2.42,0.31,2.31,0.005
7/25/2022 7:28,P8,4.13,0.11,3.75,0.007
7/24/2022 18:00,P7,3.28,0.04,3.02,0.006
7/24/2022 16:37,P13,3.32,0.21,3.01,0.005
7/24/2022 16:03,P33,1.83,0.3,1.75,0.006
7/24/2022 15:35,P34,1.18,0.37,1.09,0.029
7/24/2022 15:25,P35,2.08,0.26,1.97,0.006
7/24/2022 15:08,P32,1.75,0.31,1.63,0.006
7/24/2022 14:53,P10,3.42,0.22,3.19,0.007
7/24/2022 14:43,P9,3.98,0.16,3.62,0.006
7/24/2022 14:30,P3,3.51,0.18,3.38,0.007
7/24/2022 14:16,P21,3.52,0.18,3.32,0.006
7/24/2022 14:06,P24,2.09,0.28,1.93,0.005
7/24/2022 13:56,P25,1.84,0.29,1.74,0.006
7/24/2022 13:46,P14,2.34,0.18,2.13,0.005
7/24/2022 13:34,P26,2,0.32,1.87,0.007
7/24/2022 13:22,P6,2.05,0.35,1.91,0.007
7/24/2022 13:11,P22,3.46,0.21,3.26,0.006
7/24/2022 13:00,P20,2.14,0.26,2.08,0.005
7/24/2022 12:47,P23,2.57,0.31,2.5,0.005
7/24/2022 12:09,P27,1.91,0.38,1.86,0.007
7/24/2022 11:23,P2,1.93,0.35,1.91,0.005
7/24/2022 10:55,P15,2.82,0.22,2.64,0.004
7/24/2022 10:41,P19,2.11,0.33,1.95,0.005
7/24/2022 10:20,P31,3.34,0.19,3.16,0.004
7/24/2022 10:14,P12,3.36,0.2,2.26,0.001
7/24/2022 10:02,P11,3.34,0.18,3.31,0.005
7/24/2022 9:49,P16,1.74,0.41,1.68,0.004
7/24/2022 9:36,P30,3.45,0.24,2.96,0.004
7/24/2022 9:29,P18,2.09,0.33,1.97,0.005
7/24/2022 9:14,P4,3.51,0.16,3.34,0.004
7/24/2022 9:03,P5,3.14,0.2,3.11,0.006
7/24/2022 8:51,P5,4.03,0.06,3.68,0.004
7/24/2022 8:34,P29,1.1,0.34,1.01,0.01
7/24/2022 8:16,P17,1.52,0.22,1.32,0.004
7/24/2022 7:42,P28,3.32,0.25,3.12,0.003
7/24/2022 7:31,P1,3.96,0.15,3.67,0.004
7/24/2022 7:20,P8,3.25,0.35,3.21,0.007
7/23/2022 18:00,P7,1.1,0.21,0.9,0.005
7/23/2022 16:33,P13,3.32,0.16,3.06,0.005
7/23/2022 16:06,P33,1.61,0.38,1.42,0.005
7/23/2022 15:35,P34,1.41,0.38,1.29,0.023
7/23/2022 15:24,P35,2.32,0.31,2.16,0.004
7/23/2022 15:04,P32,1.96,0.35,1.76,0.003
7/23/2022 14:50,P10,3.5,0.2,3.2,0.006
7/23/2022 14:41,P9,3.66,0.12,3.53,0.005
7/23/2022 14:28,P3,3.36,0.17,3.15,0.004
7/23/2022 14:17,P21,3.25,0.17,3.08,0.007
7/23/2022 14:05,P24,2.25,0.29,2.11,0.005
7/23/2022 13:58,P25,2.64,0.23,2.34,0.005
7/23/2022 13:40,P14,2.69,0.23,2.49,0.005
7/23/2022 13:29,P26,2.47,0.27,2.34,0.005
7/23/2022 13:05,P6,2.09,0.33,1.98,0.005
7/23/2022 12:50,P22,3.28,0.2,3.01,0.005
7/23/2022 12:40,P20,2.24,0.3,2.08,0.006
7/23/2022 12:27,P23,2.68,0.35,2.61,0.006
7/23/2022 11:49,P27,2.42,0.33,2.37,0.007
7/23/2022 11:04,P2,2.52,0.32,2.36,0.006
7/23/2022 10:54,P15,2.75,0.33,2.59,0.006
7/23/2022 10:45,P19,1.94,0.36,1.79,0.006
7/23/2022 10:32,P31,3.14,0.3,2.96,0.006
7/23/2022 10:20,P12,2.34,0.3,3.19,0.007
7/23/2022 10:10,P11,3.32,0.3,3.15,0.007
7/23/2022 9:59,P16,1.61,0.43,1.54,0.006
7/23/2022 9:47,P30,1.95,0.34,1.85,0.006
7/23/2022 9:35,P18,2.38,0.38,2.22,0.007
7/23/2022 9:13,P4,3.13,0.33,2.87,0.006
7/23/2022 9:03,P5,3.18,0.34,3.04,0.005
7/23/2022 8:51,P5,3.83,0.2,3.78,0.004
7/23/2022 8:35,P29,0.96,0.35,0.42,0.007
7/23/2022 8:19,P17,1.28,0.27,1.11,0.007
7/23/2022 7:46,P28,3.06,0.38,2.36,0
7/23/2022 7:39,P1,2.9,0.29,2.67,0.005
7/23/2022 7:20,P8,3.74,0.28,3.45,0.007
7/22/2022 16:35,P13,3.59,0.15,3.27,0.005
7/22/2022 16:15,P34,1.44,0.35,1.54,0.017
7/22/2022 15:59,P35,2.41,0.26,2.76,0.004
7/22/2022 15:33,P32,1.75,0.34,1.67,0.003
7/22/2022 15:22,P10,3.76,0.16,3.66,0.006
7/22/2022 15:11,P9,3.76,0.1,4.04,0.005
7/22/2022 14:53,P3,3.17,0.17,3.53,0.005
7/22/2022 14:43,P21,2.79,0.17,3.36,0.005
7/22/2022 14:33,P24,2.54,0.34,2.05,0.006
7/22/2022 14:22,P25,2.19,0.36,1.74,0.006
7/22/2022 14:09,P14,2.36,0.27,2.13,0.004
7/22/2022 13:54,P26,2.16,0.36,2.16,0.006
7/22/2022 13:29,P6,1.93,0.35,1.95,0.005
7/22/2022 13:12,P22,2.14,0.19,3.37,0.005
7/22/2022 13:00,P20,2.56,0.41,2.15,0.005
7/22/2022 12:45,P23,2.17,0.33,2.26,0.006
7/22/2022 12:26,P27,2.02,0.36,1.89,0.006
7/22/2022 11:20,P2,2.35,0.4,1.74,0.007
7/22/2022 11:06,P15,2.51,0.26,2.42,0.005
7/22/2022 10:57,P19,2.01,0.34,1.8,0.005
7/22/2022 10:45,P31,2.97,0.22,2.85,0.005
7/22/2022 10:34,P12,3.18,0.18,3.35,0.005
7/22/2022 10:23,P11,3.21,0.22,3.15,0.006
7/22/2022 10:11,P16,1.71,0.45,1.51,0.007
7/22/2022 10:00,P30,3.13,0.22,3,0.013
7/22/2022 9:53,P33,1.42,0.42,1.77,0.007
7/22/2022 9:45,P18,2.14,0.36,2,0.006
7/22/2022 9:32,P4,3.01,0.22,3.21,0.005
7/22/2022 9:22,P5,2.7,0.26,3.07,0.004
7/22/2022 9:11,P5,3.74,0.08,3.69,0.005
7/22/2022 8:52,P29,1.21,0.36,0.61,0.006
7/22/2022 8:39,P7,0.63,0.31,0.66,0.006
7/22/2022 8:11,P17,0.52,0.33,0.41,0.008
7/22/2022 7:35,P28,3.12,0.23,3.06,0.005
7/22/2022 7:25,P1,2.61,0.25,2.66,0.004
7/22/2022 7:10,P8,3.24,0.16,3.5,0.005
7/21/2022 18:00,P7,0.63,0.39,0.55,0.006
7/21/2022 16:48,P13,3.59,0.37,3.51,0.007
7/21/2022 16:25,P34,1.44,0.38,1.33,0.022
7/21/2022 16:09,P35,2.41,0.32,2.25,0.003
7/21/2022 15:53,P32,1.75,0.35,1.63,0.013
7/21/2022 15:42,P10,3.76,0.14,3.36,0.004
7/21/2022 15:29,P9,3.76,0.1,3.46,0.005
7/21/2022 15:08,P3,3.17,0.21,2.97,0.003
7/21/2022 14:49,P21,2.79,0.2,2.71,0.005
7/21/2022 14:39,P24,2.54,0.33,2.34,0.005
7/21/2022 14:27,P25,2.19,0.3,2.06,0.004
7/21/2022 14:18,P14,2.36,0.31,2.19,0.004
7/21/2022 14:01,P26,2.16,0.36,2.05,0.003
7/21/2022 13:46,P6,1.93,0.42,1.9,0.004
7/21/2022 13:34,P22,2.14,0.34,2.12,0.004
7/21/2022 13:21,P20,2.56,0.35,2.38,0.013
7/21/2022 13:07,P23,2.17,0.37,2.14,0.007
7/21/2022 12:23,P27,2.02,0.45,1.99,0.004
7/21/2022 11:32,P2,2.35,0.34,2.26,0.005
7/21/2022 11:21,P15,2.51,0.26,1.42,0.006
7/21/2022 11:08,P19,2.01,0.4,1.89,0.005
7/21/2022 10:55,P31,2.97,0.21,2.8,0.004
7/21/2022 10:41,P12,3.18,0.17,3.02,0.006
7/21/2022 10:30,P11,3.21,0.19,3.02,0.005
7/21/2022 10:17,P16,1.71,0.44,1.66,0.005
7/21/2022 10:05,P33,1.42,0.54,1.36,0.008
7/21/2022 9:53,P30,3.13,0.2,2.89,0.004
7/21/2022 9:41,P18,2.14,0.33,2.1,0.005
7/21/2022 9:31,P29,1.21,0.39,1.11,0.006
7/21/2022 9:00,P17,0.52,0.44,0.42,0.01
7/21/2022 8:38,P4,3.01,0.21,2.81,0.004
7/21/2022 8:29,P5,2.7,0.26,2.62,0.004
7/21/2022 8:17,P5,3.74,0.11,3.42,0.004
7/21/2022 7:45,P28,3.12,0.23,2.86,0.007
7/21/2022 7:36,P1,2.61,0.28,2.57,0.004
7/21/2022 7:19,P8,3.24,0.21,2.99,0.005
7/20/2022 17:17,P13,3.79,0.31,3.36,0.006
7/20/2022 16:35,P33,1.64,0.48,1.57,0.004
7/20/2022 16:02,P34,1.47,0.49,1.35,0.024
7/20/2022 15:56,P14,2.84,0.28,2.62,0.005
7/20/2022 15:47,P35,2.94,0.18,2.67,0.006
7/20/2022 15:22,P32,1.95,0.41,1.81,0.004
7/20/2022 15:11,P10,3.18,0.3,2.91,0.004
7/20/2022 14:57,P9,3.82,0.19,3.47,0.003
7/20/2022 14:42,P3,3.37,0.25,3.26,0.005
7/20/2022 14:28,P21,2.93,0.31,2.83,0.005
7/20/2022 14:17,P24,2.36,0.4,2.18,0.009
7/20/2022 14:06,P25,2.06,0.41,1.94,0.006
7/20/2022 13:33,P26,2.49,0.36,2.29,0.006
7/20/2022 13:19,P6,2.19,0.44,2.11,0.004
7/20/2022 13:09,P22,2.91,0.3,2.75,0.005
7/20/2022 12:56,P20,2.46,0.45,2.27,0.005
7/20/2022 12:41,P23,2.64,0.34,2.56,0.006
7/20/2022 12:10,P27,1.8,0.41,1.75,0.005
7/20/2022 11:53,P4,3.34,0.29,3.24,0.005
7/20/2022 11:42,P5,2.55,0.27,3.06,0.005
7/20/2022 11:31,P5,4.13,0.1,3.76,0.004
7/20/2022 11:14,P2,2.41,0.35,2.31,0.006
7/20/2022 11:00,P15,2.67,0.33,2.51,0.006
7/20/2022 10:41,P19,2,0.38,1.95,0
7/20/2022 10:31,P31,3.36,0.26,3.12,0.004
7/20/2022 10:17,P12,3.7,0.2,3.43,0.004
7/20/2022 10:07,P11,3.35,0.27,3.24,0.006
7/20/2022 9:57,P16,1.77,0.45,1.73,0.006
7/20/2022 9:45,P30,3.38,0.26,3.12,0.005
7/20/2022 9:29,P18,2.46,0.37,2.36,0.005
7/20/2022 9:05,P29,1.2,0.43,1.04,0.007
7/20/2022 8:53,P7,0.9,0.46,0.81,0.006
7/20/2022 8:18,P17,0.5,0.44,0.43,0.007
7/20/2022 7:38,P28,3.32,0.24,3.01,0.006
7/20/2022 7:27,P1,2.66,0.38,2.56,0.006
7/20/2022 7:12,P8,4.22,0.21,3.75,0.007
7/19/2022 18:25,P13,3.83,0.3,3.28,0.006
7/19/2022 17:26,P33,2.14,0.38,1.99,0.006
7/19/2022 16:51,P34,1.57,0.46,1.45,0.025
7/19/2022 16:37,P35,3.03,0.27,2.66,0.008
7/19/2022 16:15,P32,1.82,0.41,1.74,0.006
7/19/2022 16:07,P10,3.73,0.37,3.33,0.006
7/19/2022 15:55,P9,4.04,0.15,3.51,0.007
7/19/2022 15:38,P3,3.49,0.22,3.16,0.006
7/19/2022 15:29,P21,3.4,0.16,3.14,0.006
7/19/2022 15:10,P24,2.52,0.34,2.32,0.007
7/19/2022 14:54,P25,2.13,0.42,1.99,0.008
7/19/2022 14:37,P14,2.84,0.29,2.53,0.006
7/19/2022 14:34,P20,2.54,0.32,2.37,0.007
7/19/2022 14:22,P26,2.61,0.38,2.4,0.008
7/19/2022 14:03,P6,2.31,0.37,2.24,0.006
7/19/2022 13:47,P22,3.29,0.2,2.97,0.006
7/19/2022 13:20,P23,2.64,0.4,2.54,0.006
7/19/2022 12:54,P27,2.12,0.33,2.12,0.007
7/19/2022 12:16,P2,2.37,0.34,2.35,0.008
7/19/2022 12:04,P15,2.61,0.37,2.57,0.007
7/19/2022 11:43,P19,1.68,0.38,1.69,0.008
7/19/2022 11:24,P31,3.27,0.26,3.2,0.007
7/19/2022 11:10,P12,3.45,0.2,3.31,0.005
7/19/2022 10:54,P11,3.43,0.23,3.34,0.006
7/19/2022 10:38,P16,3.41,0.27,3.28,0.005
7/19/2022 10:26,P30,3.41,0.26,3.29,0.005
7/19/2022 10:09,P18,2.69,0.37,2.61,0.005
7/19/2022 9:52,P4,3.36,0.23,3.34,0.005
7/19/2022 9:40,P5,3.14,0.43,3.06,0.001
7/19/2022 9:29,P5,3.94,0.1,3.84,0.004
7/19/2022 9:03,P29,1.18,0.33,1.09,0.008
7/19/2022 8:44,P7,1.07,0.38,1.09,0.005
7/19/2022 8:21,P17,0.85,0.41,0.76,0.006
7/19/2022 7:43,P28,3.33,0.27,3.13,0.008
7/19/2022 7:25,P1,2.69,0.28,2.68,0.005
7/19/2022 7:15,P8,4.04,0.24,3.65,0.005
7/18/2022 18:15,P13,3.99,0.2,3.46,0.004
7/18/2022 17:25,P33,1.58,0.42,1.58,0.005
7/18/2022 16:54,P34,1.53,0.39,1.51,0.016
7/18/2022 16:42,P32,1.6,0.42,1.56,0.004
7/18/2022 16:37,P35,1,1,3.27,0.004
7/18/2022 16:37,P35,3.54,0.3,3.27,0.004
7/18/2022 16:04,P10,3.54,0.39,3.24,0.006
7/18/2022 15:54,P9,3.97,0.28,3.57,0.006
7/18/2022 15:33,P3,3.27,0.21,3.1,0.002
7/18/2022 15:26,P21,3.16,0.19,3.11,0.006
7/18/2022 15:11,P24,2.45,0.37,2.44,0.004
7/18/2022 14:42,P14,2.89,0.32,2.8,0.005
7/18/2022 14:21,P26,2.59,0.4,2.47,0.007
7/18/2022 14:04,P6,2.13,0.38,2.1,0.005
7/18/2022 13:46,P22,3.06,0.25,2.96,0.007
7/18/2022 13:35,P20,2.51,0.36,2.43,0.006
7/18/2022 13:21,P23,2.4,0.28,2.4,0.006
7/18/2022 12:46,P27,2.19,0.35,2.21,0.007
7/18/2022 12:05,P2,2.04,0.01,2,1
7/18/2022 12:05,P2,2.04,0.35,2,0.007
7/18/2022 11:33,P15,2.18,0.34,2.12,0.006
7/18/2022 11:19,P19,1.7,0.44,1.69,0.008
7/18/2022 11:08,P31,2.76,0.28,2.54,0.007
7/18/2022 10:57,P12,3.42,0.15,3.26,0.005
7/18/2022 10:45,P11,3.24,0.21,3.12,0.006
7/18/2022 10:33,P16,2.76,0.31,2.51,0.01
7/18/2022 10:17,P30,2.69,0.28,2.46,0.007
7/18/2022 10:02,P18,1.78,0.38,1.77,0.006
7/18/2022 9:51,P4,2.73,0.26,2.64,0.006
7/18/2022 9:40,P5,3.1,0.18,3,0.007
7/18/2022 9:20,P5,4.13,0,3.83,0.004
7/18/2022 9:04,P29,0.9,0.01,0.88,0.007
7/18/2022 9:04,P29,0.92,0.39,0.88,0.007
7/18/2022 8:52,P7,1.02,0.37,1.02,0.006
7/18/2022 8:03,P17,0.52,0.42,0.52,0.007
7/18/2022 7:29,P28,3.09,0.22,2.92,0.007
7/18/2022 7:11,P1,1,1,2,0.001
7/18/2022 7:11,P1,2.51,0.32,2.43,0.006
7/18/2022 6:58,P8,4.07,0.11,3.69,0.005
7/18/2022 1:45,P25,1.7,0.42,1.68,0.005
7/17/2022 17:13,P13,3.88,0.236,3.46,0.005
7/17/2022 17:13,P13,3.88,0.236,3.69,0.005
7/17/2022 16:43,P33,1.52,0.43,1.51,0.007
7/17/2022 16:43,P33,1.52,0.43,1.58,0.007
7/17/2022 16:12,P34,1.15,0.42,1.13,0.032
7/17/2022 16:12,P34,1.15,0.42,1.51,0.032
7/17/2022 15:50,P35,1.85,0.36,1.81,0.004
7/17/2022 15:50,P35,1.85,0.36,3.27,0.004
7/17/2022 15:28,P32,1.54,0.39,1.53,0.003
7/17/2022 15:28,P32,1.54,0.39,1.56,0.003
7/17/2022 15:22,P10,3.59,0.19,3.24,0.005
7/17/2022 15:22,P10,3.59,0.19,3.27,0.005
7/17/2022 15:10,P9,3.84,0.13,3.51,0.005
7/17/2022 15:10,P9,3.84,0.13,3.57,0.005
7/17/2022 14:53,P3,3.59,0.19,3.1,0.005
7/17/2022 14:53,P3,3.59,0.19,3.36,0.005
7/17/2022 14:43,P21,3.34,0.22,3.11,0.005
7/17/2022 14:43,P21,3.34,0.22,3.29,0.005
7/17/2022 14:32,P24,2.11,0.38,2.05,0.006
7/17/2022 14:32,P24,2.11,0.38,2.44,0.006
7/17/2022 14:21,P25,1.63,0.43,1.61,0.005
7/17/2022 14:21,P25,1.63,0.43,1.68,0.005
7/17/2022 14:07,P14,2.83,0.38,2.79,0.005
7/17/2022 14:07,P14,2.83,0.38,2.8,0.005
7/17/2022 13:51,P26,2.03,0.35,2.03,0.006
7/17/2022 13:51,P26,2.03,0.35,2.47,0.006
7/17/2022 13:39,P6,2.02,0.38,1.96,0.004
7/17/2022 13:39,P6,2.02,0.38,2.1,0.004
7/17/2022 13:23,P22,3.41,0.21,2.96,0.001
7/17/2022 13:23,P22,3.41,0.21,3.26,0.001
7/17/2022 13:09,P20,2.27,0.34,2.19,0.006
7/17/2022 13:09,P20,2.27,0.34,2.43,0.006
7/17/2022 12:55,P23,2.68,0.3,2.4,0.006
7/17/2022 12:55,P23,2.68,0.3,2.66,0.006
7/17/2022 12:25,P27,2.24,0.4,2.19,0.005
7/17/2022 12:25,P27,2.24,0.4,2.21,0.005
7/17/2022 11:57,P2,0.01,0.03,2,0.006
7/17/2022 11:57,P2,2.45,0.4,2.41,0.006
7/17/2022 11:37,P15,2.63,0.34,2.12,0.004
7/17/2022 11:37,P15,2.63,0.34,2.59,0.004
7/17/2022 11:17,P19,1.92,0.42,1.69,0.005
7/17/2022 11:17,P19,1.92,0.42,1.89,0.005
7/17/2022 11:06,P31,2.99,0.3,2.54,0.005
7/17/2022 11:06,P31,2.99,0.3,2.86,0.005
7/17/2022 10:54,P12,3.53,0.22,3.26,0.005
7/17/2022 10:54,P12,3.53,0.22,3.44,0.005
7/17/2022 10:42,P11,3.65,0.24,3.12,0.005
7/17/2022 10:42,P11,3.65,0.24,3.24,0.005
7/17/2022 10:28,P16,1.83,0.4,1.75,0.006
7/17/2022 10:28,P16,1.83,0.4,2.51,0.006
7/17/2022 10:18,P30,3.34,0.26,2.46,0.006
7/17/2022 10:18,P30,3.34,0.26,3.18,0.006
7/17/2022 10:05,P18,2.25,0.39,1.77,0.005
7/17/2022 10:05,P18,2.25,0.39,2.18,0.005
7/17/2022 9:46,P4,3.37,0.23,2.64,0.005
7/17/2022 9:46,P4,3.37,0.23,3.26,0.005
7/17/2022 9:35,P5,3.28,0.26,3,0.005
7/17/2022 9:35,P5,3.28,0.26,3.16,0.005
7/17/2022 9:22,P5,4.35,0,3.83,0.01
7/17/2022 9:22,P5,4.35,0,4.22,0.01
7/17/2022 9:04,P29,0.98,0.36,0.91,0.009
7/17/2022 9:04,P29,0.98,1,0.88,0.009
7/17/2022 8:52,P7,0.95,0.38,0.91,0.005
7/17/2022 8:52,P7,0.95,0.38,1.02,0.005
7/17/2022 8:17,P17,0.89,0.43,0.52,0.006
7/17/2022 8:17,P17,0.89,0.43,0.82,0.006
7/17/2022 7:43,P28,3.4,0.26,2.92,0.008
7/17/2022 7:43,P28,3.4,0.26,3.17,0.008
7/17/2022 7:25,P1,1.5,0.35,2,0.005
7/17/2022 7:25,P1,2.59,0.33,2.51,0.005
7/17/2022 7:10,P8,4.04,0.22,3.69,0.006
7/17/2022 7:10,P8,4.04,0.22,3.72,0.006
7/16/2022 17:31,P13,3.56,0.22,3.21,0.005
7/16/2022 17:04,P33,1.44,0.41,1.35,0.006
7/16/2022 16:32,P34,1.23,0.44,1.12,0.016
7/16/2022 16:14,P35,2.11,0.37,2.01,0.006
7/16/2022 15:51,P32,1.48,0.4,1.44,0.006
7/16/2022 15:43,P10,3.54,0.23,3.36,0.005
7/16/2022 15:31,P9,3.9,0.2,3.65,0.007
7/16/2022 15:14,P3,3.16,0.25,3.01,0.005
7/16/2022 14:59,P21,3.06,0.26,3,0.005
7/16/2022 14:42,P24,2.23,0.35,2.22,0.005
7/16/2022 14:26,P25,1.93,0.39,1.9,0.006
7/16/2022 14:00,P14,2.09,0.39,2.04,0.006
7/16/2022 13:40,P6,2.31,0.34,2.25,0.006
7/16/2022 13:22,P22,3.12,0.27,3.07,0.005
7/16/2022 13:03,P20,2.28,0.36,2.25,0.006
7/16/2022 12:50,P26,1.69,0.42,1.64,0.007
7/16/2022 12:08,P23,2.67,0.31,2.65,0.007
7/16/2022 11:51,P27,2.37,0.36,2.31,0.006
7/16/2022 11:35,P2,2.19,0.4,2.23,0.005
7/16/2022 11:22,P15,2.77,0.36,2.67,0.006
7/16/2022 11:09,P19,2.09,0.42,2.1,0.005
7/16/2022 10:55,P31,3.11,0.26,3.08,0.006
7/16/2022 10:42,P12,3.45,0.23,3.36,0.005
7/16/2022 10:30,P11,3.29,0.23,3.17,0.006
7/16/2022 10:16,P16,1.94,0.42,1.91,0.005
7/16/2022 10:05,P30,3.13,0.22,3.12,0.005
7/16/2022 9:53,P29,1.24,0.33,1.13,0.005
7/16/2022 9:50,P18,2.42,0.37,2.35,0.005
7/16/2022 9:37,P4,3.17,0.22,3.13,0.007
7/16/2022 9:24,P5,3.1,0.23,3.04,0.005
7/16/2022 9:12,P5,4.19,0.01,4.07,0.005
7/16/2022 8:42,P7,1.19,0.34,1.18,0.005
7/16/2022 8:15,P17,0.78,0.41,0.7,0.005
7/16/2022 7:37,P28,3.28,0.23,3.06,0.008
7/16/2022 7:19,P1,2.61,0.32,2.25,0.006
7/16/2022 7:08,P8,4.06,0.19,3.71,0.005
7/15/2022 18:36,P13,3.64,0.21,3.36,0.005
7/15/2022 17:19,P33,1.92,0.39,1.8,0.006
7/15/2022 16:45,P34,1.38,0.4,1.3,0.026
7/15/2022 16:29,P35,2.23,0.31,2.02,0.006
7/15/2022 16:09,P32,1.63,0.38,1.6,0.005
7/15/2022 15:49,P10,3.83,0.26,3.51,0.005
7/15/2022 15:39,P9,4.3,0.18,3.97,0.004
7/15/2022 15:26,P3,3.7,0.24,3.41,0.005
7/15/2022 15:16,P21,3.3,0.29,3.04,0.003
7/15/2022 15:07,P24,2.26,0.34,2.05,0.005
7/15/2022 14:54,P25,1.34,0.41,1.22,0.004
7/15/2022 14:43,P14,2.7,0.24,2.47,0.007
7/15/2022 14:27,P26,2.16,0.3,1.98,0.04
7/15/2022 14:13,P6,1.95,0.3,1.8,0.005
7/15/2022 13:56,P22,3.41,0.36,3.12,0.004
7/15/2022 13:45,P20,2.14,0.34,2.13,0.004
7/15/2022 13:32,P23,2.3,0.35,2.27,0.004
7/15/2022 13:00,P27,2.24,0.39,2.23,0.005
7/15/2022 12:00,P2,2.74,0.33,2.67,0.004
7/15/2022 11:46,P15,2.91,0.32,2.84,0.005
7/15/2022 11:31,P19,2.13,0.34,2.02,0.004
7/15/2022 11:17,P31,3.1,0.32,3.03,0.004
7/15/2022 11:02,P12,3.31,0.24,3.18,0.006
7/15/2022 10:50,P11,3.33,0.24,3.29,0.005
7/15/2022 10:40,P16,3.33,0.24,3.24,0.002
7/15/2022 10:28,P30,3.37,0.27,3.16,0.004
7/15/2022 10:16,P18,2.36,0.36,2.3,0.006
7/15/2022 10:06,P4,3.24,0.25,3.14,0.005
7/15/2022 9:54,P5,3.08,0.29,2.98,0.006
7/15/2022 9:39,P5,3.92,0.08,3.87,0.006
7/15/2022 9:26,P29,1.06,0.34,1.02,0.006
7/15/2022 9:00,P7,2.28,0.22,2.16,0.004
7/15/2022 8:39,P17,1.11,0.38,1.02,0.007
7/15/2022 7:50,P28,3.19,0.28,3.09,0.006
7/15/2022 7:37,P1,2.68,0.29,2.6,0.005
7/15/2022 7:23,P8,3.83,0.23,3.55,0.006
7/14/2022 18:16,P13,3.64,0.26,3.7,0.005
7/14/2022 16:44,P33,2.14,0.37,2.03,0.006
7/14/2022 16:09,P34,1.12,0.39,1.08,0.025
7/14/2022 15:57,P35,2.33,0.35,2.23,0.005
7/14/2022 15:41,P32,1.4,0.36,1.368,0.004
7/14/2022 15:25,P10,4.05,0.19,3.7,0.006
7/14/2022 15:15,P9,4.4,0.17,3.95,0.005
7/14/2022 15:04,P3,3.82,0.19,3.57,0.005
7/14/2022 14:54,P21,3.77,0.22,3.46,0.005
7/14/2022 14:44,P24,2.4,0.36,2.27,0.005
7/14/2022 14:32,P25,2.01,0.39,1.72,0.004
7/14/2022 14:22,P14,2.43,0.34,2.27,0.005
7/14/2022 14:11,P26,2.52,0.38,2.5,0.007
7/14/2022 13:54,P6,1.96,0.35,1.9,0.005
7/14/2022 13:35,P22,3.5,0.24,3.32,0.004
7/14/2022 13:24,P20,2.5,0.35,2.4,0.004
7/14/2022 13:00,P23,2.35,0.36,2.31,0.007
7/14/2022 12:31,P27,2.21,0.32,2.13,0.005
7/14/2022 11:49,P2,2.64,0.27,2.57,0.007
7/14/2022 11:39,P15,2.92,0.24,2.82,0.005
7/14/2022 11:28,P19,2.03,0.34,1.98,0.006
7/14/2022 11:15,P31,3.33,0.23,3.21,0.006
7/14/2022 11:00,P12,3.85,0.21,3.56,0.005
7/14/2022 10:40,P16,3.38,0.36,3.31,0.007
7/14/2022 10:30,P11,3.58,0.2,3.47,0.005
7/14/2022 10:30,P30,3.56,0.22,3.34,0.006
7/14/2022 10:17,P18,2.05,0.44,2.01,0.006
7/14/2022 10:02,P4,3.48,0.19,3.22,0.005
7/14/2022 9:52,P5,3.12,0.22,3.02,0.005
7/14/2022 9:41,P5,4.17,0.03,3.82,0.006
7/14/2022 9:30,P29,1.17,0.34,1.09,0.005
7/14/2022 9:14,P7,1.43,0.34,1.35,0.006
7/14/2022 8:30,P17,1.05,0.31,1.02,0.006
7/14/2022 7:45,P28,3.47,0.21,3.25,0.006
7/14/2022 7:33,P1,3.1,0.2,2.92,0.005
7/14/2022 7:16,P8,3.44,0.26,3.17,0.005
7/13/2022 18:00,P13,2.38,0.32,2.3,0.007
7/13/2022 17:05,P33,1.47,0.37,1.46,0.007
7/13/2022 16:34,P34,1.34,0.36,1.25,0.02
7/13/2022 16:20,P35,1.87,0.31,1.81,0.006
7/13/2022 16:02,P32,1.53,0.38,1.47,0.004
7/13/2022 15:48,P10,3.48,0.18,3.17,0.005
7/13/2022 15:35,P9,3.96,0.15,3.52,0.006
7/13/2022 15:20,P3,3.38,0.18,3.11,0.004
7/13/2022 15:10,P21,3.13,0.21,2.99,0.005
7/13/2022 15:00,P24,2.32,0.33,2.13,0.004
7/13/2022 14:50,P25,1.78,0.35,1.62,0.006
7/13/2022 14:37,P14,2.68,0.32,2.67,0.006
7/13/2022 14:24,P26,2.45,0.39,2.31,0.006
7/13/2022 14:08,P6,2,0.35,1.88,0.004
7/13/2022 13:53,P22,3.3,0.19,3.06,0.009
7/13/2022 13:41,P20,2.38,0.33,2.21,0.005
7/13/2022 13:30,P23,2.44,0.31,2.4,0.007
7/13/2022 12:58,P27,2.58,0.35,2.4,0.005
7/13/2022 12:02,P2,2.64,0.3,2.55,0.005
7/13/2022 11:47,P15,2.68,0.27,2.66,0.006
7/13/2022 11:37,P19,2.14,0.36,2.06,0.006
7/13/2022 11:24,P31,2.97,0.29,2.93,0.006
7/13/2022 11:04,P12,3.49,0.19,3.28,0.006
7/13/2022 10:50,P11,3.52,0.2,3.23,0.006
7/13/2022 10:40,P16,3.4,0.19,3.15,0.009
7/13/2022 10:30,P30,2.81,0.36,2.71,0.007
7/13/2022 10:09,P18,2.4,0.44,2.34,0.006
7/13/2022 9:55,P4,2.99,0.31,2.9,0.005
7/13/2022 9:42,P5,2.87,0.28,2.86,0.005
7/13/2022 9:28,P5,3.77,0.1,3.54,0.004
7/13/2022 9:15,P29,1.07,0.32,1.03,0.01
7/13/2022 8:57,P7,1.38,0.32,1.37,0.005
7/13/2022 8:19,P17,1.18,0.39,1.17,0.006
7/13/2022 7:48,P28,2.74,0.3,2.59,0.004
7/13/2022 7:30,P1,2.74,0.3,2.59,0.004
7/13/2022 7:15,P8,3.89,0.2,3.5,0.007
7/12/2022 18:52,P13,3.63,0.23,3.29,0.005
7/12/2022 17:14,P33,2.12,0.34,2.01,0.005
7/12/2022 16:18,P34,1.57,0.37,1.53,0.016
7/12/2022 16:08,P35,2.3,0.31,2.16,0.005
7/12/2022 15:53,P32,1.71,0.38,1.68,0.007
7/12/2022 15:33,P10,4.07,0.24,3.74,0.005
7/12/2022 15:22,P9,4,0.2,3.73,0.006
7/12/2022 15:08,P3,3.54,0.22,2.38,0.006
7/12/2022 14:58,P21,3.51,0.25,3.35,0.006
7/12/2022 14:46,P24,2.28,0.33,2.15,0.006
7/12/2022 14:35,P25,1.79,0.38,1.67,0.005
7/12/2022 14:21,P14,2.59,0.33,2.41,0.005
7/12/2022 14:07,P26,2.31,0.31,2.2,0.005
7/12/2022 13:41,P6,2.05,0.35,1.96,0.005
7/12/2022 13:27,P22,3.32,0.28,3.1,0.004
7/12/2022 13:15,P20,2.26,0.34,2.14,0.007
7/12/2022 13:02,P23,2.64,0.32,2.58,0.007
7/12/2022 12:17,P27,1.79,0.32,1.78,0.006
7/12/2022 11:26,P2,2.47,0.31,2.44,0.005
7/12/2022 11:16,P15,2.85,0.274,2.67,0.005
7/12/2022 10:58,P19,1.76,0.34,1.72,0.007
7/12/2022 10:47,P31,3.35,0.26,3.26,0.006
7/12/2022 10:37,P12,3.65,0.27,3.46,0.006
7/12/2022 10:27,P11,3.64,0.29,3.48,0.005
7/12/2022 10:17,P16,3.71,0.3,3.49,0.005
7/12/2022 10:02,P30,1.2,0.23,3.38,0.004
7/12/2022 9:52,P18,2.48,0.34,2.22,0.006
7/12/2022 9:39,P4,3.54,0.23,3.25,0.005
7/12/2022 9:29,P5,3.09,0.29,2.86,0.005
7/12/2022 9:16,P5,2.93,0.11,3.58,0.004
7/12/2022 9:09,P29,1.2,0.36,1.18,0.007
7/12/2022 8:45,P7,1.58,0.35,1.56,0.006
7/12/2022 8:28,P17,1.5,0.35,1.4,0.005
7/12/2022 7:41,P28,3.42,0.29,3.12,0.006
7/12/2022 7:31,P1,2.55,0.3,2.5,0.005
7/12/2022 7:18,P8,4.23,0.22,3.92,0.005
7/11/2022 17:34,P33,2.2,0.39,2.04,0.006
7/11/2022 16:45,P34,1.43,0.37,1.31,0.027
7/11/2022 16:25,P35,2.31,0.31,2.09,0.006
7/11/2022 16:06,P32,1.61,0.44,1.6,0.004
7/11/2022 15:54,P10,3.76,0.15,3.43,0.006
7/11/2022 15:41,P9,3.77,0.16,3.36,0.006
7/11/2022 15:29,P3,3.19,0.17,2.89,0.005
7/11/2022 15:14,P21,3.06,0.19,2.79,0.005
7/11/2022 15:02,P24,2.35,0.36,2.14,0.004
7/11/2022 14:50,P25,1.82,0.34,1.69,0.004
7/11/2022 14:01,P14,2.7,0.23,2.44,0.004
7/11/2022 13:49,P26,2.47,0.36,2.24,0.005
7/11/2022 13:32,P6,2.06,0.36,2.02,0.005
7/11/2022 13:17,P22,3.16,0.24,2.91,0.005
7/11/2022 13:04,P20,2.49,0.45,2.39,0
7/11/2022 12:51,P23,2.44,0.25,2.37,0.003
7/11/2022 12:20,P27,2.18,0.32,2.1,0.006
7/11/2022 11:35,P2,1.75,0.42,1.22,0.006
7/11/2022 11:25,P15,2.93,0.26,2.35,0.005
7/11/2022 11:11,P19,2.04,0.26,1.99,0.006
7/11/2022 11:00,P31,2.62,0.19,2.61,0.005
7/11/2022 10:43,P12,3.11,0.15,2.71,0.006
7/11/2022 10:29,P11,3.13,0.17,2.78,0.005
7/11/2022 10:16,P16,2.74,0.2,2.65,0.004
7/11/2022 10:05,P30,2.85,0.19,2.65,0.005
7/11/2022 9:50,P18,2.14,0.33,2.1,0.005
7/11/2022 9:37,P4,2.98,0.26,2.9,0.005
7/11/2022 9:27,P5,2.56,0.25,2.5,0.006
7/11/2022 9:12,P5,3.48,0.05,3.41,0.005
7/11/2022 8:55,P29,1.74,0.28,1.69,0.006
7/11/2022 8:29,P17,1.46,0.33,1.4,0.003
7/11/2022 7:46,P28,2.3,0.25,2.28,0.009
7/11/2022 7:36,P1,2.19,0.33,2.18,0.006
7/11/2022 7:25,P8,3.85,0.07,3.47,0.005
7/11/2022 6:46,P13,2.33,0.32,2.17,0.006
7/10/2022 18:21,P13,1.77,0.39,1.68,0.005
7/10/2022 17:28,P33,2.42,0.37,2.27,0.006
7/10/2022 16:38,P34,1.38,0.4,1.28,0.024
7/10/2022 16:19,P35,2.29,0.35,1.99,0.001
7/10/2022 15:57,P32,1.76,0.4,1.68,0.005
7/10/2022 15:45,P10,3.86,0.1,3.5,0.005
7/10/2022 15:33,P9,3.77,0.09,3.53,0.004
7/10/2022 15:23,P3,3.38,0.17,3.08,0.006
7/10/2022 15:08,P21,3.75,0.15,3.1,0.007
7/10/2022 14:56,P24,2.36,0.3,2.28,0
7/10/2022 14:43,P25,1.32,0.42,1.21,0.011
7/10/2022 14:28,P14,2.66,0.23,2.53,0.004
7/10/2022 14:16,P26,2.11,0.35,2.02,0.005
7/10/2022 13:50,P6,2.17,0.36,2.11,0.006
7/10/2022 13:33,P22,3.41,0.12,3.18,0.001
7/10/2022 13:21,P20,2.37,0.28,2.29,0.006
7/10/2022 13:07,P23,2.42,0.3,2.39,0.006
7/10/2022 12:37,P27,2.21,0.39,2.17,0.006
7/10/2022 11:45,P2,2.17,0.32,2.16,0.006
7/10/2022 11:20,P15,2.84,0.25,2.7,0.006
7/10/2022 11:10,P19,2.57,0.25,2.42,0.005
7/10/2022 10:50,P31,3.14,0.23,2.97,0.005
7/10/2022 10:35,P12,3.36,0.18,3.23,0.005
7/10/2022 10:22,P11,3.39,0.18,3.2,0.005
7/10/2022 10:11,P16,2,0.36,1.96,0.005
7/10/2022 10:00,P30,3.2,0.2,3.06,0.005
7/10/2022 9:47,P18,2.3,0.46,2.29,0.005
7/10/2022 9:36,P4,2.91,0.26,2.86,0.005
7/10/2022 9:29,P5,2.65,0.34,2.59,0.005
7/10/2022 9:10,P5,2.64,0.3,2.53,0.005
7/10/2022 8:58,P29,1.3,0.28,1.29,0.006
7/10/2022 8:46,P7,1.86,0.26,1.79,0.005
7/10/2022 8:15,P17,1.41,0.28,1.31,0.005
7/10/2022 7:32,P28,2.88,0.26,2.76,0.004
7/10/2022 7:20,P1,2.96,0.12,3.57,0.005
7/10/2022 7:05,P8,3.88,0.14,3.53,0.005
7/9/2022 18:14,P13,2.14,0.35,2,0.007
7/9/2022 17:45,P33,1.92,0.41,1.83,0.006
7/9/2022 17:08,P34,1.49,0.43,1.4,0.027
7/9/2022 16:54,P35,2.42,0.33,2.27,0.005
7/9/2022 16:30,P32,1.8,0.39,1.72,0.005
7/9/2022 16:19,P10,3.57,0.19,3.3,0.005
7/9/2022 16:09,P9,3.78,0.19,3.41,0.004
7/9/2022 15:47,P3,3.4,0.21,3.16,0.005
7/9/2022 15:34,P21,3.14,0.23,3.09,0.005
7/9/2022 15:22,P24,2.32,0.33,2.14,0.004
7/9/2022 15:10,P25,1.82,0.34,1.73,0.006
7/9/2022 14:56,P14,2.49,0.44,2.35,0.004
7/9/2022 14:42,P26,1.94,0.36,1.86,0.005
7/9/2022 14:19,P6,2.84,0.27,2.65,0
7/9/2022 13:58,P22,3.39,0.22,3.19,0.005
7/9/2022 13:35,P20,2.36,0.32,2.3,0.005
7/9/2022 13:24,P23,2.67,0.36,2.65,0.005
7/9/2022 12:54,P27,1.99,0.32,1.95,0.005
7/9/2022 11:34,P2,2.48,0.34,2.42,0.005
7/9/2022 11:24,P15,2.67,0.31,2.62,0.005
7/9/2022 11:03,P19,2.02,0.31,1.94,0.001
7/9/2022 10:51,P31,2.93,0.29,2.88,0.005
7/9/2022 10:39,P12,3.22,0.2,3.16,0.006
7/9/2022 10:28,P11,3.21,0.25,3.18,0.005
7/9/2022 10:17,P16,3.14,0.28,3.07,0.006
7/9/2022 10:06,P30,3.24,0.3,3.01,0.004
7/9/2022 9:54,P18,2.35,0.28,2.33,0.005
7/9/2022 9:37,P4,3.13,0.28,3.08,0.005
7/9/2022 9:27,P5,3.04,0.31,3.03,0.005
7/9/2022 9:16,P5,4.01,0.16,3.92,0.005
7/9/2022 8:59,P29,2.02,0.22,1.9,0.004
7/9/2022 8:43,P7,1.67,0.29,1.61,0.004
7/9/2022 8:13,P17,1.52,0.27,1.44,0.005
7/9/2022 7:35,P28,3.04,0.3,2.98,0.007
7/9/2022 7:25,P1,3.73,0.29,3.09,0.005
7/9/2022 7:13,P8,3.81,0.21,3.55,0.005
7/8/2022 19:08,P13,2.05,0.35,1.95,0.004
7/8/2022 18:30,P33,1.97,0.38,1.87,0.006
7/8/2022 17:50,P34,1.41,0.37,1.33,0.028
7/8/2022 17:38,P35,2.52,0.36,2.37,0.005
7/8/2022 17:17,P32,2.1,0.38,2.04,0
7/8/2022 17:05,P10,3.89,0.18,3.5,0.006
7/8/2022 16:50,P9,4.03,0.15,3.61,0.006
7/8/2022 16:31,P3,3.37,0.13,3.11,0.006
7/8/2022 16:18,P21,3.11,0.19,2.87,0.005
7/8/2022 16:09,P24,2.5,0.42,2.31,0.005
7/8/2022 15:57,P25,1.85,0.37,1.74,0.006
7/8/2022 15:17,P14,2.92,0.28,2.71,0.04
7/8/2022 15:05,P26,2.63,0.37,2.45,0.005
7/8/2022 14:49,P6,2.25,0.32,2.16,0.005
7/8/2022 14:38,P22,3.26,0.19,3.04,0.005
7/8/2022 14:26,P20,2.61,0.34,2.45,0.006
7/8/2022 14:11,P23,2.46,0.35,2.3,0.005
7/8/2022 13:38,P27,1.79,0.43,1.77,0.006
7/8/2022 12:10,P2,2.34,0.3,2.27,0.006
7/8/2022 11:46,P15,2.57,0.25,2.51,0.005
7/8/2022 11:32,P19,1.99,0.33,1.84,0.006
7/8/2022 11:07,P31,3.06,0.26,2.91,0.006
7/8/2022 10:56,P12,3.14,0.22,2.98,0.006
7/8/2022 10:41,P11,3.28,0.27,3.09,0.006
7/8/2022 10:29,P16,3.24,0.24,2.96,0.006
7/8/2022 10:17,P30,3.21,0.23,2.96,0.006
7/8/2022 10:02,P18,2.35,0.33,2.17,0.005
7/8/2022 9:47,P4,2.86,0.29,2.77,0.006
7/8/2022 9:35,P5,2.59,0.29,2.53,0.001
7/8/2022 9:23,P5,3.66,0.06,3.52,0.004
7/8/2022 9:11,P29,1.53,0.29,1.42,0.005
7/8/2022 9:00,P7,1.79,0.26,1.66,0.004
7/8/2022 8:24,P17,1.75,0.25,1.68,0.005
7/8/2022 7:38,P28,2.86,0.2,2.72,0.006
7/8/2022 7:25,P1,3.28,0.18,3.04,0.004
7/8/2022 7:09,P8,3.5,0.16,3.23,0.005
7/7/2022 18:50,P13,3.97,0.24,3.62,0.008
7/7/2022 18:10,P33,2.09,0.37,1.95,0.006
7/7/2022 17:30,P34,1.72,0.36,1.59,0.019
7/7/2022 17:18,P35,2.62,0.26,2.45,0.005
7/7/2022 17:00,P32,2.36,0.37,2.21,0.005
7/7/2022 16:46,P10,3.73,0.11,3.31,0.005
7/7/2022 16:31,P9,3.78,0.11,3.3,0.005
7/7/2022 16:10,P3,2.79,0.15,2.69,0.005
7/7/2022 15:58,P21,2.79,0.19,2.61,0.005
7/7/2022 15:44,P24,2.51,0.33,2.37,0.005
7/7/2022 15:31,P25,1.95,0.36,1.81,0.006
7/7/2022 15:16,P14,2.51,0.28,2.37,0.005
7/7/2022 15:02,P26,2.05,0.37,1.97,0.006
7/7/2022 14:30,P6,2.87,0.35,2.69,0.005
7/7/2022 14:08,P22,2.95,0.19,2.65,0.004
7/7/2022 13:55,P20,2.4,0.34,2.22,0.005
7/7/2022 13:31,P23,2.67,0.29,2.5,0.003
7/7/2022 13:00,P27,2.2,0.39,2.14,0.005
7/7/2022 11:55,P2,2.16,0.37,2.13,0.005
7/7/2022 11:34,P15,2.56,0.4,2.53,0.006
7/7/2022 11:20,P19,2.08,0.42,1.98,0.006
7/7/2022 11:11,P31,2.8,0.24,2.74,0.006
7/7/2022 10:43,P12,3.31,0.14,3,0.005
7/7/2022 10:32,P11,3.16,0.2,2.73,0.005
7/7/2022 10:22,P16,3.15,0.17,2.75,0.005
7/7/2022 10:09,P30,3.1,0.24,2.8,0.006
7/7/2022 9:56,P18,2.44,0.35,2.38,0.005
7/7/2022 9:44,P4,2.98,0.25,2.89,0.005
7/7/2022 9:33,P5,2.8,0.31,2.73,0.005
7/7/2022 9:18,P5,3.72,0.08,3.63,0.005
7/7/2022 9:06,P29,1.64,0.28,1.6,0.005
7/7/2022 8:55,P7,2.17,0.26,1.99,0.005
7/7/2022 8:35,P17,1.52,0.29,1.44,0.006
7/7/2022 7:47,P28,3.09,0.21,2.77,0.006
7/7/2022 7:32,P1,2.63,0.31,2.57,0.005
7/7/2022 7:18,P8,3.16,0.2,2.8,0.005
7/6/2022 18:40,P13,4.09,0.25,3.63,0.006
7/6/2022 16:18,P33,1.81,0.42,1.71,0.006
7/6/2022 15:35,P34,1.81,0.4,1.67,0.023
7/6/2022 15:20,P35,2.22,0.38,2.09,0.004
7/6/2022 14:54,P32,1.79,0.41,1.74,0.004
7/6/2022 14:44,P10,3.71,0.24,3.4,0.005
7/6/2022 14:31,P9,4.17,0.19,3.74,0.005
7/6/2022 14:19,P3,3.51,0.23,3.3,0.005
7/6/2022 14:08,P21,3.39,0.29,3.18,0.005
7/6/2022 13:43,P24,2.4,0.4,2.39,0.009
7/6/2022 13:28,P25,2.09,0.43,1.99,0.005
7/6/2022 13:09,P14,2.91,0.29,2.62,0.005
7/6/2022 12:56,P26,2.57,0.34,2.4,0.006
7/6/2022 12:45,P6,2.28,0.39,2.09,0.004
7/6/2022 12:34,P22,3.52,0.24,3.26,0.005
7/6/2022 12:20,P20,2.39,0.36,2.23,0.006
7/6/2022 12:05,P23,2.6,0.34,2.58,0.006
7/6/2022 11:38,P27,2.16,0.4,2.06,0.005
7/6/2022 11:18,P2,2.31,0.39,2.27,0.006
7/6/2022 11:06,P15,2.68,0.38,2.62,0.005
7/6/2022 10:52,P19,2.07,0.42,2.02,0.006
7/6/2022 10:36,P31,3.5,0.24,3.27,0.005
7/6/2022 10:27,P12,3.78,0.22,3.59,0.005
7/6/2022 10:17,P11,3.47,0.23,3.44,0.006
7/6/2022 10:07,P16,2.11,0.44,2.05,0.006
7/6/2022 9:53,P30,3.51,0.24,3.21,0.005
7/6/2022 9:39,P18,2.11,0.38,2.1,0.005
7/6/2022 9:20,P4,3.4,0.26,3.29,0.004
7/6/2022 9:06,P5,3.26,0.26,3.14,0.005
7/6/2022 8:56,P5,4.51,0,4.28,0.005
7/6/2022 8:40,P29,1.68,0.25,1.6,0.006
7/6/2022 8:29,P7,2.09,0.22,1.99,0.004
7/6/2022 8:10,P17,1.22,0.24,1.66,0.005
7/6/2022 7:32,P28,3.43,0.27,3.17,0.007
7/6/2022 7:19,P1,2.63,0.38,2.53,0.005
7/6/2022 7:09,P8,3.92,0.25,3.55,0.005
7/5/2022 17:55,P13,2.93,0.33,2.69,0.004
7/5/2022 16:58,P33,1.58,0.44,1.53,0.006
7/5/2022 16:21,P34,1.09,0.45,1.02,0.029
7/5/2022 16:01,P35,2.17,0.37,2.06,0.001
7/5/2022 15:33,P32,1.61,0.38,1.53,0.006
7/5/2022 15:25,P10,3.64,0.12,3.28,0.005
7/5/2022 15:13,P9,3.93,0.07,3.5,0.006
7/5/2022 14:48,P3,3.33,0.17,3.23,0.006
7/5/2022 14:35,P24,2.14,0.4,2.07,0.005
7/5/2022 14:28,P21,3.26,0.27,3.09,0.005
7/5/2022 14:23,P25,1.84,0.39,1.73,0.004
7/5/2022 13:57,P14,2.91,0.24,2.7,0.006
7/5/2022 13:43,P26,2.37,0.36,2.2,0.006
7/5/2022 13:22,P6,2,0.37,1.96,0.005
7/5/2022 13:04,P22,3.3,0.21,3.16,0.005
7/5/2022 12:51,P20,2.25,0.37,2.22,0.005
7/5/2022 12:18,P23,2.83,0.33,2.74,0.006
7/5/2022 11:58,P27,2.05,0.31,2.02,0.006
7/5/2022 11:32,P2,2.55,0.39,2.49,0.006
7/5/2022 11:19,P15,2.76,0.32,2.68,0.004
7/5/2022 11:05,P19,1.98,0.34,1.92,0.005
7/5/2022 10:50,P31,3.2,0.29,3.14,0.006
7/5/2022 10:38,P12,3.46,0.25,3.34,0.005
7/5/2022 10:26,P11,3.36,0.26,3.29,0.006
7/5/2022 10:12,P16,3.27,0.28,3.17,0.007
7/5/2022 10:05,P30,3.24,0.32,3.06,0.005
7/5/2022 9:45,P4,3.18,0.32,3.08,0.005
7/5/2022 9:34,P5,3.11,0.37,3.01,0.005
7/5/2022 9:21,P5,4.04,0.09,3.95,0.004
7/5/2022 9:05,P18,2.73,0.36,2.66,0.005
7/5/2022 8:38,P29,2.36,0.15,2.18,0.004
7/5/2022 8:24,P7,1.52,0.26,1.5,0.005
7/5/2022 8:07,P17,1.36,0.25,1.27,0.005
7/5/2022 7:33,P28,3.15,0.31,2.97,0.008
7/5/2022 7:15,P1,2.42,0.35,2.31,0.005
7/5/2022 7:04,P8,4,0.22,3.63,0.005
7/4/2022 17:46,P13,3.72,0.25,3.35,0.006
7/4/2022 17:10,P33,1.67,0.46,1.62,0.004
7/4/2022 16:35,P34,1.11,0.42,1.04,0.027
7/4/2022 16:20,P35,2.12,0.38,1.95,0.005
7/4/2022 15:53,P32,1.69,0.37,1.72,0.005
7/4/2022 15:41,P10,3.93,0.22,3.59,0.004
7/4/2022 15:30,P9,4.2,0.15,3.91,0.005
7/4/2022 15:10,P3,3.24,0.17,2.99,0.004
7/4/2022 14:58,P21,3.02,0.16,2.89,0.006
7/4/2022 14:47,P24,2.22,0.39,2.16,0.006
7/4/2022 14:34,P25,1.63,0.42,1.61,0.006
7/4/2022 14:17,P14,2.17,0.33,2.17,0.004
7/4/2022 14:02,P26,1.9,0.41,1.86,0.007
7/4/2022 13:45,P6,1.99,0.37,2,0.004
7/4/2022 13:30,P22,3.1,0.15,2.94,0.005
7/4/2022 13:20,P20,2.3,0.41,2.16,0.006
7/4/2022 13:04,P23,2.61,0.29,2.6,0.005
7/4/2022 12:45,P27,1.88,0.29,1.87,0.006
7/4/2022 11:33,P2,2.2,0.34,2.15,0.005
7/4/2022 11:19,P15,2.46,0.31,2.35,0.005
7/4/2022 11:07,P19,1.74,0.37,1.73,0.005
7/4/2022 10:36,P31,3.06,0.22,3,0.005
7/4/2022 10:24,P12,3.35,0.16,3.25,0.007
7/4/2022 10:13,P11,3.22,0.21,3.11,0.006
7/4/2022 10:00,P16,3.17,0.21,3.08,0.005
7/4/2022 9:49,P30,3.14,0.24,3.04,0.005
7/4/2022 9:37,P18,2.09,0.33,1.94,0.005
7/4/2022 9:29,P4,2.73,0.27,2.7,0.005
7/4/2022 9:14,P5,2.36,0.33,2.28,0.005
7/4/2022 9:00,P5,3.45,0.08,3.38,0.005
7/4/2022 8:42,P29,1.99,0.12,1.87,0.005
7/4/2022 8:31,P7,1.54,0.3,1.46,0.005
7/4/2022 8:18,P17,1.47,0.32,1.37,0.005
7/4/2022 7:44,P28,3.26,0.24,3.06,0.007
7/4/2022 7:28,P1,3.67,0.15,3.51,0.005
7/4/2022 7:18,P8,3.88,0.13,3.58,0.005
7/3/2022 16:55,P13,2.87,0.32,2.68,0.004
7/3/2022 16:24,P33,1.59,0.42,1.56,0.005
7/3/2022 15:45,P34,1.25,0.41,1.2,0.027
7/3/2022 15:30,P35,2.03,0.43,1.9,0.005
7/3/2022 15:08,P32,1.58,0.45,1.56,0.009
7/3/2022 14:58,P10,3.44,0.16,3.15,0.005
7/3/2022 14:47,P9,3.65,0.15,3.24,0.004
7/3/2022 14:30,P3,3.19,0.18,2.98,0.005
7/3/2022 14:20,P21,2.86,0.19,2.79,0.005
7/3/2022 14:05,P24,1.91,0.42,1.84,0.006
7/3/2022 13:51,P25,1.72,0.44,1.67,0.006
7/3/2022 13:35,P14,2.73,0.36,2.53,0.009
7/3/2022 13:16,P26,1.91,0.42,1.86,0.006
7/3/2022 13:02,P6,2.05,0.38,1.98,0.004
7/3/2022 12:45,P22,3,0.16,2.8,0.005
7/3/2022 12:35,P20,2.09,0.37,2.07,0.005
7/3/2022 12:20,P23,2.03,0.33,1.98,0.007
7/3/2022 12:04,P27,2.15,0.32,2.14,0.005
7/3/2022 11:33,P2,2.22,0.3,2.17,0.006
7/3/2022 11:13,P15,2.37,0.28,2.34,0.005
7/3/2022 11:01,P19,1.85,0.4,1.82,0.007
7/3/2022 10:50,P31,2.63,0.25,2.52,0.006
7/3/2022 10:41,P12,3.01,0.18,2.89,0.005
7/3/2022 10:22,P11,2.92,0.16,2.82,0.006
7/3/2022 10:09,P16,2,0.39,1.94,0.006
7/3/2022 9:57,P30,2.28,0.3,2.2,0.005
7/3/2022 9:42,P18,2.32,0.28,2.21,0.006
7/3/2022 9:20,P4,2.79,0.2,2.77,0.005
7/3/2022 9:10,P5,2.75,0.22,2.69,0.006
7/3/2022 8:56,P5,4,0,3.64,0.005
7/3/2022 8:41,P29,2.12,0.17,2.03,0.005
7/3/2022 8:31,P7,1.56,0.28,1.51,0.005
7/3/2022 8:13,P17,1.44,0.29,1.33,0.005
7/3/2022 7:40,P28,2.83,0.18,2.78,0.007
7/3/2022 7:23,P1,3.36,0.16,3.08,0.006
7/3/2022 7:12,P8,3.64,0.1,3.33,0.006
7/2/2022 17:36,P13,3.74,0.29,3.46,0.005
7/2/2022 17:09,P33,1.62,0.45,1.6,0.015
7/2/2022 16:36,P34,1.48,0.41,1.42,0.022
7/2/2022 16:22,P35,2.04,0.38,2.04,0.005
7/2/2022 15:54,P32,1.7,0.43,1.53,0.005
7/2/2022 15:45,P10,3.52,0.14,3.18,0.005
7/2/2022 15:34,P9,3.66,0.1,3.37,0.005
7/2/2022 15:21,P3,3.16,0.22,3.05,0.005
7/2/2022 15:08,P21,3.22,0.23,3.12,0.004
7/2/2022 14:52,P24,2.2,0.41,2.09,0.006
7/2/2022 14:41,P25,1.83,0.43,1.68,0.006
7/2/2022 14:23,P14,2.89,0.31,2.62,0.005
7/2/2022 14:08,P26,1.84,0.43,1.79,0.005
7/2/2022 13:52,P6,1.98,0.4,1.93,0.005
7/2/2022 13:35,P22,3.31,0.28,3.17,0.005
7/2/2022 13:25,P20,2.22,0.41,2.15,0.005
7/2/2022 13:07,P23,2.57,0.24,2.49,0.006
7/2/2022 12:25,P27,2.13,0.33,2.07,0.005
7/2/2022 12:05,P2,2.32,0.32,2.22,0.006
7/2/2022 11:52,P15,2.55,0.3,2.47,0.006
7/2/2022 11:43,P19,1.87,0.36,1.76,0.005
7/2/2022 11:29,P31,3.2,0.19,3.16,0.006
7/2/2022 11:12,P12,3.6,0.2,3.32,0.004
7/2/2022 11:01,P11,3.41,0.21,3.3,0.005
7/2/2022 10:47,P16,3.27,0.22,3.21,0.006
7/2/2022 10:39,P30,2.26,0.34,2.1,0.005
7/2/2022 10:23,P18,2.08,0.38,2.01,0.005
7/2/2022 10:08,P4,2.67,0.24,0.48,0.005
7/2/2022 9:56,P5,2.68,0.26,2.57,0.005
7/2/2022 9:46,P5,3.65,0.06,3.49,0.004
7/2/2022 9:31,P29,1.66,0.23,1.56,0.005
7/2/2022 9:19,P7,1.58,0.27,1.48,0.004
7/2/2022 8:38,P17,0.71,0.38,0.63,0.007
7/2/2022 7:53,P28,3.33,0.21,3.07,0.005
7/2/2022 7:36,P1,3.44,0.24,3.32,0.004
7/2/2022 7:26,P8,3.51,0.22,3.03,0.005
7/1/2022 16:26,P33,2.38,0.48,2.26,0.004
7/1/2022 16:15,P13,3.59,0.38,3.35,0.006
7/1/2022 15:55,P34,1.23,0.4,1.12,0.027
7/1/2022 15:36,P35,2.37,0.34,2.21,0.006
7/1/2022 15:14,P32,1.52,0.4,1.5,0.003
7/1/2022 15:07,P10,3.55,0.19,3.43,0.005
7/1/2022 14:56,P9,3.91,0.18,3.63,0.005
7/1/2022 14:39,P3,3.29,0.17,3.15,0.006
7/1/2022 14:26,P21,3.17,0.17,3.06,0.005
7/1/2022 14:14,P24,2.2,0.39,2.14,0.006
7/1/2022 14:04,P25,1.9,0.42,1.76,0.004
7/1/2022 13:49,P14,2.29,0.3,2.24,0.005
7/1/2022 13:34,P26,1.67,0.39,1.63,0.005
7/1/2022 13:19,P6,1.74,0.36,1.7,0.004
7/1/2022 13:05,P22,3.38,0.18,3.09,0.006
7/1/2022 12:53,P20,2.44,0.37,2.35,0.005
7/1/2022 12:33,P23,2.39,0.3,2.27,0.006
7/1/2022 12:15,P27,1.71,0.39,1.64,0.006
7/1/2022 11:20,P2,1.87,0.38,1.8,0.005
7/1/2022 11:09,P15,2.41,0.3,2.36,0.006
7/1/2022 11:00,P19,1.93,0.33,1.88,0.006
7/1/2022 10:46,P31,2.78,0.28,2.68,0.005
7/1/2022 10:29,P12,3.32,0.2,3.22,0.005
7/1/2022 10:18,P11,3.23,0.23,3.14,0.005
7/1/2022 10:02,P16,2.63,0.31,2.55,0.006
7/1/2022 9:52,P30,2.79,0.29,2.54,0.005
7/1/2022 9:35,P18,2.27,0.34,2.19,0.005
7/1/2022 9:24,P4,3.14,0.26,3,0.005
7/1/2022 9:10,P5,2.96,0.29,2.86,0.005
7/1/2022 8:58,P5,4.27,0.01,3.92,0.005
7/1/2022 8:40,P29,2.24,0.21,2.04,0.006
7/1/2022 8:26,P7,1.7,0.28,1.53,0.004
7/1/2022 8:05,P17,1.56,0.24,1.4,0.007
7/1/2022 7:29,P28,3.09,0.26,2.95,0.007
7/1/2022 7:12,P1,2.34,0.34,2.26,0.004
7/1/2022 6:59,P8,3.79,0.15,3.51,0.006
6/30/2022 17:58,P13,3.73,0.29,3.37,0.005
6/30/2022 17:02,P33,1.58,0.37,1.46,0.005
6/30/2022 16:32,P31,3.36,0.27,3,0.005
6/30/2022 16:04,P34,1.15,0.42,1.07,0.029
6/30/2022 16:01,P35,2.11,0.31,1.93,0.005
6/30/2022 15:33,P32,1.51,0.43,1.4,0.005
6/30/2022 15:16,P10,3.33,0.33,3.04,0.006
6/30/2022 15:04,P9,3.73,0.17,3.31,0.006
6/30/2022 14:50,P3,3.05,0.36,2.98,0.006
6/30/2022 14:37,P21,3.07,0.3,2.91,0.006
6/30/2022 14:19,P24,2.02,0.38,1.93,0.005
6/30/2022 14:07,P25,1.55,0.39,1.51,0.005
6/30/2022 13:42,P14,2.51,0.34,2.26,0.005
6/30/2022 13:25,P26,2.2,0.37,2.02,0.004
6/30/2022 13:08,P6,1.88,0.37,1.84,0.005
6/30/2022 12:53,P22,3.15,0.27,2.94,0.006
6/30/2022 12:39,P20,2.15,0.37,2.05,0.006
6/30/2022 12:23,P23,2.37,0.33,2.22,0.004
6/30/2022 11:45,P27,2.05,0.39,1.95,0.005
6/30/2022 11:15,P2,2.28,0.33,2.19,0.005
6/30/2022 11:01,P15,2.61,0.37,2.46,0.005
6/30/2022 10:50,P19,1.81,0.32,1.72,0.005
6/30/2022 10:20,P12,3.69,0.25,3.34,0.004
6/30/2022 10:08,P11,3.5,0.24,3.31,0.004
6/30/2022 9:53,P16,1.78,0.38,1.67,0.004
6/30/2022 9:40,P30,2.99,0.35,2.66,0.005
6/30/2022 9:26,P18,2.25,0.35,2.2,0.005
6/30/2022 9:14,P4,2.27,0.36,2.22,0.004
6/30/2022 9:01,P5,2.31,0.35,2.19,0.004
6/30/2022 8:49,P5,3.42,0.21,3.22,0.004
6/30/2022 8:35,P29,1.88,0.19,1.73,0.004
6/30/2022 8:23,P7,1.36,0.26,1.29,0.005
6/30/2022 8:10,P17,1.22,0.26,1.08,0.004
6/30/2022 7:42,P28,3.21,0.28,2.91,0.007
6/30/2022 7:24,P1,2.13,0.36,1.98,0.004
6/30/2022 7:14,P8,4.1,0.24,3.68,0.005
6/29/2022 18:02,P13,1.65,0.42,1.56,0.004
6/29/2022 17:26,P33,1.84,0.34,1.68,0.006
6/29/2022 16:55,P34,1.17,0.39,1.09,0.026
6/29/2022 16:20,P32,1.92,0.35,1.75,0.004
6/29/2022 16:13,P10,3.58,0.25,3.18,0.004
6/29/2022 16:02,P9,3.84,0.18,3.36,0.004
6/29/2022 15:50,P3,3.3,0.21,2.97,0.005
6/29/2022 15:38,P21,3.05,0.24,2.73,0.004
6/29/2022 15:25,P24,2.09,0.42,1.93,0.005
6/29/2022 15:15,P25,1.69,0.38,1.55,0.005
6/29/2022 14:57,P14,2.67,0.35,2.4,0.005
6/29/2022 14:42,P26,2.27,0.4,2.03,0.005
6/29/2022 14:26,P6,1.99,0.42,1.85,0.005
6/29/2022 14:05,P22,3.1,0.28,2.83,0.005
6/29/2022 14:05,P22,3.1,0.28,2.83,0.05
6/29/2022 13:56,P20,1.96,0.37,1.81,0.006
6/29/2022 13:40,P23,2.33,0.34,2.15,0.006
6/29/2022 13:00,P27,1.8,0.36,1.69,0.008
6/29/2022 12:30,P2,2.19,0.4,2.02,0.006
6/29/2022 12:09,P15,2.38,0.3,2.29,0.007
6/29/2022 11:54,P19,1.67,0.39,1.55,0.006
6/29/2022 11:20,P31,2.97,0.23,2.73,0.006
6/29/2022 11:06,P12,3.38,0.27,3.07,0.005
6/29/2022 10:56,P11,3.18,0.31,2.99,0.008
6/29/2022 10:34,P16,3.01,0.34,2.79,0.007
6/29/2022 10:27,P30,3.01,0.38,2.68,0.007
6/29/2022 10:13,P18,2.16,0.37,1.95,0.008
6/29/2022 9:45,P4,2.96,0.36,2.78,0.007
6/29/2022 9:25,P5,2.57,0.34,2.36,0.005
6/29/2022 9:04,P5,3.59,0.15,3.34,0.006
6/29/2022 8:50,P29,2.05,0.29,1.84,0.005
6/29/2022 8:40,P7,1.25,0.37,1.16,0.007
6/29/2022 8:24,P17,1.25,0.33,1.15,0.006
6/29/2022 7:37,P28,3.06,0.26,2.22,0.009
6/29/2022 7:21,P1,2,0.37,1.87,0.007
6/29/2022 7:12,P8,3.57,0.21,3.11,0.006
6/28/2022 18:58,P13,2.94,0.37,2.63,0.007
6/28/2022 18:00,P33,1.76,0.39,1.67,0.006
6/28/2022 17:18,P34,1.26,0.46,1.12,0.009
6/28/2022 16:56,P35,2.34,0.41,2.13,0.005
6/28/2022 16:33,P32,2.91,0.38,2.63,0.004
6/28/2022 16:21,P10,3.51,0.17,3.07,0.005
6/28/2022 16:04,P9,3.58,0.19,3.1,0.006
6/28/2022 15:51,P3,3.12,0.26,2.83,0.005
6/28/2022 15:39,P21,3.15,0.34,2.81,0.006
6/28/2022 15:24,P24,2.01,0.42,1.82,0.004
6/28/2022 15:10,P25,1.6,0.38,1.46,0.001
6/28/2022 15:00,P14,2.63,0.31,2.52,0.007
6/28/2022 14:44,P26,1.97,0.38,1.8,0.005
6/28/2022 14:20,P6,1.92,0.34,1.77,0.006
6/28/2022 14:03,P22,2.91,0.24,2.61,0.004
6/28/2022 13:48,P20,1.93,0.31,1.75,0.005
6/28/2022 13:31,P23,2.07,0.34,1.94,0.005
6/28/2022 13:02,P27,1.83,0.39,1.67,0.005
6/28/2022 11:47,P2,2.23,0.31,2.07,0.004
6/28/2022 11:34,P15,2.44,0.3,2.29,0.005
6/28/2022 11:20,P19,1.82,0.33,1.7,0.005
6/28/2022 11:05,P31,2.92,0.27,2.67,0.005
6/28/2022 10:46,P12,3.1,0.25,2.82,0.004
6/28/2022 10:35,P11,3.12,0.3,2.86,0.004
6/28/2022 10:12,P16,1.65,0.44,1.54,0.004
6/28/2022 10:00,P30,2.91,0.31,2.59,0.006
6/28/2022 9:48,P18,2.04,0.39,1.99,0.006
6/28/2022 9:30,P4,2.85,0.27,2.62,0.006
6/28/2022 9:20,P5,2.48,0.34,2.3,0.005
6/28/2022 9:01,P5,3.57,0.1,3.03,0.005
6/28/2022 8:51,P29,2,0.33,1.82,0.005
6/28/2022 8:41,P7,1.28,0.32,1.22,0.005
6/28/2022 8:14,P17,1.35,0.35,1.22,0.005
6/28/2022 7:32,P28,3.24,0.27,2.98,0.007
6/28/2022 7:18,P1,2.17,0.34,2.03,0.005
6/28/2022 7:02,P8,3.72,0.16,3.21,0.006
6/27/2022 18:30,P13,3.5,0.33,2.98,0.006
6/27/2022 17:20,P33,1.93,0.36,1.77,0.006
6/27/2022 16:40,P34,1.43,0.47,1.31,0.011
6/27/2022 16:27,P35,2.22,0.28,1.98,0.007
6/27/2022 16:07,P32,1.94,0.36,1.77,0.005
6/27/2022 15:53,P10,3.25,0.21,2.84,0.006
6/27/2022 15:41,P9,3.7,0.18,3.23,0.006
6/27/2022 15:31,P3,3.13,0.19,2.86,0.007
6/27/2022 15:19,P21,3.2,0.19,2.8,0.005
6/27/2022 15:05,P24,2,0.43,1.8,0.007
6/27/2022 14:54,P25,1.64,0.36,1.56,0.007
6/27/2022 14:41,P14,2.61,0.29,2.36,0.006
6/27/2022 14:28,P26,2.12,0.32,1.96,0.005
6/27/2022 14:10,P6,1.96,0.36,1.9,0.006
6/27/2022 13:55,P22,2.97,0.26,2.6,0.007
6/27/2022 13:41,P20,2.27,0.33,2.1,0.005
6/27/2022 13:25,P23,2.26,0.32,2.1,0.005
6/27/2022 12:54,P27,1.98,0.36,1.88,0.008
6/27/2022 11:55,P2,2.34,0.29,2.14,0.006
6/27/2022 11:38,P15,2.58,0.25,2.37,0.005
6/27/2022 11:20,P19,1.9,0.35,1.75,0.008
6/27/2022 11:04,P31,3.13,0.2,2.86,0.006
6/27/2022 10:53,P12,3.46,0.16,3.06,0.007
6/27/2022 10:39,P11,3.25,0.19,2.94,0.005
6/27/2022 10:27,P16,1.6,0.38,1.5,0.005
6/27/2022 10:18,P30,3.15,0.21,2.73,0.006
6/27/2022 10:01,P18,2.31,0.31,2.9,0.008
6/27/2022 9:45,P4,3.01,0.22,2.74,0.007
6/27/2022 9:37,P5,2.53,0.32,2.3,0.005
6/27/2022 9:18,P5,3.69,0.08,3.38,0.005
6/27/2022 9:04,P29,1.65,0.39,1.5,0.006
6/27/2022 8:40,P7,1.24,0.3,1.18,0.006
6/27/2022 8:25,P17,1.14,0.29,1.05,0.006
6/27/2022 7:44,P28,3.26,0.21,2.91,0.007
6/27/2022 7:27,P1,2.17,0.33,2.01,0.006
6/27/2022 7:14,P8,3.89,0.17,3.28,0.005
6/26/2022 17:20,P13,1.71,0.44,1.64,0.007
6/26/2022 16:35,P33,2.38,0.47,2.18,0.008
6/26/2022 15:55,P34,1.55,0.48,1.37,0.012
6/26/2022 15:42,P35,2.47,0.39,2.28,0.006
6/26/2022 15:20,P32,1.85,0.4,1.7,0.007
6/26/2022 15:06,P10,3.27,0.21,2.83,0.006
6/26/2022 14:55,P9,3.74,0.15,3.23,0.005
6/26/2022 14:44,P3,3.14,0.22,2.74,0.006
6/26/2022 14:36,P21,3.14,0.22,2.74,0.006
6/26/2022 14:19,P24,2.1,0.38,1.92,0.006
6/26/2022 14:07,P25,1.77,0.4,1.61,0.007
6/26/2022 13:52,P14,2.79,0.31,2.55,0.007
6/26/2022 13:39,P26,2.18,0.41,2.05,0.007
6/26/2022 13:16,P6,2.07,0.45,1.98,0.008
6/26/2022 13:05,P22,3.07,0.28,2.73,0.006
6/26/2022 12:50,P20,2.1,0.39,1.93,0.007
6/26/2022 12:34,P23,2.16,0.35,2.04,0.006
6/26/2022 12:09,P27,1.57,0.43,1.47,0.007
6/26/2022 11:09,P2,2.31,0.35,2.21,0.007
6/26/2022 10:59,P15,2.56,0.34,2.31,0.005
6/26/2022 10:43,P19,1.85,0.46,1.76,0.005
6/26/2022 10:33,P31,3.18,0.36,2.96,0.007
6/26/2022 10:23,P12,3.7,0.35,2.91,0.005
6/26/2022 10:13,P11,3.17,0.3,2.81,0.002
6/26/2022 10:03,P16,1.69,0.35,1.55,0.008
6/26/2022 9:52,P30,1.82,0.46,1.6,0.01
6/26/2022 9:38,P18,2.1,0.45,1.92,0.006
6/26/2022 9:26,P4,2.99,0.39,2.72,0.006
6/26/2022 9:16,P5,2.83,0.32,2.56,0.006
6/26/2022 8:59,P5,4.25,0.09,3.85,0.011
6/26/2022 8:36,P29,2.47,0.31,2.21,0.007
6/26/2022 8:29,P7,1.3,0.35,1.21,0.007
6/26/2022 8:15,P17,1.1,0.38,1.04,0.006
6/26/2022 7:31,P28,3.1,0.3,2.77,0.006
6/26/2022 7:21,P1,3.72,0.2,3.33,0.005
6/26/2022 7:09,P8,3.45,0.21,3.46,0.007
6/25/2022 17:57,P4,2.93,0.36,2.68,0.007
6/25/2022 17:46,P5,2.74,0.4,2.59,0.005
6/25/2022 17:34,P5,3.7,0.21,3.47,0.006
6/25/2022 16:49,P13,3.43,0.32,3.03,0.008
6/25/2022 16:21,P33,2.41,0.52,2.35,0.006
6/25/2022 15:48,P34,1.53,0.48,1.47,0.022
6/25/2022 15:37,P35,2.51,0.46,2.28,0.005
6/25/2022 15:15,P32,2.5,0.45,2.43,0.006
6/25/2022 15:03,P10,3.96,0.22,3.78,0.007
6/25/2022 14:53,P9,3.89,0.18,3.3,0.006
6/25/2022 14:40,P3,3.45,0.37,3.05,0.007
6/25/2022 14:30,P21,3.8,0.31,3.04,0.008
6/25/2022 14:20,P24,2.42,0.47,2.34,0.008
6/25/2022 14:10,P25,2.5,0.45,2.36,0.01
6/25/2022 13:53,P14,2.61,0.32,2.35,0.006
6/25/2022 13:15,P26,2.21,0.46,2.11,0.007
6/25/2022 13:05,P6,2.48,0.43,2.45,0.009
6/25/2022 12:51,P22,3.12,0.28,2.85,0.006
6/25/2022 12:39,P20,2.63,0.43,2.49,0.006
6/25/2022 11:47,P23,2.09,0.39,2,0.007
6/25/2022 11:35,P27,1.91,0.38,1.68,0.008
6/25/2022 11:12,P2,2.32,0.34,2.24,0.005
6/25/2022 11:01,P15,2.68,0.25,2.49,0.005
6/25/2022 10:40,P19,1.83,0.46,1.68,0.007
6/25/2022 10:30,P31,3.21,0.36,2.93,0.006
6/25/2022 10:20,P12,3.45,0.25,3.21,0.005
6/25/2022 10:10,P11,3.26,0.28,2.98,0.005
6/25/2022 9:59,P16,1.79,0.36,1.68,0.007
6/25/2022 9:48,P30,3.18,0.32,2.77,0.006
6/25/2022 9:37,P18,2.35,0.31,2.16,0.006
6/25/2022 9:04,P29,2.44,0.22,2.14,0.006
6/25/2022 8:49,P7,1.32,0.35,1.22,0.005
6/25/2022 8:29,P17,1.11,0.42,1.08,0.006
6/25/2022 7:45,P28,3.12,0.31,2.94,0.006
6/25/2022 7:36,P1,3.77,0.31,3.35,0.005
6/25/2022 7:20,P8,3.97,0.25,3.5,0.006
6/24/2022 18:10,P13,3.78,0.34,3.34,0.007
6/24/2022 16:45,P33,1.61,0.46,1.6,0.009
6/24/2022 15:53,P34,1.46,0.43,1.45,0.011
6/24/2022 15:39,P35,2.49,0.41,2.37,0.007
6/24/2022 15:13,P32,1.96,0.46,1.91,0.007
6/24/2022 15:03,P10,3.88,0.25,3.44,0.007
6/24/2022 14:53,P9,3.93,0.26,3.35,0.006
6/24/2022 14:37,P3,3.3,0.26,2.99,0.006
6/24/2022 14:24,P21,3.32,0.29,2.93,0.006
6/24/2022 14:13,P24,2.08,0.39,1.88,0.008
6/24/2022 14:02,P25,1.92,0.39,1.79,0.008
6/24/2022 13:52,P14,2.55,0.28,2.38,0.005
6/24/2022 13:36,P26,2.29,0.46,2.22,0.008
6/24/2022 13:17,P6,1.91,0.41,1.83,0.009
6/24/2022 13:00,P22,3.15,0.32,2.86,0.005
6/24/2022 12:41,P20,1.88,0.45,1.82,0.008
6/24/2022 12:27,P23,2.2,0.46,2,0.007
6/24/2022 12:02,P27,1.92,0.39,1.86,0.007
6/24/2022 11:13,P2,1.91,0.38,1.78,0.007
6/24/2022 11:03,P15,2.45,0.27,2.3,0.008
6/24/2022 10:44,P19,1.89,0.38,1.77,0.006
6/24/2022 10:30,P31,3.14,0.33,2.87,0.009
6/24/2022 10:21,P12,3.36,0.24,3.11,0.006
6/24/2022 10:08,P11,3.26,0.23,2.93,0.006
6/24/2022 9:58,P16,1.75,0.38,1.6,0.007
6/24/2022 9:48,P30,3.23,0.22,2.81,0.004
6/24/2022 9:35,P18,2.11,0.28,1.96,0.005
6/24/2022 9:20,P29,2.04,0.36,1.85,0.004
6/24/2022 9:00,P7,1.3,0.3,1.18,0.007
6/24/2022 9:00,P7,1.3,0.3,1.18,0.07
6/24/2022 8:49,P17,1.33,0.26,1.21,0.007
6/24/2022 8:11,P4,2.23,0.3,2.07,0.007
6/24/2022 8:01,P5,2.19,0.34,0.9,0.006
6/24/2022 7:51,P5,3.21,0.18,2.96,0.006
6/24/2022 7:36,P28,3,0.27,2.89,0.007
6/24/2022 7:26,P1,2.41,0.46,2.2414,0.007
6/24/2022 7:15,P8,3.97,0.3,3.5,0.006
6/23/2022 18:21,P13,1.86,0.39,1.86,0.006
6/23/2022 17:39,P33,1.93,0.46,1.85,0.009
6/23/2022 16:53,P34,1.55,0.47,1.41,0.011
6/23/2022 16:39,P35,2.56,0.37,2.38,0.008
6/23/2022 16:06,P32,1.81,0.44,1.64,0.005
6/23/2022 15:56,P10,3.81,0.24,3.81,0.007
6/23/2022 15:42,P9,3.66,0.23,3.66,0.008
6/23/2022 15:26,P3,2.76,0.31,2.76,0.005
6/23/2022 15:11,P21,2.39,0.4,2.19,0.007
6/23/2022 15:03,P24,2.09,0.4,1.9,0.006
6/23/2022 14:51,P25,1.86,0.47,1.73,0.007
6/23/2022 14:36,P14,2.45,0.38,2.45,0.007
6/23/2022 14:23,P26,1.94,0.46,1.79,0.005
6/23/2022 13:58,P6,2.99,0.45,2.99,0.006
6/23/2022 13:45,P22,2.01,0.34,1.91,0.005
6/23/2022 13:34,P20,2.13,0.4,1.96,0.007
6/23/2022 13:19,P23,2.23,0.45,2.08,0.009
6/23/2022 12:51,P27,1.84,0.42,1.71,0.007
6/23/2022 11:20,P2,1.8,0.38,1.8,0.007
6/23/2022 11:08,P15,2.42,0.35,2.42,0.007
6/23/2022 10:55,P19,1.85,0.43,1.67,0.006
6/23/2022 10:46,P31,3.07,0.24,2.84,0.006
6/23/2022 10:36,P12,3.11,0.26,3.11,0.007
6/23/2022 10:24,P11,3.15,0.24,3.15,0.007
6/23/2022 10:14,P16,1.91,0.35,1.91,0.006
6/23/2022 9:58,P30,3.04,0.4,2.67,0.01
6/23/2022 9:46,P18,2.04,0.4,1.85,0.005
6/23/2022 9:32,P4,2.84,0.29,2.84,0.005
6/23/2022 9:19,P5,2.44,0.34,2.44,0.006
6/23/2022 9:04,P5,3.63,0.1,3.63,0.005
6/23/2022 8:53,P29,2.02,0.22,1.81,0.009
6/23/2022 8:43,P7,1.81,0.26,1.81,0.007
6/23/2022 8:31,P17,1.67,0.043,1.52,0.007
6/23/2022 7:43,P28,3.11,0.27,2.75,0.005
6/23/2022 7:34,P1,2.6,0.4,2.6,0.007
6/23/2022 7:20,P8,3.89,0.22,3.89,0.007
6/22/2022 17:25,P13,3.49,0.24,3.11,0.006
6/22/2022 16:02,P33,2.34,0.34,2.15,0.007
6/22/2022 15:32,P34,1.92,0.46,1.72,0.011
6/22/2022 15:19,P35,2.72,0.37,2.46,0.006
6/22/2022 14:55,P32,2.15,0.43,2,0.007
6/22/2022 14:45,P10,3.57,0.26,3.08,0.007
6/22/2022 14:31,P9,3.95,0.2,3.36,0.006
6/22/2022 14:19,P3,3.17,0.19,2.9,0.006
6/22/2022 14:08,P21,3.18,0.2,2.91,0.006
6/22/2022 13:57,P24,2.38,0.35,2.25,0.006
6/22/2022 13:46,P25,1.98,0.41,1.88,0.007
6/22/2022 13:27,P14,3.08,0.33,2.97,0.006
6/22/2022 13:13,P26,2.68,0.34,2.51,0.006
6/22/2022 12:35,P6,2.31,0.37,2.16,0.005
6/22/2022 12:20,P22,3.13,0.24,2.74,0.006
6/22/2022 12:01,P20,2.44,0.39,2.26,0.008
6/22/2022 11:40,P23,2.12,0.35,1.95,0.008
6/22/2022 11:25,P27,1.79,0.36,1.69,0.005
6/22/2022 11:09,P2,1.18,0.38,1.76,0.007
6/22/2022 10:56,P15,2.55,0.29,2.36,0.009
6/22/2022 10:42,P19,1.85,0.37,1.71,0.006
6/22/2022 10:30,P31,3.12,0.21,2.86,0.007
6/22/2022 10:19,P12,3.41,0.17,3.11,0.005
6/22/2022 10:09,P11,3.24,0.2,2.89,0.006
6/22/2022 9:59,P16,2.16,0.34,2.01,0.008
6/22/2022 9:45,P30,3.17,0.22,2.75,0.008
6/22/2022 9:33,P18,2.15,0.3,1.97,0.006
6/22/2022 9:21,P4,3.22,0.27,2.86,0.005
6/22/2022 9:11,P5,2.92,0.23,2.69,0.006
6/22/2022 8:59,P5,4.12,0.01,3.69,0.011
6/22/2022 8:46,P29,2.21,0.35,2.11,0.008
6/22/2022 8:29,P7,1.79,0.24,1.6,0.007
6/22/2022 8:16,P17,1.22,0.34,1.11,0.006
6/22/2022 7:35,P28,3.17,0.21,2.85,0.009
6/22/2022 7:23,P1,2.52,0.33,2.34,0.006
6/22/2022 7:10,P8,3.58,0.37,3.19,0.008
6/21/2022 18:30,P13,1.89,0.42,1.83,0.011
6/21/2022 17:24,P33,2.03,0.43,1.9,0.008
6/21/2022 16:51,P34,1.63,0.43,1.49,0.023
6/21/2022 16:30,P35,2.69,0.34,2.46,0.008
6/21/2022 15:59,P32,1.92,0.48,1.8,0.008
6/21/2022 15:50,P10,3.52,0.19,3.111,0.012
6/21/2022 15:37,P9,3.85,0.14,3.31,0.004
6/21/2022 15:16,P3,2.72,0.26,2.49,0.011
6/21/2022 15:05,P21,1.99,0.36,1.92,0.006
6/21/2022 14:50,P24,2.36,0.38,2.2,0.007
6/21/2022 14:39,P25,1.93,0.43,1.86,0.007
6/21/2022 14:21,P14,2.81,0.32,2.66,0.007
6/21/2022 14:03,P26,2.12,0.39,2.03,0.008
6/21/2022 13:48,P6,2.17,0.4,2.08,0.006
6/21/2022 13:32,P22,2,0.35,1.88,0.006
6/21/2022 13:20,P20,2.22,0.39,2.12,0.007
6/21/2022 13:05,P23,2.27,0.41,2.18,0.006
6/21/2022 12:32,P27,2.07,0.37,1.99,0.007
6/21/2022 12:02,P2,1.72,0.43,1.7,0.008
6/21/2022 11:50,P15,2.45,0.34,2.38,0.006
6/21/2022 11:32,P19,1.85,0.39,1.77,0.008
6/21/2022 11:16,P31,3.21,0.28,2.92,0.007
6/21/2022 10:59,P12,3.41,0.23,3.02,0.006
6/21/2022 10:45,P11,3.3,0.23,3.12,0.006
6/21/2022 10:30,P16,2.21,0.39,2.12,0.006
6/21/2022 10:03,P30,1.62,0.4,1.49,0.008
6/21/2022 9:47,P18,2.18,0.34,2.13,0.009
6/21/2022 9:22,P4,2.73,0.27,2.56,0.007
6/21/2022 9:19,P5,2.36,0.34,2.29,0.011
6/21/2022 9:06,P5,3.5,0.08,3.31,0.009
6/21/2022 8:40,P29,2.16,0.27,2.03,0.006
6/21/2022 8:28,P7,1.51,0.3,1.41,0.006
6/21/2022 8:14,P17,1.26,0.33,1.16,0.008
6/21/2022 7:37,P28,3.06,0.29,2.81,0.009
6/21/2022 7:18,P1,2.43,0.35,2.23,0.007
6/21/2022 7:05,P8,3.57,0.2,3.14,0.007
6/20/2022 18:02,P13,3.36,0.33,3.05,0.007
6/20/2022 17:13,P33,2.07,0.43,1.91,0.006
6/20/2022 16:30,P34,1.3,0.46,1.05,0.031
6/20/2022 16:12,P35,2.67,0.37,2.44,0.006
6/20/2022 15:42,P32,2.03,0.39,1.86,0.004
6/20/2022 15:31,P10,3.72,0.38,3.28,0.007
6/20/2022 15:21,P9,4.1,0.27,3.65,0.006
6/20/2022 15:10,P3,3.68,0.31,3.25,0.006
6/20/2022 14:58,P21,3.42,0.33,3.09,0.005
6/20/2022 14:45,P24,2.1,0.45,1.93,0.009
6/20/2022 14:34,P25,2.01,0.44,1.86,0.007
6/20/2022 14:16,P14,3.03,0.4,2.76,0.005
6/20/2022 13:56,P26,2.22,0.37,2.04,0.006
6/20/2022 13:38,P6,2.22,0.47,2.06,0.006
6/20/2022 13:18,P22,3.22,0.31,2.81,0.006
6/20/2022 13:04,P20,2.16,0.41,1.97,0.006
6/20/2022 12:40,P23,2.43,0.37,2.23,0.005
6/20/2022 12:22,P27,2.09,0.44,1.92,0.009
6/20/2022 11:43,P19,1.82,0.44,1.66,0.006
6/20/2022 11:28,P31,3.09,0.37,2.8,0.007
6/20/2022 10:51,P11,3.42,0.29,3.16,0.007
6/20/2022 10:36,P16,2.1,0.42,1.93,0.005
6/20/2022 10:25,P30,3.2,0.26,2.65,0.007
6/20/2022 10:13,P2,2.14,0.42,2.12,0.006
6/20/2022 10:11,P12,3.57,0.35,3.18,0.007
6/20/2022 9:53,P15,2.95,0.32,2.24,0.005
6/20/2022 9:35,P18,2.21,0.33,2,0.008
6/20/2022 9:15,P4,2.82,0.24,2.62,0.005
6/20/2022 9:03,P5,2.49,0.34,2.28,0.007
6/20/2022 8:51,P5,3.72,0.06,3.42,0.005
6/20/2022 8:37,P29,2.12,0.23,1.91,0.006
6/20/2022 8:25,P7,1.4,0.3,1.32,0.006
6/20/2022 8:15,P17,1.43,0.23,1.28,0.007
6/20/2022 7:43,P28,3.01,0.26,2.75,0.007
6/20/2022 7:09,P1,2.19,0.35,2.06,0.005
6/20/2022 6:57,P8,4.26,0.18,3.59,0.006
6/19/2022 16:51,P13,1.92,0.4,1.86,0.006
6/19/2022 16:22,P33,1.87,0.46,1.72,0.007
6/19/2022 15:52,P34,1.36,0.42,1.29,0.02
6/19/2022 15:37,P35,2.36,0.33,2.21,0.006
6/19/2022 15:13,P32,1.76,0.41,1.67,0.006
6/19/2022 15:06,P10,3.52,0.26,3.03,0.006
6/19/2022 14:53,P9,3.93,0.17,3.42,0.005
6/19/2022 14:38,P3,3.46,0.31,3.09,0.008
6/19/2022 14:28,P21,3.49,0.2,3.16,0.005
6/19/2022 14:19,P24,2.43,0.37,2.26,0.005
6/19/2022 14:07,P25,1.9,0.4,1.72,0.006
6/19/2022 13:49,P14,3.17,0.36,2.91,0.005
6/19/2022 13:32,P26,2.18,0.41,1.95,0.007
6/19/2022 13:13,P6,2.29,0.37,2.14,0.005
6/19/2022 13:00,P22,3.45,0.23,3.01,0.006
6/19/2022 12:47,P20,2.61,0.37,2.4,0.008
6/19/2022 12:30,P23,2.4,0.31,2.18,0.006
6/19/2022 12:12,P27,1.74,0.36,1.59,0.007
6/19/2022 11:43,P2,2.31,0.36,2.1,0.006
6/19/2022 11:29,P15,2.48,0.29,2.31,0.006
6/19/2022 11:12,P19,1.85,0.35,1.66,0.006
6/19/2022 10:57,P31,3.17,0.23,2.8,0.005
6/19/2022 10:47,P12,3.45,0.2,3.12,0.005
6/19/2022 10:36,P11,3.29,0.21,2.94,0.006
6/19/2022 10:23,P16,2.06,0.37,1.88,0.005
6/19/2022 10:12,P30,1.85,0.41,1.59,0.006
6/19/2022 9:58,P18,2.32,0.33,2.09,0.006
6/19/2022 9:29,P4,2.33,0.34,2.09,0.007
6/19/2022 9:17,P5,2.17,0.34,1.98,0.006
6/19/2022 9:05,P5,3.43,0.07,3.19,0.007
6/19/2022 8:50,P29,2.15,0.21,1.92,0.005
6/19/2022 8:40,P7,1.51,0.32,1.37,0.006
6/19/2022 8:20,P17,1.43,0.28,1.39,0.006
6/19/2022 7:45,P28,3.16,0.25,2.8,0.008
6/19/2022 7:28,P1,2.29,0.33,2.11,0.005
6/19/2022 7:18,P8,3.76,0.27,3.28,0.005
6/18/2022 17:42,P13,4.03,0.23,3.64,0.007
6/18/2022 17:14,P33,1.78,0.41,1.74,0.007
6/18/2022 16:40,P34,1.48,0.39,1.35,0.028
6/18/2022 16:19,P35,2.5,0.34,2.34,0.006
6/18/2022 15:55,P32,2.16,0.4,2.09,0.007
6/18/2022 15:46,P10,2.62,0.37,2.35,0.006
6/18/2022 15:35,P9,3.64,0.21,3.16,0.007
6/18/2022 15:19,P3,3.08,0.29,2.72,0.007
6/18/2022 15:04,P21,2.98,0.24,2.62,0.007
6/18/2022 14:42,P24,2.39,0.37,2.21,0.009
6/18/2022 14:30,P25,2.02,0.36,2,0.007
6/18/2022 14:13,P14,2.53,0.38,2.43,0.005
6/18/2022 13:58,P26,2.1,0.41,1.99,0.006
6/18/2022 13:42,P6,2.23,0.38,2.17,0.004
6/18/2022 13:26,P22,2.57,0.32,2.28,0.006
6/18/2022 13:16,P20,2.3,0.42,2.27,0.007
6/18/2022 12:59,P23,2.32,0.38,2.1,0.006
6/18/2022 12:37,P27,1.88,0.35,1.72,0.006
6/18/2022 12:04,P2,2.22,0.37,2.09,0.007
6/18/2022 11:50,P15,2.56,0.36,2.28,0.007
6/18/2022 11:41,P19,1.86,0.38,1.78,0.006
6/18/2022 11:27,P31,3.08,0.27,2.74,0.006
6/18/2022 11:15,P12,3.44,0.19,3.02,0.006
6/18/2022 10:57,P11,3.19,0.2,2.8,0.009
6/18/2022 10:44,P16,3.08,0.23,2.81,0.007
6/18/2022 10:31,P30,3.08,0.43,2.54,0.005
6/18/2022 10:18,P18,1.76,0.32,1.58,0.008
6/18/2022 9:55,P4,2.96,0.23,2.71,0.008
6/18/2022 9:40,P5,2.69,0.28,2.52,0.006
6/18/2022 9:28,P5,4.01,0.02,3.65,0.007
6/18/2022 9:13,P29,2.17,0.26,1.97,0.009
6/18/2022 9:04,P7,1.62,0.27,1.72,0.006
6/18/2022 8:46,P17,1.4,0.31,1.29,0.006
6/18/2022 8:07,P28,2.85,0.26,2.45,0.007
6/18/2022 7:48,P1,3.4,0.21,2.88,0.005
6/18/2022 7:39,P8,4.04,0.1,3.39,0.007
6/17/2022 17:51,P33,2.12,0.46,2.08,0.007
6/17/2022 17:15,P34,1.7,0.37,1.57,0.016
6/17/2022 17:01,P35,2.64,0.32,2.54,0.007
6/17/2022 16:33,P32,2.17,0.36,2.1,0.007
6/17/2022 16:24,P10,3.5,0.17,2.94,0.002
6/17/2022 16:23,P13,3.65,0.22,3.23,0.01
6/17/2022 16:05,P9,3.89,0.18,3.18,0.007
6/17/2022 15:51,P3,3.29,0.18,2.77,0.006
6/17/2022 15:38,P21,3.24,0.19,2.81,0.005
6/17/2022 15:12,P24,1.81,0.32,1.73,0.007
6/17/2022 14:55,P25,1.62,0.31,1.51,0.007
6/17/2022 14:35,P14,3.11,0.42,2.9,0.006
6/17/2022 14:17,P26,1.9,0.37,1.77,0.006
6/17/2022 13:56,P6,2.02,0.35,1.92,0.005
6/17/2022 13:41,P22,3.14,0.26,2.7,0.015
6/17/2022 13:28,P20,2.11,0.34,1.92,0.007
6/17/2022 13:10,P23,2.43,0.33,2.16,0.006
6/17/2022 12:49,P27,2.16,0.42,2,0.007
6/17/2022 11:26,P2,2.36,0.36,2.22,0.006
6/17/2022 11:04,P15,2.77,0.27,2.69,0.005
6/17/2022 10:49,P19,2.15,0.4,1.97,0.006
6/17/2022 10:30,P31,3.29,0.24,2.97,0.005
6/17/2022 10:14,P12,3.66,0.22,3.09,0.005
6/17/2022 10:04,P11,3.5,0.24,3.02,0.006
6/17/2022 9:50,P16,2.42,0.35,2.26,0.006
6/17/2022 9:44,P30,2.6,0.3,2.42,0.005
6/17/2022 9:25,P18,2.36,0.43,2.21,0.007
6/17/2022 9:12,P4,3.16,0.26,2.86,0.005
6/17/2022 9:02,P5,2.66,0.32,2.49,0.006
6/17/2022 8:49,P5,3.85,0.15,3.56,0.006
6/17/2022 8:34,P29,2.52,0.21,2.27,0.006
6/17/2022 8:23,P7,1.62,0.29,1.54,0.007
6/17/2022 8:13,P17,1.61,0.31,1.43,0.006
6/17/2022 7:39,P28,3.46,0.23,3.05,0.007
6/17/2022 7:22,P1,2.41,0.35,2.28,0.005
6/17/2022 7:12,P8,3.64,0.21,3.1,0.006
6/16/2022 18:05,P13,2.88,0.22,2.58,0.007
6/16/2022 17:09,P33,1.72,0.39,1.68,0.008
6/16/2022 16:33,P34,1.36,0.42,1.23,0.026
6/16/2022 16:19,P35,3.02,0.42,2.92,0.005
6/16/2022 15:47,P32,2.35,0.37,2.26,0.005
6/16/2022 15:39,P10,3.89,0.2,3.37,0.005
6/16/2022 15:28,P9,4.41,0.13,3.66,0.006
6/16/2022 15:13,P3,3.85,0.18,3.38,0.008
6/16/2022 15:03,P21,3.61,0.32,3.29,0.006
6/16/2022 14:47,P24,1.94,0.3,1.89,0.006
6/16/2022 14:35,P25,1.69,0.36,1.65,0.006
6/16/2022 14:13,P14,3.36,0.35,3.27,0.008
6/16/2022 13:56,P26,2.64,0.35,2.45,0.007
6/16/2022 13:37,P6,2.09,0.35,2.04,0.005
6/16/2022 13:20,P22,3.53,0.21,3.35,0.005
6/16/2022 13:06,P20,1.78,0.43,1.75,0.008
6/16/2022 12:46,P23,2.49,0.43,2.32,0.004
6/16/2022 12:28,P27,2.5,0.46,2.33,0.006
6/16/2022 11:23,P15,2.7,0.35,2.61,0.004
6/16/2022 11:07,P19,2.09,0.4,2.05,0.008
6/16/2022 10:48,P31,3.26,0.28,3,0.005
6/16/2022 10:38,P12,3.78,0.21,3.37,0.006
6/16/2022 10:23,P11,3.62,0.23,3.3,0.006
6/16/2022 10:10,P16,3.24,0.26,2.97,0.006
6/16/2022 9:59,P30,3.27,0.27,2.76,0.007
6/16/2022 9:43,P18,2.69,0.38,2.99,0.006
6/16/2022 9:24,P5,4.26,0.11,3.93,0.006
6/16/2022 9:11,P5,3.16,0.32,3,0.006
6/16/2022 8:59,P4,3.25,0.38,3.02,0.006
6/16/2022 8:42,P29,1.04,0.34,0.93,0.01
6/16/2022 8:28,P7,1.83,0.28,1.7,0.005
6/16/2022 8:15,P17,1.24,0.32,1.08,0.006
6/16/2022 7:41,P28,3.21,0.29,2.87,0.008
6/16/2022 7:26,P1,2.33,0.37,2.15,0.005
6/16/2022 7:16,P8,4.51,0.19,3.82,0.005
6/15/2022 17:01,P13,3.24,0.22,2.91,0.006
6/15/2022 16:08,P33,2.06,0.41,1.91,0.007
6/15/2022 15:33,P34,1.39,0.44,1.26,0.024
6/15/2022 15:21,P35,2.45,0.34,2.26,0.006
6/15/2022 14:57,P32,1.97,0.33,1.85,0.006
6/15/2022 14:50,P10,4.01,0.32,3.53,0.007
6/15/2022 14:40,P9,4.41,0.29,4,0.006
6/15/2022 14:21,P3,3.66,0.25,3.45,0.006
6/15/2022 14:14,P21,3.6,0.26,3.32,0.005
6/15/2022 14:02,P24,2.11,0.31,1.99,0.009
6/15/2022 13:53,P25,2.07,0.37,1.94,0.006
6/15/2022 13:37,P14,2.72,0.28,2.53,0.005
6/15/2022 13:21,P26,2.38,0.32,2.16,0.006
6/15/2022 13:06,P6,2.15,0.36,2.01,0.006
6/15/2022 12:49,P22,3.18,0.28,2.88,0.006
6/15/2022 12:41,P20,2.08,0.31,2.01,0.006
6/15/2022 12:23,P23,2.73,0.27,2.56,0.008
6/15/2022 12:09,P27,1.99,0.35,1.87,0.006
6/15/2022 11:47,P2,2.45,0.37,2.28,0.007
6/15/2022 11:35,P15,2.7,0.28,2.51,0.005
6/15/2022 11:24,P19,1.93,0.36,1.8,0.006
6/15/2022 11:10,P31,3.41,0.23,3.09,0.006
6/15/2022 10:59,P12,3.92,0.25,3.45,0.006
6/15/2022 10:47,P11,3.92,0.23,3.48,0.004
6/15/2022 10:28,P16,3.39,0.2,3.13,0.006
6/15/2022 10:19,P30,3.4,0.23,2.93,0.008
6/15/2022 10:01,P18,2.43,0.31,2.32,0.007
6/15/2022 9:43,P4,3.12,0.28,2.83,0.005
6/15/2022 9:31,P5,2.76,0.32,2.58,0.006
6/15/2022 9:16,P5,3.92,0.05,3.63,0.006
6/15/2022 8:42,P29,1.92,0.25,1.75,0.006
6/15/2022 8:28,P7,1.61,0.31,1.5,0.004
6/15/2022 8:09,P17,1.09,0.43,0.9,0.008
6/15/2022 7:37,P28,3.06,0.31,2.8,0.007
6/15/2022 7:19,P1,2.23,0.29,2.09,0.006
6/15/2022 7:12,P8,4.68,0.21,4.07,0.007
6/14/2022 18:25,P13,3.2,0.21,2.91,0.006
6/14/2022 17:02,P33,1.9,0.42,1.69,0.009
6/14/2022 16:26,P34,1.49,0.4,1.29,0.012
6/14/2022 16:11,P35,2.57,0.28,2.37,0.007
6/14/2022 15:47,P32,2.9,0.34,2.65,0.006
6/14/2022 15:36,P10,3.92,0.23,3.44,0.005
6/14/2022 15:23,P9,4.39,0.2,3.86,0.007
6/14/2022 15:12,P3,3.61,0.37,3.21,0.007
6/14/2022 15:01,P21,3.51,0.22,3.14,0.008
6/14/2022 14:51,P24,2.1,0.29,1.94,0.007
6/14/2022 14:39,P25,1.9,0.4,1.77,0.006
6/14/2022 13:54,P14,2.74,0.38,2.54,0.007
6/14/2022 13:39,P26,1.93,0.32,1.8,0.007
6/14/2022 13:15,P6,2,0.42,1.88,0.007
6/14/2022 12:54,P22,3.24,0.1,2.89,0.005
6/14/2022 12:43,P20,1.99,0.39,1.71,0.007
6/14/2022 12:27,P23,2.25,0.27,2.3,0.007
6/14/2022 11:58,P27,1.92,0.32,1.71,0.006
6/14/2022 11:41,P2,1.85,0.33,1.71,0.006
6/14/2022 11:30,P15,2.55,0.29,2.33,0.007
6/14/2022 11:11,P19,1.79,0.43,1.64,0.007
6/14/2022 10:57,P30,3.25,0.27,2.84,0.007
6/14/2022 10:51,P31,3.46,0.23,3.17,0.006
6/14/2022 10:36,P12,3.66,0.21,3.28,0.006
6/14/2022 10:24,P11,3.68,0.19,3.36,0.006
6/14/2022 10:11,P16,1.9,0.41,1.73,0.006
6/14/2022 9:47,P18,2.08,0.31,1.98,0.008
6/14/2022 9:30,P4,2.9,0.28,2.65,0.005
6/14/2022 9:20,P5,2.41,0.32,2.23,0.005
6/14/2022 9:09,P5,3.5,0.16,2.41,0.005
6/14/2022 8:59,P29,1.12,0.46,1,0.01
6/14/2022 8:49,P7,1.25,0.26,1.11,0.008
6/14/2022 8:35,P17,1.06,0.43,0.97,0.007
6/14/2022 8:05,P28,3.2,0.25,3.11,0.007
6/14/2022 7:53,P1,3.57,0.28,3.23,0.007
6/14/2022 7:25,P8,4.26,0.22,3.71,0.006
6/13/2022 18:14,P13,2.21,0.34,2.11,0.007
6/13/2022 17:32,P33,3.24,0.39,2.94,0.005
6/13/2022 16:59,P34,1.61,0.47,1.51,0.015
6/13/2022 16:38,P35,2,0.32,1.84,0.006
6/13/2022 16:10,P32,1.01,0.47,0.91,0.007
6/13/2022 15:58,P10,4.12,0.19,3.66,0.006
6/13/2022 15:45,P9,4.2,0.15,3.68,0.005
6/13/2022 15:26,P3,3.35,0.28,3,0.006
6/13/2022 15:13,P21,3.28,0.23,2.91,0.006
6/13/2022 14:58,P24,1.92,0.44,1.77,0.006
6/13/2022 14:45,P25,1.81,0.436,1.61,0.007
6/13/2022 14:30,P14,2.71,0.39,2.54,0.005
6/13/2022 14:14,P26,1.83,0.42,1.7,0.007
6/13/2022 13:49,P6,2,0.4,1.9,0.005
6/13/2022 13:36,P22,3.14,0.39,2.81,0.005
6/13/2022 13:23,P20,1.98,0.34,1.87,0.007
6/13/2022 13:11,P23,2.4,0.31,2.25,0.006
6/13/2022 12:21,P27,1.84,0.3,1.72,0.007
6/13/2022 11:32,P2,2.3,0.28,2.09,0.006
6/13/2022 11:16,P15,2.52,0.37,1.95,0.005
6/13/2022 11:06,P19,1.77,0.36,1.59,0.007
6/13/2022 10:50,P31,2.97,0.28,2.68,0.007
6/13/2022 10:36,P12,3.55,0.17,3.21,0.008
6/13/2022 10:25,P11,3.52,0.22,3.14,0.007
6/13/2022 10:14,P16,1.69,0.38,1.54,0.006
6/13/2022 10:02,P30,3.26,0.25,2.77,0.006
6/13/2022 9:42,P18,2.05,0.3,1.79,0.008
6/13/2022 9:26,P4,2.51,0.39,2.25,0.006
6/13/2022 9:16,P5,2.22,0.39,2,0.006
6/13/2022 8:57,P5,3.37,0.2,3.04,0.006
6/13/2022 8:46,P29,1.12,0.3,1.04,0.01
6/13/2022 8:35,P7,1.55,0.26,1,0.006
6/13/2022 8:10,P17,1.2,0.32,1.04,0.007
6/13/2022 7:42,P28,3.18,0.22,2.81,0.006
6/13/2022 7:29,P1,3.85,0.16,3.46,0.007
6/13/2022 7:14,P8,4.2,0.12,3.63,0.006
6/12/2022 17:35,P13,2.68,0.29,2.48,0.005
6/12/2022 16:50,P33,2.19,0.37,1.08,0.007
6/12/2022 16:08,P34,1.3,0.37,1.17,0.012
6/12/2022 15:57,P35,1.91,0.31,1.71,0.006
6/12/2022 15:40,P32,1.08,0.46,1,0.011
6/12/2022 15:27,P10,3.82,0.13,3.31,0.007
6/12/2022 15:15,P9,3.89,0.1,3.21,0.007
6/12/2022 15:03,P3,3.25,0.17,2.86,0.008
6/12/2022 14:51,P21,3.17,0.24,2.83,0.007
6/12/2022 14:39,P24,2.01,0.34,1.88,0.006
6/12/2022 14:29,P25,1.46,0.38,1.36,0.007
6/12/2022 13:54,P14,2.93,0.35,2.83,0.009
6/12/2022 13:40,P26,1.89,0.33,1.77,0.006
6/12/2022 13:15,P6,1.99,0.34,1.88,0.005
6/12/2022 12:58,P22,3.04,0.22,2.71,0.007
6/12/2022 12:46,P20,2.14,0.31,1.97,0.009
6/12/2022 12:32,P23,2.25,0.34,2.01,0.006
6/12/2022 12:09,P27,1.53,0.42,1.46,0.007
6/12/2022 11:27,P2,1.74,0.41,1.62,0.007
6/12/2022 11:13,P15,2.45,0.32,2.25,0.008
6/12/2022 11:02,P19,1.59,0.46,1.45,0.006
6/12/2022 10:53,P31,2.97,0.27,2.65,0.007
6/12/2022 10:41,P12,3.42,0.21,3.02,0.007
6/12/2022 10:30,P11,3.42,0.2,3.03,0.006
6/12/2022 10:16,P16,1.66,0.37,1.55,0.007
6/12/2022 9:58,P30,2.36,0.31,2.06,0.007
6/12/2022 9:57,P29,1.25,0.33,1.11,0.007
6/12/2022 9:46,P18,2.01,0.44,1.81,0.007
6/12/2022 9:35,P4,2.24,0.34,2.06,0.006
6/12/2022 9:22,P5,2.18,0.35,2.03,0.007
6/12/2022 9:10,P5,3.44,0.05,3.15,0.007
6/12/2022 8:47,P7,1.43,0.31,1.31,0.007
6/12/2022 8:28,P17,1.22,0.3,1.11,0.008
6/12/2022 7:49,P28,3.12,0.25,2.74,0.006
6/12/2022 7:37,P1,3.85,0.14,3.34,0.005
6/12/2022 7:23,P8,4.01,0.17,3.42,0.005
6/11/2022 17:00,P13,2.98,0.41,2.84,0.007
6/11/2022 16:34,P33,2.18,0.3,2.06,0.007
6/11/2022 15:55,P34,1.54,0.45,1.37,0.011
6/11/2022 15:41,P35,2.33,0.31,2.18,0.006
6/11/2022 15:24,P32,1.1,0.47,1,0.008
6/11/2022 15:11,P10,3.59,0.29,3.15,0.005
6/11/2022 15:00,P9,3.68,0.23,3.11,0.005
6/11/2022 14:46,P3,2.85,0.41,2.58,0.007
6/11/2022 14:22,P24,2.51,0.27,2.29,0.005
6/11/2022 14:10,P25,2.06,0.44,1.94,0.005
6/11/2022 13:28,P14,2.56,0.3,2.28,0.006
6/11/2022 13:16,P26,2.04,0.36,1.89,0.008
6/11/2022 12:45,P6,2.41,0.39,2.27,0.007
6/11/2022 12:30,P22,2.74,0.35,2.11,0.007
6/11/2022 12:19,P20,2.1,0.3,1.93,0.005
6/11/2022 12:04,P23,2.16,0.28,1.96,0.006
6/11/2022 11:00,P2,1.81,0.41,1.74,0.006
6/11/2022 10:49,P15,2.29,0.26,2.14,0.006
6/11/2022 10:38,P19,1.66,0.44,1.54,0.007
6/11/2022 10:28,P31,2.67,0.34,2.52,0.007
6/11/2022 10:18,P12,3.31,0.25,2.93,0.006
6/11/2022 10:08,P11,3.33,0.22,2.97,0.005
6/11/2022 9:57,P16,1.74,0.4,1.48,0.007
6/11/2022 9:47,P30,2.94,0.22,2.48,0.007
6/11/2022 9:34,P18,1.99,0.46,1.81,0.008
6/11/2022 9:24,P4,2.31,0.33,2.04,0.005
6/11/2022 9:11,P5,2.26,0.31,2.01,0.006
6/11/2022 8:59,P5,3.5,0.1,3.09,0.006
6/11/2022 8:48,P29,1.28,0.31,1.17,0.007
6/11/2022 8:37,P7,1.51,0.31,1.38,0.007
6/11/2022 8:25,P17,1.16,0.42,1.06,0.006
6/11/2022 7:49,P28,3.15,0.23,2.8,0.006
6/11/2022 7:39,P1,2.93,0.26,2.62,0.004
6/11/2022 7:29,P8,3.81,0.2,3.27,0.008
6/11/2022 1:46,P21,2.78,0.29,2.59,0.006
6/11/2022 1:34,P27,1.61,0.36,1.51,0.007
6/10/2022 18:34,P13,2.95,0.39,2.65,0.006
6/10/2022 17:24,P33,2.14,0.41,1.96,0.009
6/10/2022 16:39,P34,2,0.42,1.83,0.015
6/10/2022 16:21,P35,2.4,0.25,2.12,0.008
6/10/2022 15:58,P32,1.2,0.46,1.13,0.006
6/10/2022 15:46,P10,3.41,0.14,3.21,0.005
6/10/2022 15:30,P9,1.45,0.15,3.15,0.006
6/10/2022 15:19,P3,3.35,0.15,2.77,0.007
6/10/2022 15:07,P21,3.27,0.16,2.8,0.006
6/10/2022 14:56,P24,2.38,0.38,2.21,0.006
6/10/2022 14:45,P25,2.11,0.41,1.94,0.007
6/10/2022 14:33,P14,3.1,0.31,2.91,0.007
6/10/2022 14:18,P26,2.51,0.43,2.42,0.007
6/10/2022 14:06,P6,2.3,0.38,2.15,0.005
6/10/2022 13:53,P22,2.6,0.29,2.41,0.007
6/10/2022 13:43,P20,2.41,0.38,2.31,0.007
6/10/2022 13:31,P23,2.08,0.34,1.99,0.007
6/10/2022 12:41,P27,1.56,0.36,1.44,0.006
6/10/2022 11:39,P2,1.84,0.46,1.73,0.006
6/10/2022 11:28,P15,2.39,0.45,2.19,0.005
6/10/2022 11:16,P19,1.72,0.34,1.55,0.006
6/10/2022 11:06,P31,2.66,0.34,2.41,0.007
6/10/2022 10:53,P12,3.76,0.33,3.13,0.007
6/10/2022 10:43,P11,3.76,0.33,3.07,0.007
6/10/2022 10:29,P16,1.75,0.43,1.62,0.006
6/10/2022 10:17,P30,1.95,0.44,1.66,0.006
6/10/2022 10:00,P18,1.94,0.43,1.74,0.007
6/10/2022 9:49,P4,1.84,0.36,2.01,0.006
6/10/2022 9:37,P5,3.24,0.39,2,0.006
6/10/2022 9:24,P5,2.23,0.19,2.75,0.004
6/10/2022 9:13,P29,1.16,0.34,1.12,0.006
6/10/2022 9:03,P7,3,0.33,1.34,0.007
6/10/2022 8:51,P17,1.27,0.37,1.16,0.006
6/10/2022 7:56,P28,3.19,0.39,2.8,0.007
6/10/2022 7:45,P1,2.23,0.3,2.95,0.005
6/10/2022 7:31,P8,2.35,0.25,2.98,0.008
6/9/2022 18:25,P13,3.54,0.3,3.11,0.005
6/9/2022 16:51,P33,2.47,0.34,2.26,0.007
6/9/2022 16:10,P34,1.9,0.43,1.72,0.013
6/9/2022 15:51,P35,2.77,0.39,2.53,0.005
6/9/2022 15:26,P32,1.35,0.46,1.23,0.006
6/9/2022 15:12,P10,3.16,0.31,2.67,0.007
6/9/2022 15:00,P9,3.59,0.29,2.92,0.005
6/9/2022 14:50,P3,2.69,0.32,2.34,0.008
6/9/2022 14:38,P21,2.66,0.27,2.32,0.005
6/9/2022 14:26,P24,2.42,0.42,2.18,0.006
6/9/2022 14:13,P25,1.99,0.45,1.91,0.006
6/9/2022 13:40,P14,3.12,0.28,2.87,0.006
6/9/2022 13:17,P26,2.49,0.44,2.22,0.007
6/9/2022 12:45,P6,2.4,0.38,2.25,0.008
6/9/2022 12:36,P22,2.62,0.25,2.28,0.005
6/9/2022 12:26,P20,2.39,0.38,2.22,0.006
6/9/2022 12:14,P23,2.12,0.28,1.88,0.006
6/9/2022 11:39,P27,1.69,0.35,1.52,0.007
6/9/2022 11:27,P2,1.84,0.36,1.73,0.006
6/9/2022 11:07,P15,2.4,0.28,2.16,0.005
6/9/2022 10:54,P19,1.73,0.44,1.6,0.006
6/9/2022 10:42,P31,2.65,0.36,2.36,0.007
6/9/2022 10:33,P12,3.13,0.2,2.73,0.007
6/9/2022 10:21,P11,3.14,0.19,2.69,0.005
6/9/2022 10:11,P16,1.91,0.28,1.75,0.006
6/9/2022 9:58,P30,1.6,0.3,1.43,0.006
6/9/2022 9:46,P18,2.02,0.39,1.8,0.005
6/9/2022 9:34,P4,2.62,0.24,2.34,0.006
6/9/2022 9:23,P5,2.4,0.23,2.17,0.007
6/9/2022 9:07,P5,4.28,0.11,2.66,0.007
6/9/2022 8:56,P29,1.31,0.28,1.19,0.006
6/9/2022 8:45,P7,1.58,0.26,1.46,0.006
6/9/2022 8:28,P17,1.32,0.38,1.17,0.007
6/9/2022 7:49,P28,2.86,0.22,2.49,0.007
6/9/2022 7:34,P1,2.23,0.32,2.03,0.005
6/9/2022 7:29,P8,3.68,0.2,3.05,0.005
6/8/2022 16:53,P13,3.88,0.27,3.39,0.007
6/8/2022 16:10,P33,2.43,0.44,2.29,0.006
6/8/2022 15:26,P34,1.79,0.4,1.65,0.017
6/8/2022 15:13,P35,2.62,0.42,2.4,0.006
6/8/2022 14:50,P32,1.71,0.44,1.56,0.006
6/8/2022 14:35,P10,3.43,0.2,2.96,0.008
6/8/2022 14:26,P9,3.67,0.18,3.15,0.008
6/8/2022 14:07,P3,2.74,0.28,2.43,0.005
6/8/2022 13:57,P21,2.7,0.23,2.45,0.006
6/8/2022 13:47,P24,2.2,0.42,2.14,0.006
6/8/2022 13:34,P25,2.07,0.38,1.96,0.006
6/8/2022 13:18,P14,2.98,0.31,2.77,0.006
6/8/2022 13:02,P26,2.79,0.43,2.54,0.007
6/8/2022 12:46,P6,2.29,0.37,2.25,0.005
6/8/2022 12:34,P22,2.99,0.27,2.37,0.006
6/8/2022 12:21,P20,2.51,0.36,2.38,0.008
6/8/2022 12:07,P23,2.16,0.26,1.95,0.005
6/8/2022 11:37,P27,1.9,0.31,1.73,0.006
6/8/2022 11:21,P2,1.79,0.32,1.75,0.008
6/8/2022 11:10,P15,2.2,0.26,2.03,0.009
6/8/2022 10:59,P19,1.77,0.33,1.63,0.006
6/8/2022 10:43,P31,2.74,0.23,2.54,0.007
6/8/2022 10:32,P12,3.21,0.21,2.82,0.005
6/8/2022 10:21,P11,3.17,0.21,2.84,0.006
6/8/2022 10:10,P16,2.85,0.22,2.59,0.006
6/8/2022 9:56,P30,1.86,0.37,1.7,0.006
6/8/2022 9:42,P18,1.73,0.31,1.58,0.005
6/8/2022 9:31,P4,2.68,0.21,2.52,0.005
6/8/2022 9:21,P5,2.66,0.22,2.43,0.006
6/8/2022 9:08,P5,3.9,0.27,3.47,0.006
6/8/2022 8:56,P29,1.67,0.22,1.44,0.007
6/8/2022 8:45,P7,2.2,0.13,1.87,0.006
6/8/2022 8:25,P17,1.23,0.36,1.15,0.007
6/8/2022 7:43,P28,2.84,0.23,2.52,0.006
6/8/2022 7:28,P1,2.23,0.38,2.04,0.006
6/8/2022 7:15,P8,3.24,0.24,2.8,0.005
6/7/2022 18:24,P13,4.12,0.27,3.75,0.005
6/7/2022 17:30,P33,2.38,0.38,2.23,0.006
6/7/2022 16:58,P34,2.03,0.43,1.86,0.006
6/7/2022 16:43,P35,2.55,0.45,2.38,0.007
6/7/2022 16:12,P32,2.12,0.41,2.04,0.006
6/7/2022 16:03,P10,3.09,0.21,2.7,0.006
6/7/2022 15:53,P9,3.36,0.17,3.03,0.005
6/7/2022 15:39,P3,2.55,0.24,2.45,0.007
6/7/2022 15:27,P21,2.81,0.18,2.55,0.007
6/7/2022 15:14,P24,2.38,0.43,2.26,0.007
6/7/2022 14:52,P25,2,0.42,2,0.006
6/7/2022 14:31,P14,2.48,0.43,2.45,0.005
6/7/2022 14:14,P26,2.09,0.44,2.03,0.007
6/7/2022 13:59,P6,2.19,0.39,2.15,0.007
6/7/2022 13:25,P22,2.77,0.2,2.5,0.005
6/7/2022 13:12,P20,2.26,0.42,2.21,0.006
6/7/2022 12:50,P23,2.23,0.43,2.09,0.008
6/7/2022 12:32,P27,1.93,0.3,1.79,0.011
6/7/2022 11:55,P2,1.91,0.29,1.89,0.006
6/7/2022 11:26,P15,2.48,0.29,2.26,0.005
6/7/2022 11:11,P19,1.81,0.35,1.72,0.006
6/7/2022 11:02,P31,2.87,0.22,2.58,0.005
6/7/2022 10:48,P12,3.11,0.21,2.78,0.006
6/7/2022 10:36,P11,3.14,0.19,2.75,0.006
6/7/2022 10:22,P16,2.99,0.25,2.69,0.005
6/7/2022 10:13,P30,2.4,0.31,2.13,0.005
6/7/2022 9:54,P18,2.1,0.34,1.98,0.006
6/7/2022 9:44,P4,2.89,0.2,2.68,0.007
6/7/2022 9:33,P5,2.44,0.24,2.35,0.007
6/7/2022 9:21,P5,3.66,0.05,3.34,0.005
6/7/2022 8:55,P29,1.13,0.34,1.04,0.011
6/7/2022 8:44,P7,1.68,0.28,1.58,0.005
6/7/2022 8:22,P17,1.42,0.3,1.35,0.007
6/7/2022 7:46,P28,3.13,0.21,2.86,0.006
6/7/2022 7:27,P1,2.62,0.26,2.44,0.006
6/7/2022 7:14,P8,3.35,0.17,2.95,0.005
6/6/2022 17:57,P13,2.15,0.39,2.05,0.006
6/6/2022 17:13,P33,2.15,0.39,2.01,0.007
6/6/2022 16:35,P34,1.53,0.49,1.38,0.021
6/6/2022 16:23,P35,2.68,0.37,2.44,0.008
6/6/2022 15:59,P32,1.32,0.47,1.3,0.006
6/6/2022 15:52,P10,3.36,0.11,2.99,0.007
6/6/2022 15:40,P9,3.75,0.14,3.24,0.008
6/6/2022 15:24,P3,3.31,0.13,2.89,0.007
6/6/2022 15:14,P21,3.21,0.19,2.95,0.007
6/6/2022 14:55,P24,2.12,0.39,1.97,0.01
6/6/2022 14:43,P25,1.91,0.44,1.79,0.01
6/6/2022 14:25,P14,3.1,0.35,3.07,0.006
6/6/2022 14:11,P26,2.23,0.35,2.14,0.011
6/6/2022 13:52,P6,2.05,0.38,2.03,0.008
6/6/2022 13:35,P22,3.06,0.2,2.85,0.008
6/6/2022 13:24,P20,2.17,0.37,2.04,0.008
6/6/2022 13:05,P23,2.23,0.33,2.06,0.006
6/6/2022 12:41,P27,1.76,0.47,1.76,0.007
6/6/2022 11:50,P2,2,0.39,2,0.007
6/6/2022 11:35,P15,2.29,0.33,2.23,0.007
6/6/2022 11:08,P19,1.87,0.4,1.81,0.008
6/6/2022 10:52,P31,2.9,0.25,2.63,0.007
6/6/2022 10:37,P12,3.34,0.34,3.09,0.008
6/6/2022 10:25,P11,3.36,0.29,3.02,0.006
6/6/2022 9:59,P16,2.14,0.37,2.09,0.006
6/6/2022 9:48,P30,1.84,0.48,1.71,0.009
6/6/2022 9:31,P18,2.11,0.45,2.07,0.006
6/6/2022 9:14,P4,2.53,0.26,2.33,0.01
6/6/2022 9:03,P5,2.34,0.3,2.24,0.007
6/6/2022 8:50,P5,3.61,0.12,3.32,0.007
6/6/2022 8:38,P29,1.39,0.35,1.23,0.01
6/6/2022 8:23,P7,1.64,0.34,1.56,0.006
6/6/2022 8:13,P17,1.49,0.31,1.38,0.009
6/6/2022 7:39,P28,2.87,0.28,2.58,0.009
6/6/2022 7:26,P1,2.15,0.33,2.09,0.006
6/6/2022 7:16,P8,4.2,0.21,3.63,0.008
6/5/2022 17:28,P13,1.83,0.52,1.81,0.006
6/5/2022 16:59,P33,2.13,0.48,2.01,0.008
6/5/2022 16:30,P34,1.39,0.49,1.37,0.028
6/5/2022 16:16,P35,2.33,0.42,2.23,0.008
6/5/2022 15:54,P32,1.5,0.58,1.47,0.007
6/5/2022 15:49,P10,3,0.31,2.8,0.008
6/5/2022 15:38,P9,3.18,0.24,2.95,0.007
6/5/2022 14:56,P3,2.35,0.48,2.25,0.006
6/5/2022 14:47,P21,2.22,0.43,2.15,0.006
6/5/2022 14:30,P24,2.15,0.45,2.04,0.006
6/5/2022 14:18,P25,2.202,0.52,1.98,0.01
6/5/2022 13:57,P14,2.28,0.44,2.25,0.008
6/5/2022 13:34,P26,2.14,0.47,2.06,0.006
6/5/2022 13:03,P6,2.34,0.44,2.3,0.006
6/5/2022 12:49,P22,2.15,0.47,2.1,0.006
6/5/2022 12:39,P20,2.1,0.42,2.06,0.008
6/5/2022 12:23,P23,2.33,0.46,2.31,0.006
6/5/2022 12:02,P27,2.11,0.46,2.09,0.007
6/5/2022 11:42,P2,2.4,0.4,2.38,0.005
6/5/2022 11:29,P15,2.59,0.26,2.56,0.006
6/5/2022 11:18,P19,2,0.4,1.89,0.008
6/5/2022 11:06,P31,2.98,0.25,2.81,0.008
6/5/2022 10:55,P12,3.28,0.18,3.06,0.006
6/5/2022 10:34,P11,3.28,0.21,3.02,0.006
6/5/2022 10:21,P16,2.32,0.32,2.27,0.007
6/5/2022 10:09,P30,1.99,0.36,1.95,0.007
6/5/2022 9:59,P18,2.21,0.34,2.05,0.005
6/5/2022 9:38,P4,2.86,0.26,2.74,0.006
6/5/2022 9:27,P5,2.71,0.28,2.66,0.005
6/5/2022 9:16,P5,3.77,0.06,3.65,0.009
6/5/2022 8:59,P29,1.21,0.28,1.13,0.011
6/5/2022 8:48,P7,1.68,0.27,1.63,0.005
6/5/2022 8:30,P17,1.49,0.38,1.44,0.007
6/5/2022 7:54,P28,2.94,0.24,2.72,0.006
6/5/2022 7:37,P1,,,,
6/5/2022 7:24,P8,2.32,0.28,2.2,0.005
6/4/2022 17:11,P13,1.95,0.45,1.89,0.008
6/4/2022 16:44,P33,2.4,0.38,2.3,0.006
6/4/2022 16:15,P34,1.6,0.44,1.52,0.016
6/4/2022 16:04,P35,2.6,0.36,2.52,0.006
6/4/2022 16:00,P26,2.4,0.4,2.31,0.009
6/4/2022 15:42,P32,1.82,0.45,1.75,0.006
6/4/2022 15:30,P10,3.35,0.2,3.32,0.006
6/4/2022 15:19,P9,3.78,0.23,3.54,0.007
6/4/2022 15:00,P3,3.26,0.23,3.09,0.006
6/4/2022 14:50,P21,3.03,0.24,2.99,0.007
6/4/2022 14:39,P24,2.29,0.4,2.24,0.01
6/4/2022 14:28,P25,2.12,0.43,2.01,0.009
6/4/2022 14:11,P14,2.84,0.34,2.83,0.008
6/4/2022 13:37,P6,2.31,0.4,2.21,0.006
6/4/2022 13:23,P22,3,0.22,3,0.006
6/4/2022 13:15,P20,2.03,0.4,1.93,0.008
6/4/2022 12:57,P23,2.13,0.37,2.05,0.007
6/4/2022 12:40,P27,1.65,0.38,1.63,0.008
6/4/2022 12:12,P2,2.05,0.4,2,0.008
6/4/2022 11:55,P15,2.58,0.32,2.57,0.008
6/4/2022 11:39,P19,1.87,0.45,1.84,0.007
6/4/2022 11:22,P31,2.95,0.37,2.94,0.008
6/4/2022 11:12,P12,3.33,0.23,3.22,0.011
6/4/2022 10:55,P11,3.38,0.26,3.2,0.006
6/4/2022 10:30,P16,3.18,0.31,2.95,0.007
6/4/2022 10:16,P30,1.88,0.37,1.71,0.008
6/4/2022 9:56,P18,2.29,0.35,2.11,0.008
6/4/2022 9:40,P4,3.05,0.29,2.76,0.015
6/4/2022 9:29,P5,2.75,0.33,2.51,0.008
6/4/2022 9:16,P5,3.75,0.14,3.43,0.006
6/4/2022 9:02,P29,1.02,0.35,0.89,0.012
6/4/2022 8:51,P7,1.73,0.31,1.62,0.006
6/4/2022 8:33,P17,1.41,0.33,1.3,0.008
6/4/2022 8:00,P28,3.1,0.34,2.74,0.009
6/4/2022 7:46,P1,2.33,0.34,2.15,0.007
6/4/2022 7:37,P8,3.74,0.22,3.41,0.008
6/3/2022 19:50,P13,2.11,0.35,1.97,0.007
6/3/2022 18:42,P33,2.61,0.4,2.42,0.007
6/3/2022 18:01,P34,1.67,0.44,1.54,0.007
6/3/2022 17:42,P35,2.76,0.37,2.52,0.007
6/3/2022 16:39,P32,2.52,0.43,2.42,0.006
6/3/2022 16:32,P10,3.45,0.4,3.13,0.01
6/3/2022 16:21,P9,4.07,0.37,3.67,0.014
6/3/2022 16:00,P3,3.29,0.35,2.97,0.006
6/3/2022 15:45,P21,2.86,0.36,2.59,0.009
6/3/2022 15:31,P24,2.41,0.41,2.33,0.008
6/3/2022 15:18,P25,2.18,0.43,2.05,0.007
6/3/2022 14:59,P14,2.99,0.38,2.92,0.005
6/3/2022 14:44,P26,2.28,0.38,2.23,0.008
6/3/2022 14:20,P6,2.26,0.41,2.25,0.005
6/3/2022 14:05,P22,2.58,0.22,2.38,0.005
6/3/2022 13:54,P20,2.38,0.38,2.34,0.008
6/3/2022 13:38,P23,2.26,0.3,2.14,0.006
6/3/2022 13:21,P27,2.07,0.37,2.02,0.005
6/3/2022 12:30,P5,3.61,0.09,3.41,0.005
6/3/2022 12:04,P2,2.45,0.32,2.28,0.008
6/3/2022 11:51,P15,,,,
6/3/2022 11:37,P19,1.87,0.35,1.81,0.008
6/3/2022 11:24,P31,2.9,0.22,2.64,0.007
6/3/2022 11:12,P12,3.03,0.23,2.86,0.005
6/3/2022 11:00,P11,3.2,0.17,2.83,0.008
6/3/2022 10:45,P16,2.97,0.21,2.71,0.005
6/3/2022 10:30,P30,2.01,0.38,1.89,0.007
6/3/2022 10:05,P18,2.27,0.31,2.19,0.006
6/3/2022 9:47,P4,2.54,0.34,2.42,0.006
6/3/2022 9:35,P5,2.28,0.32,2.27,0.006
6/3/2022 9:05,P29,1.56,0.24,1.46,0.008
6/3/2022 8:53,P7,1.74,0.28,1.66,0.007
6/3/2022 8:35,P17,1.4,0.35,1.39,0.007
6/3/2022 7:50,P28,3.09,0.19,2.74,0.006
6/3/2022 7:27,P1,2.35,0.3,2.25,0.009
6/3/2022 7:06,P8,3.06,0.24,2.68,0.007
6/2/2022 17:58,P13,3.65,0.3,3.31,0.006
6/2/2022 17:11,P33,2.42,0.37,2.43,0.006
6/2/2022 16:53,P24,2.38,0.39,2.48,0.008
6/2/2022 16:38,P34,1.36,0.44,1.42,0.019
6/2/2022 16:22,P35,2.63,0.36,2.68,0.007
6/2/2022 15:59,P32,2.35,0.41,2.41,0.008
6/2/2022 15:51,P10,3.07,0.2,2.91,0.006
6/2/2022 15:41,P9,3.4,0.14,3.15,0.007
6/2/2022 15:23,P3,3.06,0.17,2.93,0.011
6/2/2022 15:11,P21,2.97,0.25,2.92,0.007
6/2/2022 14:38,P25,2.17,0.41,2.23,0.01
6/2/2022 14:16,P14,3.07,0.34,3.08,0.008
6/2/2022 13:53,P26,2.49,0.38,2.54,0.008
6/2/2022 13:33,P6,2.34,0.46,2.23,0.009
6/2/2022 13:15,P22,3.13,0.19,2.93,0.01
6/2/2022 13:05,P20,2.14,0.4,2.04,0.007
6/2/2022 12:42,P23,2.32,0.28,2.32,0.005
6/2/2022 12:01,P27,2.02,0.3,2,0.008
6/2/2022 11:33,P2,2.1,0.39,2.04,0.006
6/2/2022 11:20,P15,2.42,0.28,2.4,0.007
6/2/2022 11:05,P19,2.01,0.45,2.01,0.007
6/2/2022 10:51,P31,3.06,0.23,2.87,0.006
6/2/2022 10:37,P12,3.03,0.18,2.78,0.006
6/2/2022 10:26,P11,3.3,0.15,3.03,0.005
6/2/2022 10:08,P16,3.15,0.22,2.88,0.008
6/2/2022 9:58,P30,2.54,0.38,2.32,0.006
6/2/2022 9:35,P18,2.25,0.26,2.05,0.006
6/2/2022 9:24,P4,3.25,0.3,2.96,0.006
6/2/2022 9:11,P5,2.71,0.31,2.61,0.005
6/2/2022 8:58,P5,3.68,0.06,3.58,0.007
6/2/2022 8:40,P29,1.86,0.29,1.71,0.007
6/2/2022 8:27,P7,2.4,0.23,2.29,0.006
6/2/2022 8:10,P17,0.89,0.4,0.82,0.008
6/2/2022 7:36,P28,3.08,0.27,3.05,0.007
6/2/2022 7:21,P1,2.5,0.32,2.34,0.005
6/2/2022 7:12,P8,3.26,0.2,2.85,0.005
6/1/2022 17:58,P13,3.73,0.23,3.52,0.006
6/1/2022 17:06,P33,2.26,0.33,2.12,0.007
6/1/2022 16:29,P34,1.68,0.42,1.62,0.033
6/1/2022 16:12,P35,2.66,0.34,2.6,0.005
6/1/2022 15:44,P32,2.34,0.32,2.27,0.006
6/1/2022 15:28,P10,3.03,0.14,2.7,0.007
6/1/2022 15:17,P9,3.27,0.07,2.97,0.007
6/1/2022 15:00,P3,3.02,0.17,2.82,0.005
6/1/2022 14:47,P21,3.12,0.27,2.9,0.007
6/1/2022 14:33,P24,2.19,0.33,2.1,0.006
6/1/2022 14:22,P25,2.15,0.44,2.02,0.008
6/1/2022 14:05,P14,2.48,0.33,2.46,0.005
6/1/2022 13:51,P26,2.02,0.39,1.98,0.006
6/1/2022 13:27,P6,2.74,0.43,2.68,0.005
6/1/2022 13:11,P22,3.15,0.22,2.91,0.004
6/1/2022 12:57,P20,2.18,0.33,2.13,0.005
6/1/2022 12:38,P23,2.42,0.32,2.41,0.004
6/1/2022 12:19,P27,2.43,0.33,2.34,0.008
6/1/2022 11:17,P2,2.27,0.43,2.23,0.006
6/1/2022 10:56,P15,2.78,0.27,2.73,0.005
6/1/2022 10:42,P19,2.31,0.35,2.26,0.007
6/1/2022 10:25,P31,2.95,0.2,2.95,0.007
6/1/2022 10:13,P12,3.46,0.21,3.23,0.007
6/1/2022 10:02,P11,3.42,0.16,3.23,0.006
6/1/2022 9:46,P16,3.2,0.26,3.02,0.006
6/1/2022 9:36,P30,2.25,0.44,2.13,0.009
6/1/2022 9:21,P18,2.66,0.35,2.56,0.007
6/1/2022 9:10,P4,3.1,0.3,2.93,0.006
6/1/2022 9:00,P5,2.83,0.32,2.64,0.008
6/1/2022 8:46,P5,3.85,0.07,3.67,0.005
6/1/2022 8:32,P29,0.95,0.43,0.89,0.006
6/1/2022 8:22,P7,1.34,0.36,1.24,0.006
6/1/2022 8:16,P17,1.39,0.36,1.31,0.006
6/1/2022 7:32,P28,3.29,0.34,3.07,0.007
6/1/2022 7:19,P1,2.52,0.35,2.42,0.007
6/1/2022 7:10,P8,3.54,0.19,3.22,0.005
