allDate,avgTemp,eU,MonMed,classSession,dayType,season
5/28/2010 12:00,82.5,8480,7390,0,wk,Spring
5/29/2010 12:00,83.5,7420,7390,0,wknd,Spring
5/30/2010 12:00,84,7240,7390,0,wknd,Spring
5/31/2010 12:00,81.5,7360,7390,0,wk,Spring
6/1/2010 12:00,82,8450,9025,0,wk,Summer
6/2/2010 12:00,82,9000,9025,0,wk,Summer
6/3/2010 12:00,70.5,8800,9025,0,wk,Summer
6/4/2010 12:00,81.5,8800,9025,0,wk,Summer
6/5/2010 12:00,82,7450,9025,0,wknd,Summer
6/6/2010 12:00,86.5,7680,9025,0,wknd,Summer
6/7/2010 12:00,85,9110,9025,0,wk,Summer
6/8/2010 12:00,82.5,9190,9025,0,wk,Summer
6/9/2010 12:00,78.5,9070,9025,0,wk,Summer
6/10/2010 12:00,85.5,9150,9025,0,wk,Summer
6/11/2010 12:00,85,8740,9025,0,wk,Summer
6/12/2010 12:00,86.5,7620,9025,0,wknd,Summer
6/13/2010 12:00,86.5,7620,9025,0,wknd,Summer
6/14/2010 12:00,85.5,9050,9025,0,wk,Summer
6/15/2010 12:00,85.5,9300,9025,0,wk,Summer
6/16/2010 12:00,86,9290,9025,0,wk,Summer
6/17/2010 12:00,83.5,9430,9025,0,wk,Summer
6/18/2010 12:00,86,9060,9025,0,wk,Summer
6/19/2010 12:00,85.5,7560,9025,0,wknd,Summer
6/20/2010 12:00,85.5,7590,9025,0,wknd,Summer
6/21/2010 12:00,85,8980,9025,0,wk,Summer
6/22/2010 12:00,85,9370,9025,0,wk,Summer
6/23/2010 12:00,85.5,9140,9025,0,wk,Summer
6/24/2010 12:00,84,9140,9025,0,wk,Summer
6/25/2010 12:00,87,8970,9025,0,wk,Summer
6/26/2010 12:00,86.5,7880,9025,0,wknd,Summer
6/27/2010 12:00,87,7810,9025,0,wknd,Summer
6/28/2010 12:00,88,9150,9025,0,wk,Summer
6/29/2010 12:00,83,9150,9025,0,wk,Summer
6/30/2010 12:00,80.5,9090,9025,0,wk,Summer
7/1/2010 12:00,79,9170,9145,0,wk,Summer
7/2/2010 12:00,80.5,8810,9145,0,wk,Summer
7/3/2010 12:00,82.5,7620,9145,0,wknd,Summer
7/4/2010 12:00,85,7420,9145,0,wknd,Summer
7/5/2010 12:00,85,8910,9145,0,wk,Summer
7/6/2010 12:00,85,9290,9145,0,wk,Summer
7/7/2010 12:00,85,9450,9145,0,wk,Summer
7/8/2010 12:00,79,9140,9145,0,wk,Summer
7/9/2010 12:00,82,9140,9145,0,wk,Summer
7/12/2010 12:00,84.5,9220,9145,0,wk,Summer
7/13/2010 12:00,86,9270,9145,0,wk,Summer
7/14/2010 12:00,87,9490,9145,0,wk,Summer
7/15/2010 12:00,87,9420,9145,0,wk,Summer
7/16/2010 12:00,86.5,8890,9145,0,wk,Summer
7/17/2010 12:00,86.5,7660,9145,0,wknd,Summer
7/18/2010 12:00,87.5,7630,9145,0,wknd,Summer
7/19/2010 12:00,86.5,9140,9145,0,wk,Summer
7/20/2010 12:00,85.5,9410,9145,0,wk,Summer
7/21/2010 12:00,86,9560,9145,0,wk,Summer
7/22/2010 12:00,86.5,9540,9145,0,wk,Summer
7/23/2010 12:00,84.5,9200,9145,0,wk,Summer
7/24/2010 12:00,85,7830,9145,0,wknd,Summer
7/25/2010 12:00,85.5,7970,9145,0,wknd,Summer
7/26/2010 12:00,86,9010,9145,0,wk,Summer
7/27/2010 12:00,82,9440,9145,0,wk,Summer
7/28/2010 12:00,78.5,9330,9145,0,wk,Summer
7/29/2010 12:00,84.5,9400,9145,0,wk,Summer
7/30/2010 12:00,86,9150,9145,0,wk,Summer
7/31/2010 12:00,87,8070,9145,0,wknd,Summer
8/1/2010 12:00,87.5,8070,9365,0,wknd,Summer
8/2/2010 12:00,87.5,9300,9365,0,wk,Summer
8/3/2010 12:00,86.5,9470,9365,0,wk,Summer
8/4/2010 12:00,87.5,9680,9365,0,wk,Summer
8/5/2010 12:00,88,9730,9365,0,wk,Summer
8/6/2010 12:00,89.5,9500,9365,0,wk,Summer
8/7/2010 12:00,87.5,8350,9365,0,wknd,Summer
8/8/2010 12:00,88.5,8340,9365,0,wknd,Summer
8/9/2010 12:00,89,9390,9365,0,wk,Summer
8/10/2010 12:00,89.5,9810,9365,0,wk,Summer
8/11/2010 12:00,89,9630,9365,0,wk,Summer
8/12/2010 12:00,87.5,9570,9365,0,wk,Summer
8/13/2010 12:00,89,9340,9365,0,wk,Summer
8/14/2010 12:00,90.5,7990,9365,0,wknd,Summer
8/15/2010 12:00,90.5,8070,9365,0,wknd,Summer
8/16/2010 12:00,91,9160,9365,0,wk,Summer
8/17/2010 12:00,89.5,9260,9365,0,wk,Summer
8/18/2010 12:00,91,9890,9365,0,wk,Summer
8/19/2010 12:00,90,9760,9365,0,wk,Summer
8/20/2010 12:00,90,9480,9365,0,wk,Summer
8/21/2010 12:00,90,7900,9365,0,wknd,Summer
8/22/2010 12:00,90.5,7820,9365,0,wknd,Summer
8/23/2010 12:00,91.5,9320,9365,0,wk,Summer
8/24/2010 12:00,92.5,9870,9365,0,wk,Summer
8/25/2010 12:00,87.5,10010,9365,1,wk,Summer
8/26/2010 12:00,85.5,9710,9365,1,wk,Summer
8/27/2010 12:00,84,9170,9365,1,wk,Summer
8/28/2010 12:00,82.5,7480,9365,1,wknd,Summer
8/29/2010 12:00,85.5,7720,9365,1,wknd,Summer
8/30/2010 12:00,90,9540,9365,1,wk,Summer
8/31/2010 12:00,90,9880,9365,1,wk,Summer
9/1/2010 12:00,89.5,9890,9220,1,wk,Fall
9/2/2010 12:00,87,9900,9220,1,wk,Fall
9/3/2010 12:00,78,8960,9220,1,wk,Fall
9/4/2010 12:00,82.5,7320,9220,1,wknd,Fall
9/5/2010 12:00,81.5,7460,9220,1,wknd,Fall
9/6/2010 12:00,82.5,7460,9220,1,wk,Fall
9/7/2010 12:00,75.5,9100,9220,1,wk,Fall
9/8/2010 12:00,80.5,9300,9220,1,wk,Fall
9/9/2010 12:00,84.5,9420,9220,1,wk,Fall
9/10/2010 12:00,85,9030,9220,1,wk,Fall
9/11/2010 12:00,85.5,7480,9220,1,wknd,Fall
9/12/2010 12:00,85,7770,9220,1,wknd,Fall
9/13/2010 12:00,84.5,9380,9220,1,wk,Fall
9/14/2010 12:00,85.5,9580,9220,1,wk,Fall
9/15/2010 12:00,85.5,9680,9220,1,wk,Fall
9/16/2010 12:00,83.5,9480,9220,1,wk,Fall
9/17/2010 12:00,83,9140,9220,1,wk,Fall
9/18/2010 12:00,80.5,7560,9220,1,wknd,Fall
9/19/2010 12:00,77.5,7640,9220,1,wknd,Fall
9/20/2010 12:00,76,9370,9220,1,wk,Fall
9/21/2010 12:00,77,9630,9220,1,wk,Fall
9/22/2010 12:00,80,9630,9220,1,wk,Fall
9/23/2010 12:00,82.5,9910,9220,1,wk,Fall
9/24/2010 12:00,82.5,9400,9220,1,wk,Fall
9/25/2010 12:00,82.5,7820,9220,1,wknd,Fall
9/26/2010 12:00,74.5,7890,9220,1,wknd,Fall
9/27/2010 12:00,68,9320,9220,1,wk,Fall
9/28/2010 12:00,71,8270,9220,1,wk,Fall
9/29/2010 12:00,75.5,9610,9220,1,wk,Fall
9/30/2010 12:00,74.5,9720,9220,1,wk,Fall
10/1/2010 12:00,76.5,9250,9250,1,wk,Fall
10/2/2010 12:00,75,7640,9250,1,wknd,Fall
10/3/2010 12:00,69.5,7830,9250,1,wknd,Fall
10/4/2010 12:00,64.5,9180,9250,1,wk,Fall
10/5/2010 12:00,64.5,9370,9250,1,wk,Fall
10/6/2010 12:00,66,9370,9250,1,wk,Fall
10/7/2010 12:00,68.5,9350,9250,1,wk,Fall
10/8/2010 12:00,69.5,9120,9250,1,wk,Fall
10/9/2010 12:00,71.5,7760,9250,1,wknd,Fall
10/10/2010 12:00,73.5,8170,9250,1,wknd,Fall
10/11/2010 12:00,76,9480,9250,1,wk,Fall
10/12/2010 12:00,76,9720,9250,1,wk,Fall
10/13/2010 12:00,73,9530,9250,1,wk,Fall
10/14/2010 12:00,65.5,9290,9250,1,wk,Fall
10/15/2010 12:00,68,9120,9250,1,wk,Fall
10/16/2010 12:00,67.5,7590,9250,1,wknd,Fall
10/17/2010 12:00,71.5,7940,9250,1,wknd,Fall
10/18/2010 12:00,75,9580,9250,1,wk,Fall
10/19/2010 12:00,74,9710,9250,1,wk,Fall
10/20/2010 12:00,75.5,9940,9250,1,wk,Fall
10/21/2010 12:00,76,9910,9250,1,wk,Fall
10/22/2010 12:00,77,9420,9250,1,wk,Fall
10/23/2010 12:00,78,7940,9250,1,wknd,Fall
10/24/2010 12:00,77,8230,9250,1,wknd,Fall
10/25/2010 12:00,79,9750,9250,1,wk,Fall
10/26/2010 12:00,72,9610,9250,1,wk,Fall
10/27/2010 12:00,72,9700,9250,1,wk,Fall
10/28/2010 12:00,67.5,9250,9250,1,wk,Fall
10/29/2010 12:00,59,8980,9250,1,wk,Fall
10/30/2010 12:00,60,7430,9250,1,wknd,Fall
10/31/2010 12:00,70.5,7810,9250,1,wknd,Fall
11/1/2010 12:00,73.5,9550,9225,1,wk,Fall
11/2/2010 12:00,62,9370,9225,1,wk,Fall
11/3/2010 12:00,56.5,9380,9225,1,wk,Fall
11/4/2010 12:00,60.5,9170,9225,1,wk,Fall
11/5/2010 12:00,55.5,8820,9225,1,wk,Fall
11/6/2010 12:00,54.5,7500,9225,1,wknd,Fall
11/7/2010 12:00,58.5,8040,9225,1,wknd,Fall
11/8/2010 12:00,63.5,9310,9225,1,wk,Fall
11/9/2010 12:00,66,9470,9225,1,wk,Fall
11/10/2010 12:00,69.5,9610,9225,1,wk,Fall
11/11/2010 12:00,72,9550,9225,1,wk,Fall
11/12/2010 12:00,69,9020,9225,1,wk,Fall
11/13/2010 12:00,56,7390,9225,1,wknd,Fall
11/14/2010 12:00,55,7540,9225,1,wknd,Fall
11/15/2010 12:00,58,9290,9225,1,wk,Fall
11/16/2010 12:00,58,9380,9225,1,wk,Fall
11/17/2010 12:00,63,9500,9225,1,wk,Fall
11/18/2010 12:00,54.5,9330,9225,1,wk,Fall
11/19/2010 12:00,53.5,8870,9225,1,wk,Fall
11/20/2010 12:00,64,7560,9225,1,wknd,Fall
11/21/2010 12:00,76,7980,9225,1,wknd,Fall
11/22/2010 12:00,77,9280,9225,1,wk,Fall
11/23/2010 12:00,75.5,9590,9225,1,wk,Fall
11/24/2010 12:00,78.5,8800,9225,1,wk,Fall
11/25/2010 12:00,62,7100,9225,0,wk,Fall
11/26/2010 12:00,47.5,7130,9225,0,wk,Fall
11/27/2010 12:00,48.5,7190,9225,0,wknd,Fall
11/28/2010 12:00,57,7860,9225,0,wknd,Fall
11/29/2010 12:00,71.5,9600,9225,1,wk,Fall
11/30/2010 12:00,50.5,9890,9225,1,wk,Fall
12/1/2010 12:00,49,10270,8070,1,wk,Winter
12/2/2010 12:00,55,10350,8070,1,wk,Winter
12/3/2010 12:00,62,10290,8070,1,wk,Winter
12/4/2010 12:00,66.5,8810,8070,1,wknd,Winter
12/5/2010 12:00,48.5,8690,8070,1,wknd,Winter
12/6/2010 12:00,46,10160,8070,1,wk,Winter
12/7/2010 12:00,46.5,9600,8070,1,wk,Winter
12/8/2010 12:00,49,9510,8070,1,wk,Winter
12/9/2010 12:00,50,9310,8070,1,wk,Winter
12/10/2010 12:00,59.5,9610,8070,1,wk,Winter
12/11/2010 12:00,61,8220,8070,1,wknd,Winter
12/12/2010 12:00,46.5,8070,8070,1,wknd,Winter
12/13/2010 12:00,46,9200,8070,1,wk,Winter
12/14/2010 12:00,55,9310,8070,1,wk,Winter
12/15/2010 12:00,67,9060,8070,0,wk,Winter
12/16/2010 12:00,54.5,8860,8070,0,wk,Winter
12/17/2010 12:00,47,8500,8070,0,wk,Winter
12/18/2010 12:00,46,7450,8070,0,wknd,Winter
12/19/2010 12:00,50.5,7480,8070,0,wknd,Winter
12/20/2010 12:00,65,8280,8070,0,wk,Winter
12/21/2010 12:00,69,8020,8070,0,wk,Winter
12/22/2010 12:00,58.5,8070,8070,0,wk,Winter
12/23/2010 12:00,58.5,7820,8070,0,wk,Winter
12/24/2010 12:00,54,7020,8070,0,wk,Winter
12/25/2010 12:00,40,7110,8070,0,wknd,Winter
12/26/2010 12:00,40,7230,8070,0,wknd,Winter
12/27/2010 12:00,44.5,7370,8070,0,wk,Winter
12/28/2010 12:00,55.5,7460,8070,0,wk,Winter
12/29/2010 12:00,64,7390,8070,0,wk,Winter
12/30/2010 12:00,65.5,7240,8070,0,wk,Winter
12/31/2010 12:00,59,7240,8070,0,wk,Winter
1/1/2011 12:00,48,7010,8550,0,wknd,Winter
1/2/2011 12:00,43,7270,8550,0,wknd,Winter
1/3/2011 12:00,48.5,8250,8550,0,wk,Winter
1/4/2011 12:00,53,8660,8550,0,wk,Winter
1/5/2011 12:00,59,8540,8550,0,wk,Winter
1/6/2011 12:00,53,8550,8550,0,wk,Winter
1/7/2011 12:00,58.5,8340,8550,0,wk,Winter
1/8/2011 12:00,55,7120,8550,0,wknd,Winter
1/9/2011 12:00,45,7450,8550,0,wknd,Winter
1/10/2011 12:00,38.5,8630,8550,0,wk,Winter
1/11/2011 12:00,36.5,8820,8550,0,wk,Winter
1/12/2011 12:00,34,8660,8550,0,wk,Winter
1/13/2011 12:00,36,8610,8550,0,wk,Winter
1/14/2011 12:00,42,8550,8550,0,wk,Winter
1/15/2011 12:00,47.5,7280,8550,0,wknd,Winter
1/16/2011 12:00,49,7490,8550,0,wknd,Winter
1/17/2011 12:00,57,7510,8550,0,wk,Winter
1/18/2011 12:00,56,9150,8550,1,wk,Winter
1/19/2011 12:00,53,8940,8550,1,wk,Winter
1/20/2011 12:00,46,8840,8550,1,wk,Winter
1/21/2011 12:00,38,8950,8550,1,wk,Winter
1/22/2011 12:00,47.5,7460,8550,1,wknd,Winter
1/23/2011 12:00,45.5,7920,8550,1,wknd,Winter
1/24/2011 12:00,49,9470,8550,1,wk,Winter
1/25/2011 12:00,49.5,9450,8550,1,wk,Winter
1/26/2011 12:00,48,9150,8550,1,wk,Winter
1/27/2011 12:00,54,8950,8550,1,wk,Winter
1/28/2011 12:00,57.5,8810,8550,1,wk,Winter
1/29/2011 12:00,61.5,7660,8550,1,wknd,Winter
1/30/2011 12:00,68,8060,8550,1,wknd,Winter
1/31/2011 12:00,64,9540,8550,1,wk,Winter
2/1/2011 12:00,42.5,9510,9190,1,wk,Winter
2/2/2011 12:00,21.5,9430,9190,1,wk,Winter
2/3/2011 12:00,24,9510,9190,1,wk,Winter
2/4/2011 12:00,31,7500,9190,1,wk,Winter
2/5/2011 12:00,45.5,7600,9190,1,wknd,Winter
2/6/2011 12:00,57.5,7780,9190,1,wknd,Winter
2/7/2011 12:00,48,9460,9190,1,wk,Winter
2/8/2011 12:00,49.5,9570,9190,1,wk,Winter
2/9/2011 12:00,35.5,9070,9190,1,wk,Winter
2/10/2011 12:00,32,9180,9190,1,wk,Winter
2/11/2011 12:00,40,8950,9190,1,wk,Winter
2/12/2011 12:00,48,7600,9190,1,wknd,Winter
2/13/2011 12:00,54.5,8030,9190,1,wknd,Winter
2/14/2011 12:00,62,9360,9190,1,wk,Winter
2/15/2011 12:00,69,9470,9190,1,wk,Winter
2/16/2011 12:00,68.5,9690,9190,1,wk,Winter
2/17/2011 12:00,71.5,9440,9190,1,wk,Winter
2/18/2011 12:00,71.5,9190,9190,1,wk,Winter
2/19/2011 12:00,67.5,7740,9190,1,wknd,Winter
2/20/2011 12:00,72.5,7990,9190,1,wknd,Winter
2/21/2011 12:00,71,9780,9190,1,wk,Winter
2/22/2011 12:00,58.5,9970,9190,1,wk,Winter
2/23/2011 12:00,67.5,10110,9190,1,wk,Winter
2/24/2011 12:00,74.5,9970,9190,1,wk,Winter
2/25/2011 12:00,57,9510,9190,1,wk,Winter
2/26/2011 12:00,61,8190,9190,1,wknd,Winter
2/27/2011 12:00,75.5,8220,9190,1,wknd,Winter
2/28/2011 12:00,64.5,9750,9190,1,wk,Winter
3/1/2011 12:00,58,9880,8505,1,wk,Spring
3/2/2011 12:00,60,10100,8505,1,wk,Spring
3/3/2011 12:00,62.5,10050,8505,1,wk,Spring
3/4/2011 12:00,67,9860,8505,1,wk,Spring
3/5/2011 12:00,55,8260,8505,1,wknd,Spring
3/6/2011 12:00,52,8310,8505,1,wknd,Spring
3/7/2011 12:00,62.5,10070,8505,1,wk,Spring
3/8/2011 12:00,75.5,10240,8505,1,wk,Spring
3/9/2011 12:00,60.5,9860,8505,1,wk,Spring
3/10/2011 12:00,58.5,9880,8505,1,wk,Spring
3/11/2011 12:00,60.5,8890,8505,1,wk,Spring
3/12/2011 12:00,69.5,7630,8505,0,wknd,Spring
3/13/2011 12:00,69.5,7080,8505,0,wknd,Spring
3/14/2011 12:00,62.5,8340,8505,0,wk,Spring
3/15/2011 12:00,60,8540,8505,0,wk,Spring
3/16/2011 12:00,70,8430,8505,0,wk,Spring
3/17/2011 12:00,75.5,8470,8505,0,wk,Spring
3/18/2011 12:00,77.5,8370,8505,0,wk,Spring
3/19/2011 12:00,75.5,7380,8505,0,wknd,Spring
3/20/2011 12:00,73,7710,8505,0,wknd,Spring
3/21/2011 12:00,75.5,9550,8505,1,wk,Spring
3/22/2011 12:00,74.5,9860,8505,1,wk,Spring
3/23/2011 12:00,77.5,9900,8505,1,wk,Spring
3/24/2011 12:00,74.5,9700,8505,1,wk,Spring
3/25/2011 12:00,76.5,9280,8505,1,wk,Spring
3/26/2011 12:00,78,7830,8505,1,wknd,Spring
3/27/2011 12:00,62.5,7890,8505,1,wknd,Spring
3/28/2011 12:00,57.5,9600,8505,1,wk,Spring
3/29/2011 12:00,62,9690,8505,1,wk,Spring
3/30/2011 12:00,58,10000,8505,1,wk,Spring
3/31/2011 12:00,62.5,10080,8505,1,wk,Spring
4/1/2011 12:00,76.5,9780,9300,1,wk,Spring
4/2/2011 12:00,72,8220,9300,1,wknd,Spring
4/3/2011 12:00,77.5,8210,9300,1,wknd,Spring
4/4/2011 12:00,63,9570,9300,1,wk,Spring
4/5/2011 12:00,59.5,10030,9300,1,wk,Spring
4/6/2011 12:00,70,10180,9300,1,wk,Spring
4/7/2011 12:00,74.5,10160,9300,1,wk,Spring
4/8/2011 12:00,82.5,10040,9300,1,wk,Spring
4/9/2011 12:00,81.5,8400,9300,1,wknd,Spring
4/10/2011 12:00,82,8650,9300,1,wknd,Spring
4/11/2011 12:00,70.5,9580,9300,1,wk,Spring
4/12/2011 12:00,69.5,9630,9300,1,wk,Spring
4/13/2011 12:00,70,10030,9300,1,wk,Spring
4/14/2011 12:00,79,9890,9300,1,wk,Spring
4/15/2011 12:00,72.5,9210,9300,1,wk,Spring
4/16/2011 12:00,64.5,7490,9300,1,wknd,Spring
4/17/2011 12:00,69,8060,9300,1,wknd,Spring
4/18/2011 12:00,83,9840,9300,1,wk,Spring
4/19/2011 12:00,83,10070,9300,1,wk,Spring
4/20/2011 12:00,82.5,9980,9300,1,wk,Spring
4/21/2011 12:00,83,9770,9300,1,wk,Spring
4/22/2011 12:00,83.5,9120,9300,1,wk,Spring
4/23/2011 12:00,84,7870,9300,1,wknd,Spring
4/24/2011 12:00,82.5,7680,9300,1,wknd,Spring
4/25/2011 12:00,83,9640,9300,1,wk,Spring
4/26/2011 12:00,85,10100,9300,1,wk,Spring
4/27/2011 12:00,76,9790,9300,1,wk,Spring
4/28/2011 12:00,68,9540,9300,1,wk,Spring
4/29/2011 12:00,74,9390,9300,1,wk,Spring
4/30/2011 12:00,82,7940,9300,1,wknd,Spring
5/1/2011 12:00,72.5,8260,8690,1,wknd,Spring
5/2/2011 12:00,52,9320,8690,1,wk,Spring
5/3/2011 12:00,61.5,9540,8690,1,wk,Spring
5/4/2011 12:00,64.5,9440,8690,1,wk,Spring
5/5/2011 12:00,70.5,9770,8690,1,wk,Spring
5/6/2011 12:00,75.5,9440,8690,1,wk,Spring
5/7/2011 12:00,80.5,7790,8690,1,wknd,Spring
5/8/2011 12:00,85.5,8030,8690,1,wknd,Spring
5/9/2011 12:00,86.5,9440,8690,1,wk,Spring
5/10/2011 12:00,85,9590,8690,1,wk,Spring
5/11/2011 12:00,81.5,9540,8690,1,wk,Spring
5/12/2011 12:00,70.5,9580,8690,1,wk,Spring
5/13/2011 12:00,75,9280,8690,1,wk,Spring
5/14/2011 12:00,71,8260,8690,1,wknd,Spring
5/15/2011 12:00,67.5,8210,8690,1,wknd,Spring
5/16/2011 12:00,76,9520,8690,1,wk,Spring
5/17/2011 12:00,75,9340,8690,1,wk,Spring
5/18/2011 12:00,78,8720,8690,0,wk,Spring
5/19/2011 12:00,77,8780,8690,0,wk,Spring
5/20/2011 12:00,79,8500,8690,0,wk,Spring
5/21/2011 12:00,77,7340,8690,0,wknd,Spring
5/22/2011 12:00,85,7360,8690,0,wknd,Spring
5/23/2011 12:00,84.5,8690,8690,0,wk,Spring
5/24/2011 12:00,86,8820,8690,0,wk,Spring
5/25/2011 12:00,88.5,8400,8690,0,wk,Spring
5/26/2011 12:00,80,8400,8690,0,wk,Spring
5/27/2011 12:00,86,8290,8690,0,wk,Spring
5/28/2011 12:00,87.5,7520,8690,0,wknd,Spring
5/29/2011 12:00,86,7320,8690,0,wknd,Spring
5/30/2011 12:00,86.5,7340,8690,0,wk,Spring
5/31/2011 12:00,88,8430,8690,0,wk,Spring
6/1/2011 12:00,85.5,8480,8940,0,wk,Summer
6/2/2011 12:00,84,8880,8940,0,wk,Summer
6/3/2011 12:00,85.5,8740,8940,0,wk,Summer
6/4/2011 12:00,85,7480,8940,0,wknd,Summer
6/5/2011 12:00,85,7640,8940,0,wknd,Summer
6/6/2011 12:00,87,8950,8940,0,wk,Summer
6/7/2011 12:00,86,9120,8940,0,wk,Summer
6/8/2011 12:00,86.5,9190,8940,0,wk,Summer
6/9/2011 12:00,86,8740,8940,0,wk,Summer
6/10/2011 12:00,87,8510,8940,0,wk,Summer
6/11/2011 12:00,86.5,7490,8940,0,wknd,Summer
6/12/2011 12:00,87.5,7630,8940,0,wknd,Summer
6/13/2011 12:00,88,8930,8940,0,wk,Summer
6/14/2011 12:00,89,9170,8940,0,wk,Summer
6/15/2011 12:00,91,9150,8940,0,wk,Summer
6/16/2011 12:00,90,9220,8940,0,wk,Summer
6/17/2011 12:00,93,8870,8940,0,wk,Summer
6/18/2011 12:00,92,7750,8940,0,wknd,Summer
6/19/2011 12:00,92,7770,8940,0,wknd,Summer
6/20/2011 12:00,90,8980,8940,0,wk,Summer
6/21/2011 12:00,85.5,9120,8940,0,wk,Summer
6/22/2011 12:00,78.5,9360,8940,0,wk,Summer
6/23/2011 12:00,83.5,9110,8940,0,wk,Summer
6/24/2011 12:00,85,9120,8940,0,wk,Summer
6/25/2011 12:00,87,7590,8940,0,wknd,Summer
6/26/2011 12:00,87,7650,8940,0,wknd,Summer
6/27/2011 12:00,88,9030,8940,0,wk,Summer
6/28/2011 12:00,87.5,9050,8940,0,wk,Summer
6/29/2011 12:00,87,9160,8940,0,wk,Summer
6/30/2011 12:00,87,9040,8940,0,wk,Summer
7/1/2011 12:00,87.5,8570,8640,0,wk,Summer
7/2/2011 12:00,88.5,7390,8640,0,wknd,Summer
7/3/2011 12:00,88.5,7390,8640,0,wknd,Summer
7/4/2011 12:00,88,7380,8640,0,wk,Summer
7/5/2011 12:00,87,8630,8640,0,wk,Summer
7/6/2011 12:00,89,9120,8640,0,wk,Summer
7/7/2011 12:00,88,9770,8640,0,wk,Summer
7/8/2011 12:00,89,9480,8640,0,wk,Summer
7/9/2011 12:00,88.5,8570,8640,0,wknd,Summer
7/10/2011 12:00,90,8410,8640,0,wknd,Summer
7/11/2011 12:00,90,9700,8640,0,wk,Summer
7/12/2011 12:00,90,9580,8640,0,wk,Summer
7/13/2011 12:00,89,9370,8640,0,wk,Summer
7/14/2011 12:00,90.5,8890,8640,0,wk,Summer
7/15/2011 12:00,91.5,8640,8640,0,wk,Summer
7/16/2011 12:00,88.5,7310,8640,0,wknd,Summer
7/17/2011 12:00,88.5,7450,8640,0,wknd,Summer
7/18/2011 12:00,89,8900,8640,0,wk,Summer
7/19/2011 12:00,90.5,8980,8640,0,wk,Summer
7/20/2011 12:00,90,8940,8640,0,wk,Summer
7/21/2011 12:00,90.5,8890,8640,0,wk,Summer
7/22/2011 12:00,91.5,8630,8640,0,wk,Summer
7/23/2011 12:00,91,7570,8640,0,wknd,Summer
7/24/2011 12:00,92,7530,8640,0,wknd,Summer
7/25/2011 12:00,91,8760,8640,0,wk,Summer
7/26/2011 12:00,91,8890,8640,0,wk,Summer
7/27/2011 12:00,91,9020,8640,0,wk,Summer
7/28/2011 12:00,91.5,8940,8640,0,wk,Summer
7/29/2011 12:00,90.5,8560,8640,0,wk,Summer
7/30/2011 12:00,89,7520,8640,0,wknd,Summer
7/31/2011 12:00,89,7630,8640,0,wknd,Summer
8/1/2011 12:00,92.5,8960,8965,0,wk,Summer
8/2/2011 12:00,93.5,9140,8965,0,wk,Summer
8/3/2011 12:00,92.5,9260,8965,0,wk,Summer
8/4/2011 12:00,93,9140,8965,0,wk,Summer
8/5/2011 12:00,92,8960,8965,0,wk,Summer
8/6/2011 12:00,91,7790,8965,0,wknd,Summer
8/7/2011 12:00,91,7970,8965,0,wknd,Summer
8/8/2011 12:00,92.5,9290,8965,0,wk,Summer
8/9/2011 12:00,92,9170,8965,0,wk,Summer
8/10/2011 12:00,91.5,9190,8965,0,wk,Summer
8/11/2011 12:00,93,9200,8965,0,wk,Summer
8/12/2011 12:00,92,8910,8965,0,wk,Summer
8/13/2011 12:00,88,7520,8965,0,wknd,Summer
8/14/2011 12:00,92,7670,8965,0,wknd,Summer
8/15/2011 12:00,92,8850,8965,0,wk,Summer
8/16/2011 12:00,90.5,8970,8965,0,wk,Summer
8/17/2011 12:00,90.5,8960,8965,0,wk,Summer
8/18/2011 12:00,90.5,8820,8965,0,wk,Summer
8/19/2011 12:00,92,8810,8965,0,wk,Summer
8/20/2011 12:00,92.5,7650,8965,0,wknd,Summer
8/21/2011 12:00,90,7580,8965,0,wknd,Summer
8/22/2011 12:00,91.5,9030,8965,0,wk,Summer
8/23/2011 12:00,91,9070,8965,0,wk,Summer
8/24/2011 12:00,92.5,9700,8965,1,wk,Summer
8/25/2011 12:00,85.5,9550,8965,1,wk,Summer
8/26/2011 12:00,88.5,9280,8965,1,wk,Summer
8/27/2011 12:00,94.5,7900,8965,1,wknd,Summer
8/28/2011 12:00,96,8080,8965,1,wknd,Summer
8/29/2011 12:00,95,9870,8965,1,wk,Summer
8/30/2011 12:00,92,9790,8965,1,wk,Summer
8/31/2011 12:00,91,9900,8965,1,wk,Summer
9/1/2011 12:00,89,9850,9240,1,wk,Fall
9/2/2011 12:00,92,9500,9240,1,wk,Fall
9/3/2011 12:00,89.5,7770,9240,1,wknd,Fall
9/4/2011 12:00,89.5,7780,9240,1,wknd,Fall
9/5/2011 12:00,79,7520,9240,1,wk,Fall
9/6/2011 12:00,79,9300,9240,1,wk,Fall
9/7/2011 12:00,78.5,9360,9240,1,wk,Fall
9/8/2011 12:00,80,9210,9240,1,wk,Fall
9/9/2011 12:00,81,8940,9240,1,wk,Fall
9/10/2011 12:00,82.5,7430,9240,1,wknd,Fall
9/11/2011 12:00,85,7730,9240,1,wknd,Fall
9/12/2011 12:00,87.5,9590,9240,1,wk,Fall
9/13/2011 12:00,89.5,9770,9240,1,wk,Fall
9/14/2011 12:00,88,9670,9240,1,wk,Fall
9/15/2011 12:00,85,9460,9240,1,wk,Fall
9/16/2011 12:00,83,8800,9240,1,wk,Fall
9/17/2011 12:00,83,7360,9240,1,wknd,Fall
9/18/2011 12:00,83.5,7550,9240,1,wknd,Fall
9/19/2011 12:00,82.5,9250,9240,1,wk,Fall
9/20/2011 12:00,81,9230,9240,1,wk,Fall
9/21/2011 12:00,83,9580,9240,1,wk,Fall
9/22/2011 12:00,84.5,9410,9240,1,wk,Fall
9/23/2011 12:00,80,8950,9240,1,wk,Fall
9/24/2011 12:00,79,7270,9240,1,wknd,Fall
9/25/2011 12:00,89.5,7710,9240,1,wknd,Fall
9/26/2011 12:00,88.5,9700,9240,1,wk,Fall
9/27/2011 12:00,87,9440,9240,1,wk,Fall
9/28/2011 12:00,84,9490,9240,1,wk,Fall
9/29/2011 12:00,87,9390,9240,1,wk,Fall
9/30/2011 12:00,82,8810,9240,1,wk,Fall
10/1/2011 12:00,75,7040,9110,1,wknd,Fall
10/2/2011 12:00,74,7270,9110,1,wknd,Fall
10/3/2011 12:00,73.5,9200,9110,1,wk,Fall
10/4/2011 12:00,72.5,9360,9110,1,wk,Fall
10/5/2011 12:00,77,9430,9110,1,wk,Fall
10/6/2011 12:00,79.5,9360,9110,1,wk,Fall
10/7/2011 12:00,85.5,8930,9110,1,wk,Fall
10/8/2011 12:00,81.5,7200,9110,1,wknd,Fall
10/9/2011 12:00,68.5,7380,9110,1,wknd,Fall
10/10/2011 12:00,72,9100,9110,1,wk,Fall
10/11/2011 12:00,75,9470,9110,1,wk,Fall
10/12/2011 12:00,78.5,9330,9110,1,wk,Fall
10/13/2011 12:00,74.5,9110,9110,1,wk,Fall
10/14/2011 12:00,71.5,8850,9110,1,wk,Fall
10/15/2011 12:00,72.5,7210,9110,1,wknd,Fall
10/16/2011 12:00,75,7360,9110,1,wknd,Fall
10/17/2011 12:00,77,9150,9110,1,wk,Fall
10/18/2011 12:00,65,9160,9110,1,wk,Fall
10/19/2011 12:00,64,9160,9110,1,wk,Fall
10/20/2011 12:00,62.5,9330,9110,1,wk,Fall
10/21/2011 12:00,71.5,9070,9110,1,wk,Fall
10/22/2011 12:00,75.5,7680,9110,1,wknd,Fall
10/23/2011 12:00,76.5,7840,9110,1,wknd,Fall
10/24/2011 12:00,75,9560,9110,1,wk,Fall
10/25/2011 12:00,75.5,9580,9110,1,wk,Fall
10/26/2011 12:00,76,9580,9110,1,wk,Fall
10/27/2011 12:00,62.5,9480,9110,1,wk,Fall
10/28/2011 12:00,56,9040,9110,1,wk,Fall
10/29/2011 12:00,56,7570,9110,1,wknd,Fall
10/30/2011 12:00,60,7830,9110,1,wknd,Fall
10/31/2011 12:00,64,9210,9110,1,wk,Fall
11/1/2011 12:00,67,9660,9115,1,wk,Fall
11/2/2011 12:00,70.5,9600,9115,1,wk,Fall
11/3/2011 12:00,53,9190,9115,1,wk,Fall
11/4/2011 12:00,51.5,8990,9115,1,wk,Fall
11/5/2011 12:00,60,7710,9115,1,wknd,Fall
11/6/2011 12:00,73.5,8010,9115,1,wknd,Fall
11/7/2011 12:00,73.5,9350,9115,1,wk,Fall
11/8/2011 12:00,64.5,9300,9115,1,wk,Fall
11/9/2011 12:00,55.5,9140,9115,1,wk,Fall
11/10/2011 12:00,53.5,9110,9115,1,wk,Fall
11/11/2011 12:00,52.5,8570,9115,1,wk,Fall
11/12/2011 12:00,66.5,7560,9115,1,wknd,Fall
11/13/2011 12:00,75,7830,9115,1,wknd,Fall
11/14/2011 12:00,76.5,9230,9115,1,wk,Fall
11/15/2011 12:00,66.5,9330,9115,1,wk,Fall
11/16/2011 12:00,66,9350,9115,1,wk,Fall
11/17/2011 12:00,54,8970,9115,1,wk,Fall
11/18/2011 12:00,56.5,9120,9115,1,wk,Fall
11/19/2011 12:00,72.5,7750,9115,1,wknd,Fall
11/20/2011 12:00,78,7840,9115,1,wknd,Fall
11/21/2011 12:00,70,9430,9115,1,wk,Fall
11/22/2011 12:00,61.5,9320,9115,1,wk,Fall
11/23/2011 12:00,60.5,8650,9115,1,wk,Fall
11/24/2011 12:00,58,7250,9115,0,wk,Fall
11/25/2011 12:00,66,7360,9115,0,wk,Fall
11/26/2011 12:00,58,7380,9115,0,wknd,Fall
11/27/2011 12:00,47,7540,9115,0,wknd,Fall
11/28/2011 12:00,48,9170,9115,1,wk,Fall
11/29/2011 12:00,51,9290,9115,1,wk,Fall
11/30/2011 12:00,51.5,9370,9115,1,wk,Fall
12/1/2011 12:00,57,9400,7870,1,wk,Winter
12/2/2011 12:00,57,9230,7870,1,wk,Winter
12/3/2011 12:00,62,7750,7870,1,wknd,Winter
12/4/2011 12:00,55.5,7660,7870,1,wknd,Winter
12/5/2011 12:00,39.5,8950,7870,1,wk,Winter
12/6/2011 12:00,36,8790,7870,1,wk,Winter
12/7/2011 12:00,39.5,8710,7870,1,wk,Winter
12/8/2011 12:00,43,8890,7870,1,wk,Winter
12/9/2011 12:00,52.5,8890,7870,1,wk,Winter
12/10/2011 12:00,49.5,8890,7870,1,wknd,Winter
12/11/2011 12:00,48,8890,7870,1,wknd,Winter
12/12/2011 12:00,54.5,8640,7870,1,wk,Winter
12/13/2011 12:00,62.5,8590,7870,1,wk,Winter
12/14/2011 12:00,69,8450,7870,0,wk,Winter
12/15/2011 12:00,60,8270,7870,0,wk,Winter
12/16/2011 12:00,51,8110,7870,0,wk,Winter
12/17/2011 12:00,53.5,6870,7870,0,wknd,Winter
12/18/2011 12:00,57,6870,7870,0,wknd,Winter
12/19/2011 12:00,63,8160,7870,0,wk,Winter
12/20/2011 12:00,52.5,7860,7870,0,wk,Winter
12/21/2011 12:00,46.5,7870,7870,0,wk,Winter
12/22/2011 12:00,55,7510,7870,0,wk,Winter
12/23/2011 12:00,42.5,6510,7870,0,wk,Winter
12/24/2011 12:00,42.5,6290,7870,0,wknd,Winter
12/25/2011 12:00,43.5,6240,7870,0,wknd,Winter
12/26/2011 12:00,47.5,6350,7870,0,wk,Winter
12/27/2011 12:00,51,6600,7870,0,wk,Winter
12/28/2011 12:00,52.5,6750,7870,0,wk,Winter
12/29/2011 12:00,54.5,6650,7870,0,wk,Winter
12/30/2011 12:00,58,6700,7870,0,wk,Winter
12/31/2011 12:00,62.5,6560,7870,0,wknd,Winter
1/2/2012 12:00,48.5,6700,7850,0,wk,Winter
1/3/2012 12:00,46.5,7520,7850,0,wk,Winter
1/4/2012 12:00,57,7850,7850,0,wk,Winter
1/5/2012 12:00,57,8040,7850,0,wk,Winter
1/6/2012 12:00,64.5,8230,7850,0,wk,Winter
1/7/2012 12:00,59,7020,7850,0,wknd,Winter
1/8/2012 12:00,53.5,7040,7850,0,wknd,Winter
1/9/2012 12:00,49.5,8160,7850,0,wk,Winter
1/10/2012 12:00,49.5,7980,7850,0,wk,Winter
1/11/2012 12:00,57.5,7900,7850,0,wk,Winter
1/12/2012 12:00,41.5,7650,7850,0,wk,Winter
1/13/2012 12:00,45,7730,7850,0,wk,Winter
1/14/2012 12:00,49,6650,7850,0,wknd,Winter
1/15/2012 12:00,50.5,6710,7850,0,wknd,Winter
1/16/2012 12:00,66.5,6960,7850,0,wk,Winter
1/17/2012 12:00,59,8570,7850,1,wk,Winter
1/18/2012 12:00,51,8420,7850,1,wk,Winter
1/19/2012 12:00,62.5,8710,7850,1,wk,Winter
1/20/2012 12:00,65.5,8840,7850,1,wk,Winter
1/21/2012 12:00,52,7280,7850,1,wknd,Winter
1/22/2012 12:00,63,7470,7850,1,wknd,Winter
1/23/2012 12:00,57.5,8850,7850,1,wk,Winter
1/24/2012 12:00,57.5,8890,7850,1,wk,Winter
1/26/2012 12:00,58.5,8950,7850,1,wk,Winter
1/27/2012 12:00,54.5,8840,7850,1,wk,Winter
1/28/2012 12:00,50,7400,7850,1,wknd,Winter
1/29/2012 12:00,48.5,7550,7850,1,wknd,Winter
1/30/2012 12:00,52.5,9270,7850,1,wk,Winter
1/31/2012 12:00,65.5,9340,7850,1,wk,Winter
2/1/2012 12:00,70.5,9400,9080,1,wk,Winter
2/2/2012 12:00,63,9370,9080,1,wk,Winter
2/3/2012 12:00,70.5,8920,9080,1,wk,Winter
2/4/2012 12:00,59.5,7440,9080,1,wknd,Winter
2/5/2012 12:00,45.5,7500,9080,1,wknd,Winter
2/6/2012 12:00,45.5,9100,9080,1,wk,Winter
2/7/2012 12:00,55,9420,9080,1,wk,Winter
2/8/2012 12:00,48.5,9390,9080,1,wk,Winter
2/9/2012 12:00,47.5,9030,9080,1,wk,Winter
2/10/2012 12:00,56.5,8860,9080,1,wk,Winter
2/11/2012 12:00,42.5,7380,9080,1,wknd,Winter
2/12/2012 12:00,36.5,7600,9080,1,wknd,Winter
2/13/2012 12:00,51.5,9210,9080,1,wk,Winter
2/14/2012 12:00,57.5,9570,9080,1,wk,Winter
2/15/2012 12:00,67.5,9390,9080,1,wk,Winter
2/16/2012 12:00,57.5,9090,9080,1,wk,Winter
2/17/2012 12:00,54,8700,9080,1,wk,Winter
2/18/2012 12:00,52.5,7140,9080,1,wknd,Winter
2/19/2012 12:00,51.5,7370,9080,1,wknd,Winter
2/20/2012 12:00,58.5,9080,9080,1,wk,Winter
2/21/2012 12:00,62.5,9180,9080,1,wk,Winter
2/22/2012 12:00,75,9090,9080,1,wk,Winter
2/23/2012 12:00,75,8910,9080,1,wk,Winter
2/24/2012 12:00,55.5,8590,9080,1,wk,Winter
2/25/2012 12:00,50.5,7410,9080,1,wknd,Winter
2/26/2012 12:00,53,7860,9080,1,wknd,Winter
2/27/2012 12:00,64.5,9380,9080,1,wk,Winter
2/28/2012 12:00,70,9410,9080,1,wk,Winter
2/29/2012 12:00,68,9170,9080,1,wk,Winter
3/1/2012 12:00,62.5,9360,8780,1,wk,Spring
3/2/2012 12:00,71,8850,8780,1,wk,Spring
3/3/2012 12:00,55.5,7710,8780,1,wknd,Spring
3/4/2012 12:00,57.5,7690,8780,1,wknd,Spring
3/5/2012 12:00,61.5,9200,8780,1,wk,Spring
3/6/2012 12:00,64.5,9470,8780,1,wk,Spring
3/7/2012 12:00,68.5,9350,8780,1,wk,Spring
3/8/2012 12:00,61,9120,8780,1,wk,Spring
3/9/2012 12:00,44,8440,8780,1,wk,Spring
3/10/2012 12:00,47.5,6960,8780,0,wknd,Spring
3/11/2012 12:00,62.5,6740,8780,0,wknd,Spring
3/12/2012 12:00,65.5,8100,8780,0,wk,Spring
3/13/2012 12:00,72,8050,8780,0,wk,Spring
3/14/2012 12:00,73,8320,8780,0,wk,Spring
3/15/2012 12:00,74.5,8000,8780,0,wk,Spring
3/16/2012 12:00,74,7920,8780,0,wk,Spring
3/17/2012 12:00,72.5,6970,8780,0,wknd,Spring
3/18/2012 12:00,71,7400,8780,0,wknd,Spring
3/19/2012 12:00,69,9010,8780,1,wk,Spring
3/20/2012 12:00,61,9130,8780,1,wk,Spring
3/21/2012 12:00,60,9240,8780,1,wk,Spring
3/22/2012 12:00,67,9240,8780,1,wk,Spring
3/23/2012 12:00,64.5,8980,8780,1,wk,Spring
3/24/2012 12:00,67,7380,8780,1,wknd,Spring
3/25/2012 12:00,70,7710,8780,1,wknd,Spring
3/26/2012 12:00,70.5,9110,8780,1,wk,Spring
3/27/2012 12:00,70,9170,8780,1,wk,Spring
3/28/2012 12:00,68,9080,8780,1,wk,Spring
3/29/2012 12:00,72.5,9270,8780,1,wk,Spring
3/30/2012 12:00,76,8780,8780,1,wk,Spring
3/31/2012 12:00,76.5,7440,8780,1,wknd,Spring
4/1/2012 12:00,77.5,7610,9275,1,wknd,Spring
4/2/2012 12:00,78,9270,9275,1,wk,Spring
4/3/2012 12:00,74.5,9380,9275,1,wk,Spring
4/4/2012 12:00,71,9300,9275,1,wk,Spring
4/5/2012 12:00,77,9340,9275,1,wk,Spring
4/6/2012 12:00,72.5,8860,9275,1,wk,Spring
4/7/2012 12:00,76,7480,9275,1,wknd,Spring
4/8/2012 12:00,73,7600,9275,1,wknd,Spring
4/9/2012 12:00,73,9280,9275,1,wk,Spring
4/10/2012 12:00,72.5,9270,9275,1,wk,Spring
4/11/2012 12:00,72.5,9570,9275,1,wk,Spring
4/12/2012 12:00,77,9400,9275,1,wk,Spring
4/13/2012 12:00,75,8920,9275,1,wk,Spring
4/14/2012 12:00,75.5,7530,9275,1,wknd,Spring
4/15/2012 12:00,67.5,7770,9275,1,wknd,Spring
4/16/2012 12:00,65,9280,9275,1,wk,Spring
4/17/2012 12:00,70.5,9450,9275,1,wk,Spring
4/18/2012 12:00,70,9390,9275,1,wk,Spring
4/19/2012 12:00,71.5,9330,9275,1,wk,Spring
4/20/2012 12:00,69,9030,9275,1,wk,Spring
4/21/2012 12:00,67,7880,9275,1,wknd,Spring
4/22/2012 12:00,71,8250,9275,1,wknd,Spring
4/23/2012 12:00,70.5,9570,9275,1,wk,Spring
4/24/2012 12:00,71.5,9710,9275,1,wk,Spring
4/25/2012 12:00,78.5,9560,9275,1,wk,Spring
4/26/2012 12:00,80,9360,9275,1,wk,Spring
4/27/2012 12:00,79,8890,9275,1,wk,Spring
4/28/2012 12:00,79.5,7800,9275,1,wknd,Spring
4/29/2012 12:00,79.5,7920,9275,1,wknd,Spring
4/30/2012 12:00,79,9460,9275,1,wk,Spring
5/1/2012 12:00,80,9260,8630,1,wk,Spring
5/2/2012 12:00,79.5,9420,8630,1,wk,Spring
5/3/2012 12:00,82,9330,8630,1,wk,Spring
5/4/2012 12:00,82.5,9000,8630,1,wk,Spring
5/5/2012 12:00,83.5,7760,8630,1,wknd,Spring
5/6/2012 12:00,79.5,7790,8630,1,wknd,Spring
5/7/2012 12:00,79.5,9060,8630,1,wk,Spring
5/8/2012 12:00,66.5,8990,8630,1,wk,Spring
5/9/2012 12:00,72,9180,8630,1,wk,Spring
5/10/2012 12:00,68,9130,8630,1,wk,Spring
5/11/2012 12:00,72.5,8980,8630,1,wk,Spring
5/12/2012 12:00,73,7840,8630,1,wknd,Spring
5/13/2012 12:00,72.5,7920,8630,1,wknd,Spring
5/14/2012 12:00,74.5,8790,8630,1,wk,Spring
5/15/2012 12:00,67.5,8700,8630,1,wk,Spring
5/16/2012 12:00,72.5,8550,8630,0,wk,Spring
5/17/2012 12:00,75,8510,8630,0,wk,Spring
5/18/2012 12:00,75,8480,8630,0,wk,Spring
5/19/2012 12:00,79.5,7360,8630,0,wknd,Spring
5/20/2012 12:00,76.5,7350,8630,0,wknd,Spring
5/21/2012 12:00,79,8540,8630,0,wk,Spring
5/22/2012 12:00,80,8600,8630,0,wk,Spring
5/23/2012 12:00,79,8760,8630,0,wk,Spring
5/24/2012 12:00,82,8630,8630,0,wk,Spring
5/25/2012 12:00,82.5,8460,8630,0,wk,Spring
5/26/2012 12:00,83,7540,8630,0,wknd,Spring
5/27/2012 12:00,81.5,7440,8630,0,wknd,Spring
5/28/2012 12:00,81.5,7600,8630,0,wk,Spring
5/29/2012 12:00,84,8730,8630,0,wk,Spring
5/30/2012 12:00,83.5,8890,8630,0,wk,Spring
5/31/2012 12:00,84,8790,8630,0,wk,Spring
6/1/2012 12:00,80.5,8690,8850,0,wk,Summer
6/2/2012 12:00,83,7400,8850,0,wknd,Summer
6/3/2012 12:00,83,7750,8850,0,wknd,Summer
6/4/2012 12:00,83,8880,8850,0,wk,Summer
6/5/2012 12:00,84.5,8960,8850,0,wk,Summer
6/6/2012 12:00,84.5,9140,8850,0,wk,Summer
6/7/2012 12:00,81,9010,8850,0,wk,Summer
6/8/2012 12:00,80,8640,8850,0,wk,Summer
6/9/2012 12:00,80.5,7580,8850,0,wknd,Summer
6/10/2012 12:00,85,7910,8850,0,wknd,Summer
6/11/2012 12:00,89.5,9180,8850,0,wk,Summer
6/12/2012 12:00,83.5,9070,8850,0,wk,Summer
6/13/2012 12:00,83,9060,8850,0,wk,Summer
6/14/2012 12:00,87,9190,8850,0,wk,Summer
6/15/2012 12:00,86.5,8770,8850,0,wk,Summer
6/16/2012 12:00,86,7700,8850,0,wknd,Summer
6/17/2012 12:00,85,7890,8850,0,wknd,Summer
6/18/2012 12:00,85.5,8970,8850,0,wk,Summer
6/19/2012 12:00,85,8820,8850,0,wk,Summer
6/20/2012 12:00,85,8840,8850,0,wk,Summer
6/21/2012 12:00,84,8860,8850,0,wk,Summer
6/22/2012 12:00,84,8750,8850,0,wk,Summer
6/23/2012 12:00,86,7690,8850,0,wknd,Summer
6/24/2012 12:00,88,7900,8850,0,wknd,Summer
6/25/2012 12:00,89.5,9310,8850,0,wk,Summer
6/26/2012 12:00,93,9560,8850,0,wk,Summer
6/27/2012 12:00,91,9510,8850,0,wk,Summer
6/28/2012 12:00,88,9270,8850,0,wk,Summer
6/29/2012 12:00,88,8970,8850,0,wk,Summer
6/30/2012 12:00,84,7410,8850,0,wknd,Summer
7/1/2012 12:00,81.5,7680,8670,0,wknd,Summer
7/2/2012 12:00,86.5,8810,8670,0,wk,Summer
7/3/2012 12:00,85.5,8950,8670,0,wk,Summer
7/4/2012 12:00,88,7560,8670,0,wk,Summer
7/5/2012 12:00,87.5,8910,8670,0,wk,Summer
7/6/2012 12:00,87,8710,8670,0,wk,Summer
7/7/2012 12:00,87.5,7590,8670,0,wknd,Summer
7/8/2012 12:00,87,7700,8670,0,wknd,Summer
7/9/2012 12:00,85.5,8800,8670,0,wk,Summer
7/10/2012 12:00,81.5,8760,8670,0,wk,Summer
7/11/2012 12:00,80,8910,8670,0,wk,Summer
7/12/2012 12:00,84.5,8900,8670,0,wk,Summer
7/13/2012 12:00,85.5,8670,8670,0,wk,Summer
7/14/2012 12:00,83,7490,8670,0,wknd,Summer
7/15/2012 12:00,80.5,7580,8670,0,wknd,Summer
7/16/2012 12:00,81,8840,8670,0,wk,Summer
7/17/2012 12:00,83,8880,8670,0,wk,Summer
7/18/2012 12:00,84,8980,8670,0,wk,Summer
7/19/2012 12:00,84.5,9130,8670,0,wk,Summer
7/20/2012 12:00,86.5,8490,8670,0,wk,Summer
7/21/2012 12:00,87.5,7110,8670,0,wknd,Summer
7/22/2012 12:00,84.5,7290,8670,0,wknd,Summer
7/23/2012 12:00,85.5,8480,8670,0,wk,Summer
7/24/2012 12:00,86.5,8680,8670,0,wk,Summer
7/25/2012 12:00,86,8680,8670,0,wk,Summer
7/26/2012 12:00,86.5,8550,8670,0,wk,Summer
7/27/2012 12:00,87,8090,8670,0,wk,Summer
7/28/2012 12:00,86,7050,8670,0,wknd,Summer
7/29/2012 12:00,87,7390,8670,0,wknd,Summer
7/30/2012 12:00,86.5,8600,8670,0,wk,Summer
7/31/2012 12:00,88,8690,8670,0,wk,Summer
8/1/2012 12:00,88.5,8670,8190,0,wk,Summer
8/2/2012 12:00,88,8660,8190,0,wk,Summer
8/3/2012 12:00,88,8340,8190,0,wk,Summer
8/4/2012 12:00,88,7460,8190,0,wknd,Summer
8/5/2012 12:00,86,7440,8190,0,wknd,Summer
8/6/2012 12:00,85,8560,8190,0,wk,Summer
8/7/2012 12:00,89,8650,8190,0,wk,Summer
8/8/2012 12:00,88.5,8760,8190,0,wk,Summer
8/9/2012 12:00,90,8980,8190,0,wk,Summer
8/10/2012 12:00,92,8560,8190,0,wk,Summer
8/11/2012 12:00,88.5,7230,8190,0,wknd,Summer
8/12/2012 12:00,89.5,7440,8190,0,wknd,Summer
8/13/2012 12:00,91,8580,8190,0,wk,Summer
8/14/2012 12:00,90,8470,8190,0,wk,Summer
8/15/2012 12:00,90,8330,8190,0,wk,Summer
8/16/2012 12:00,89,8160,8190,0,wk,Summer
8/17/2012 12:00,90,8180,8190,0,wk,Summer
8/18/2012 12:00,80,6870,8190,0,wknd,Summer
8/19/2012 12:00,80,6800,8190,0,wknd,Summer
8/20/2012 12:00,83.5,7840,8190,0,wk,Summer
8/21/2012 12:00,82.5,7930,8190,0,wk,Summer
8/22/2012 12:00,81.5,7730,8190,0,wk,Summer
8/23/2012 12:00,83,8000,8190,0,wk,Summer
8/24/2012 12:00,85.5,8190,8190,0,wk,Summer
8/25/2012 12:00,87.5,6970,8190,0,wknd,Summer
8/26/2012 12:00,87,6870,8190,0,wknd,Summer
8/27/2012 12:00,86,8090,8190,0,wk,Summer
8/28/2012 12:00,87.5,8300,8190,1,wk,Summer
8/29/2012 12:00,88.5,8770,8190,1,wk,Summer
8/30/2012 12:00,90.5,8900,8190,1,wk,Summer
8/31/2012 12:00,86.5,8640,8190,1,wk,Summer
9/1/2012 12:00,89.5,7240,8760,1,wknd,Fall
9/2/2012 12:00,87.5,7140,8760,1,wknd,Fall
9/3/2012 12:00,88,7370,8760,1,wk,Fall
9/4/2012 12:00,89.5,9120,8760,1,wk,Fall
9/5/2012 12:00,89.5,9030,8760,1,wk,Fall
9/6/2012 12:00,88,9140,8760,1,wk,Fall
9/7/2012 12:00,89,8830,8760,1,wk,Fall
9/8/2012 12:00,81,7220,8760,1,wknd,Fall
9/9/2012 12:00,80,7650,8760,1,wknd,Fall
9/10/2012 12:00,78,9010,8760,1,wk,Fall
9/11/2012 12:00,78.5,8960,8760,1,wk,Fall
9/12/2012 12:00,87,9070,8760,1,wk,Fall
9/13/2012 12:00,79,8800,8760,1,wk,Fall
9/14/2012 12:00,69,7880,8760,1,wk,Fall
9/15/2012 12:00,73.5,7240,8760,1,wknd,Fall
9/16/2012 12:00,69,7380,8760,1,wknd,Fall
9/17/2012 12:00,75,8720,8760,1,wk,Fall
9/18/2012 12:00,76.5,8919.586,8760,1,wk,Fall
9/19/2012 12:00,74.5,8840,8760,1,wk,Fall
9/20/2012 12:00,76.5,8880,8760,1,wk,Fall
9/21/2012 12:00,76.5,8480,8760,1,wk,Fall
9/22/2012 12:00,76.5,7360,8760,1,wknd,Fall
9/23/2012 12:00,79.5,7650,8760,1,wknd,Fall
9/24/2012 12:00,80.5,9010,8760,1,wk,Fall
9/25/2012 12:00,81.5,8880,8760,1,wk,Fall
9/26/2012 12:00,82,9000,8760,1,wk,Fall
9/27/2012 12:00,79.5,8800,8760,1,wk,Fall
9/28/2012 12:00,79,8560,8760,1,wk,Fall
9/29/2012 12:00,74.5,6900,8760,1,wknd,Fall
9/30/2012 12:00,71.5,7270,8760,1,wknd,Fall
10/1/2012 12:00,72.5,8800,8690,1,wk,Fall
10/2/2012 12:00,71.5,8700,8690,1,wk,Fall
10/3/2012 12:00,70.5,8760,8690,1,wk,Fall
10/4/2012 12:00,78.5,8800,8690,1,wk,Fall
10/5/2012 12:00,80,8590,8690,1,wk,Fall
10/6/2012 12:00,63.5,6960,8690,1,wknd,Fall
10/7/2012 12:00,54,7320,8690,1,wknd,Fall
10/8/2012 12:00,60,8860,8690,1,wk,Fall
10/9/2012 12:00,69.5,8750,8690,1,wk,Fall
10/10/2012 12:00,79.5,8810,8690,1,wk,Fall
10/11/2012 12:00,78,8750,8690,1,wk,Fall
10/12/2012 12:00,80,8500,8690,1,wk,Fall
10/13/2012 12:00,78.5,6900,8690,1,wknd,Fall
10/14/2012 12:00,76,7400,8690,1,wknd,Fall
10/15/2012 12:00,69.5,8710,8690,1,wk,Fall
10/16/2012 12:00,66.5,8670,8690,1,wk,Fall
10/17/2012 12:00,77,9030,8690,1,wk,Fall
10/18/2012 12:00,67,8700,8690,1,wk,Fall
10/19/2012 12:00,66.5,8370,8690,1,wk,Fall
10/20/2012 12:00,71,6930,8690,1,wknd,Fall
10/21/2012 12:00,82.5,7490,8690,1,wknd,Fall
10/22/2012 12:00,80.5,8780,8690,1,wk,Fall
10/23/2012 12:00,78,8700,8690,1,wk,Fall
10/24/2012 12:00,77,8770,8690,1,wk,Fall
10/25/2012 12:00,75.5,8760,8690,1,wk,Fall
10/26/2012 12:00,56.5,8280,8690,1,wk,Fall
10/27/2012 12:00,54,6920,8690,1,wknd,Fall
10/28/2012 12:00,55,7130,8690,1,wknd,Fall
10/29/2012 12:00,55,8610,8690,1,wk,Fall
10/30/2012 12:00,60.5,8650,8690,1,wk,Fall
10/31/2012 12:00,71,8690,8690,1,wk,Fall
11/1/2012 12:00,72.5,8700,7895,1,wk,Fall
11/2/2012 12:00,73,8350,7895,1,wk,Fall
11/3/2012 12:00,75,6900,7895,1,wknd,Fall
11/4/2012 12:00,70.5,7280,7895,1,wknd,Fall
11/5/2012 12:00,72,8720,7895,1,wk,Fall
11/6/2012 12:00,64.5,8460,7895,1,wk,Fall
11/7/2012 12:00,67,8510,7895,1,wk,Fall
11/8/2012 12:00,70,8620,7895,1,wk,Fall
11/9/2012 12:00,73.5,8260,7895,1,wk,Fall
11/10/2012 12:00,74,6760,7895,1,wknd,Fall
11/11/2012 12:00,73.5,7200,7895,1,wknd,Fall
11/12/2012 12:00,54,8350,7895,1,wk,Fall
11/13/2012 12:00,47.5,8410,7895,1,wk,Fall
11/14/2012 12:00,57,8330,7895,1,wk,Fall
11/15/2012 12:00,53,8210,7895,1,wk,Fall
11/16/2012 12:00,58,7690,7895,1,wk,Fall
11/17/2012 12:00,54,6180,7895,1,wknd,Fall
11/18/2012 12:00,60.5,6750,7895,1,wknd,Fall
11/19/2012 12:00,66.5,8110,7895,1,wk,Fall
11/20/2012 12:00,68,8050,7895,1,wk,Fall
11/21/2012 12:00,68.5,7370,7895,1,wk,Fall
11/22/2012 12:00,67.5,5990,7895,0,wk,Fall
11/23/2012 12:00,64,5830,7895,0,wk,Fall
11/24/2012 12:00,56,5790,7895,0,wknd,Fall
11/25/2012 12:00,61.5,6260,7895,0,wknd,Fall
11/26/2012 12:00,72.5,7840,7895,1,wk,Fall
11/27/2012 12:00,50,7900,7895,1,wk,Fall
11/28/2012 12:00,53,7790,7895,1,wk,Fall
11/29/2012 12:00,57.5,7890,7895,1,wk,Fall
11/30/2012 12:00,70.5,8030,7895,1,wk,Fall
12/1/2012 12:00,75,6580,7300,1,wknd,Winter
12/2/2012 12:00,74,6770,7300,1,wknd,Winter
12/3/2012 12:00,72.5,8440,7300,1,wk,Winter
12/4/2012 12:00,68,8250,7300,1,wk,Winter
12/5/2012 12:00,62,8260,7300,1,wk,Winter
12/6/2012 12:00,61.5,8120,7300,1,wk,Winter
12/7/2012 12:00,68,7870,7300,1,wk,Winter
12/8/2012 12:00,72,6350,7300,1,wknd,Winter
12/9/2012 12:00,67.5,6640,7300,1,wknd,Winter
12/10/2012 12:00,45.5,8100,7300,1,wk,Winter
12/11/2012 12:00,43,8400,7300,1,wk,Winter
12/12/2012 12:00,46,8260,7300,1,wk,Winter
12/13/2012 12:00,52,8010,7300,1,wk,Winter
12/14/2012 12:00,63.5,7550,7300,1,wk,Winter
12/15/2012 12:00,67,6360,7300,1,wknd,Winter
12/16/2012 12:00,62.5,6460,7300,1,wknd,Winter
12/17/2012 12:00,58,7580,7300,1,wk,Winter
12/18/2012 12:00,61,7380,7300,1,wk,Winter
12/19/2012 12:00,74.5,7220,7300,0,wk,Winter
12/20/2012 12:00,53,7140,7300,0,wk,Winter
12/21/2012 12:00,48.5,6310,7300,0,wk,Winter
12/22/2012 12:00,52,4920,7300,0,wknd,Winter
12/23/2012 12:00,65.5,5150,7300,0,wknd,Winter
12/24/2012 12:00,58,4900,7300,0,wk,Winter
12/25/2012 12:00,49.5,4870,7300,0,wk,Winter
12/26/2012 12:00,36,5050,7300,0,wk,Winter
12/27/2012 12:00,37.5,5120,7300,0,wk,Winter
12/28/2012 12:00,50,5150,7300,0,wk,Winter
12/29/2012 12:00,42.5,5260,7300,0,wknd,Winter
12/30/2012 12:00,40,4990,7300,0,wknd,Winter
12/31/2012 12:00,52,5080,7300,0,wk,Winter
1/1/2013 12:00,47,5110,7515,0,wk,Winter
1/2/2013 12:00,39.5,7020,7515,0,wk,Winter
1/3/2013 12:00,39,7320,7515,0,wk,Winter
1/4/2013 12:00,41,7310,7515,0,wk,Winter
1/5/2013 12:00,47,6450,7515,0,wknd,Winter
1/6/2013 12:00,47.5,6380,7515,0,wknd,Winter
1/7/2013 12:00,44,7460,7515,0,wk,Winter
1/8/2013 12:00,50,7560,7515,0,wk,Winter
1/9/2013 12:00,55,7530,7515,0,wk,Winter
1/10/2013 12:00,55.5,7450,7515,0,wk,Winter
1/11/2013 12:00,60.5,7500,7515,0,wk,Winter
1/12/2013 12:00,61,6320,7515,0,wknd,Winter
1/13/2013 12:00,45.5,6550,7515,0,wknd,Winter
1/14/2013 12:00,43,8180,7515,1,wk,Winter
1/15/2013 12:00,38.5,8370,7515,1,wk,Winter
1/16/2013 12:00,42,8280,7515,1,wk,Winter
1/17/2013 12:00,52,8210,7515,1,wk,Winter
1/18/2013 12:00,50,7830,7515,1,wk,Winter
1/19/2013 12:00,55,6730,7515,1,wknd,Winter
1/20/2013 12:00,58.5,6890,7515,1,wknd,Winter
1/21/2013 12:00,60.5,6740,7515,1,wk,Winter
1/22/2013 12:00,57,8330,7515,1,wk,Winter
1/23/2013 12:00,64,8260,7515,1,wk,Winter
1/24/2013 12:00,69.5,8420,7515,1,wk,Winter
1/25/2013 12:00,68,7940,7515,1,wk,Winter
1/26/2013 12:00,59,5900,7515,1,wknd,Winter
1/27/2013 12:00,69.5,6240,7515,1,wknd,Winter
1/28/2013 12:00,73,8030,7515,1,wk,Winter
1/29/2013 12:00,70.5,8410,7515,1,wk,Winter
1/30/2013 12:00,48.5,8220,7515,1,wk,Winter
1/31/2013 12:00,51,8140,7515,1,wk,Winter
2/1/2013 12:00,59,7670,7885,1,wk,Winter
2/2/2013 12:00,61,6500,7885,1,wknd,Winter
2/3/2013 12:00,58.5,6530,7885,1,wknd,Winter
2/4/2013 12:00,66.5,8230,7885,1,wk,Winter
2/5/2013 12:00,66.5,8230,7885,1,wk,Winter
2/6/2013 12:00,68,8250,7885,1,wk,Winter
2/7/2013 12:00,72.5,8190,7885,1,wk,Winter
2/8/2013 12:00,60.5,7680,7885,1,wk,Winter
2/9/2013 12:00,61,6120,7885,1,wknd,Winter
2/10/2013 12:00,62,6440,7885,1,wknd,Winter
2/11/2013 12:00,54,8000,7885,1,wk,Winter
2/12/2013 12:00,60.5,8030,7885,1,wk,Winter
2/13/2013 12:00,52,7850,7885,1,wk,Winter
2/14/2013 12:00,54.5,7900,7885,1,wk,Winter
2/15/2013 12:00,53,7550,7885,1,wk,Winter
2/16/2013 12:00,50.5,6330,7885,1,wknd,Winter
2/17/2013 12:00,55.5,6400,7885,1,wknd,Winter
2/18/2013 12:00,70.5,7940,7885,1,wk,Winter
2/19/2013 12:00,58,7950,7885,1,wk,Winter
2/20/2013 12:00,58,7990,7885,1,wk,Winter
2/21/2013 12:00,65.5,8110,7885,1,wk,Winter
2/22/2013 12:00,51.5,7620,7885,1,wk,Winter
2/23/2013 12:00,56.5,6390,7885,1,wknd,Winter
2/24/2013 12:00,57.5,6760,7885,1,wknd,Winter
2/25/2013 12:00,56,7940,7885,1,wk,Winter
2/26/2013 12:00,54.5,8100,7885,1,wk,Winter
2/27/2013 12:00,55.5,7870,7885,1,wk,Winter
2/28/2013 12:00,52,7940,7885,1,wk,Winter
3/1/2013 12:00,53.5,7690,7390,1,wk,Spring
3/2/2013 12:00,51.5,6510,7390,1,wknd,Spring
3/3/2013 12:00,58,6440,7390,1,wknd,Spring
3/4/2013 12:00,72,7910,7390,1,wk,Spring
3/5/2013 12:00,57,7810,7390,1,wk,Spring
3/6/2013 12:00,53,7850,7390,1,wk,Spring
3/7/2013 12:00,58.5,7840,7390,1,wk,Spring
3/8/2013 12:00,62,7390,7390,1,wk,Spring
3/9/2013 12:00,67.5,5930,7390,0,wknd,Spring
3/10/2013 12:00,56.5,5730,7390,0,wknd,Spring
3/11/2013 12:00,53.5,6980,7390,0,wk,Spring
3/12/2013 12:00,61,6800,7390,0,wk,Spring
3/13/2013 12:00,62.5,6640,7390,0,wk,Spring
3/14/2013 12:00,64.5,6680,7390,0,wk,Spring
3/15/2013 12:00,67.5,6710,7390,0,wk,Spring
3/16/2013 12:00,72.5,6070,7390,0,wknd,Spring
3/17/2013 12:00,75,6300,7390,0,wknd,Spring
3/18/2013 12:00,76,8100,7390,1,wk,Spring
3/19/2013 12:00,68,8010,7390,1,wk,Spring
3/20/2013 12:00,63,8060,7390,1,wk,Spring
3/21/2013 12:00,67,7930,7390,1,wk,Spring
3/22/2013 12:00,70,7760,7390,1,wk,Spring
3/23/2013 12:00,66,6170,7390,1,wknd,Spring
3/24/2013 12:00,52,6430,7390,1,wknd,Spring
3/25/2013 12:00,49.5,7890,7390,1,wk,Spring
3/26/2013 12:00,50,7930,7390,1,wk,Spring
3/27/2013 12:00,55.5,7890,7390,1,wk,Spring
3/28/2013 12:00,65.5,7750,7390,1,wk,Spring
3/29/2013 12:00,70,7530,7390,1,wk,Spring
3/30/2013 12:00,75.5,6410,7390,1,wknd,Spring
3/31/2013 12:00,72.5,6660,7390,1,wknd,Spring
4/1/2013 12:00,73.5,8170,7790,1,wk,Spring
4/2/2013 12:00,64.5,7960,7790,1,wk,Spring
4/3/2013 12:00,53,7870,7790,1,wk,Spring
4/4/2013 12:00,54,7860,7790,1,wk,Spring
4/5/2013 12:00,56.5,7360,7790,1,wk,Spring
4/6/2013 12:00,67.5,6050,7790,1,wknd,Spring
4/7/2013 12:00,73.5,6370,7790,1,wknd,Spring
4/8/2013 12:00,72,7900,7790,1,wk,Spring
4/9/2013 12:00,78,8040,7790,1,wk,Spring
4/10/2013 12:00,59.5,7800,7790,1,wk,Spring
4/11/2013 12:00,55.5,7730,7790,1,wk,Spring
4/12/2013 12:00,62.5,7420,7790,1,wk,Spring
4/13/2013 12:00,66,5980,7790,1,wknd,Spring
4/14/2013 12:00,72.5,6440,7790,1,wknd,Spring
4/15/2013 12:00,79,7990,7790,1,wk,Spring
4/16/2013 12:00,77.5,8140,7790,1,wk,Spring
4/17/2013 12:00,79,7970,7790,1,wk,Spring
4/18/2013 12:00,62.5,7780,7790,1,wk,Spring
4/19/2013 12:00,57,7410,7790,1,wk,Spring
4/20/2013 12:00,57,6120,7790,1,wknd,Spring
4/21/2013 12:00,64,6560,7790,1,wknd,Spring
4/22/2013 12:00,70.5,7910,7790,1,wk,Spring
4/23/2013 12:00,64,7970,7790,1,wk,Spring
4/24/2013 12:00,55,7730,7790,1,wk,Spring
4/25/2013 12:00,63,7840,7790,1,wk,Spring
4/26/2013 12:00,69.5,7460,7790,1,wk,Spring
4/27/2013 12:00,77,6350,7790,1,wknd,Spring
4/28/2013 12:00,74.5,6570,7790,1,wknd,Spring
4/29/2013 12:00,76.5,8070,7790,1,wk,Spring
4/30/2013 12:00,74,8100,7790,1,wk,Spring
5/1/2013 12:00,78.5,8330,7360,1,wk,Spring
5/2/2013 12:00,61.5,8300,7360,1,wk,Spring
5/3/2013 12:00,57.5,7840,7360,1,wk,Spring
5/4/2013 12:00,65.5,7080,7360,1,wknd,Spring
5/5/2013 12:00,65,7330,7360,1,wknd,Spring
5/6/2013 12:00,63,8410,7360,1,wk,Spring
5/7/2013 12:00,69,8130,7360,1,wk,Spring
5/8/2013 12:00,75.5,8070,7360,1,wk,Spring
5/9/2013 12:00,72,7940,7360,1,wk,Spring
5/10/2013 12:00,75,7640,7360,1,wk,Spring
5/11/2013 12:00,72.5,6660,7360,1,wknd,Spring
5/12/2013 12:00,71.5,6710,7360,1,wknd,Spring
5/13/2013 12:00,70,7810,7360,1,wk,Spring
5/14/2013 12:00,74,7580,7360,1,wk,Spring
5/15/2013 12:00,77,7550,7360,0,wk,Spring
5/16/2013 12:00,82,7460,7360,0,wk,Spring
5/17/2013 12:00,85,7300,7360,0,wk,Spring
5/18/2013 12:00,84,6280,7360,0,wknd,Spring
5/19/2013 12:00,83.5,6420,7360,0,wknd,Spring
5/20/2013 12:00,83.5,7480,7360,0,wk,Spring
5/21/2013 12:00,79.5,7440,7360,0,wk,Spring
5/22/2013 12:00,77.5,7200,7360,0,wk,Spring
5/23/2013 12:00,83,7270,7360,0,wk,Spring
5/24/2013 12:00,74.5,7200,7360,0,wk,Spring
5/25/2013 12:00,75.5,6080,7360,0,wknd,Spring
5/26/2013 12:00,79,6100,7360,0,wknd,Spring
5/27/2013 12:00,81,6290,7360,0,wk,Spring
5/28/2013 12:00,82.5,7330,7360,0,wk,Spring
5/29/2013 12:00,81.5,7360,7360,0,wk,Spring
5/30/2013 12:00,83,7460,7360,0,wk,Spring
5/31/2013 12:00,84.5,7330,7360,0,wk,Spring
6/1/2013 12:00,86,6250,7580,0,wknd,Summer
6/2/2013 12:00,78.5,6200,7580,0,wknd,Summer
6/3/2013 12:00,79,7550,7580,0,wk,Summer
6/4/2013 12:00,82,7660,7580,0,wk,Summer
6/5/2013 12:00,82,7670,7580,0,wk,Summer
6/6/2013 12:00,84.5,7830,7580,0,wk,Summer
6/7/2013 12:00,79,7280,7580,0,wk,Summer
6/8/2013 12:00,77.5,6230,7580,0,wknd,Summer
6/9/2013 12:00,79,6410,7580,0,wknd,Summer
6/10/2013 12:00,83.5,7610,7580,0,wk,Summer
6/11/2013 12:00,85.5,7680,7580,0,wk,Summer
6/12/2013 12:00,86,7890,7580,0,wk,Summer
6/13/2013 12:00,87,7730,7580,0,wk,Summer
6/14/2013 12:00,84,7440,7580,0,wk,Summer
6/15/2013 12:00,85,6120,7580,0,wknd,Summer
6/16/2013 12:00,87,6390,7580,0,wknd,Summer
6/17/2013 12:00,88,7750,7580,0,wk,Summer
6/18/2013 12:00,82.5,7610,7580,0,wk,Summer
6/19/2013 12:00,87,7882,7580,0,wk,Summer
6/20/2013 12:00,87,5977,7580,0,wk,Summer
6/21/2013 12:00,88,-1511,7580,0,wk,Summer
6/22/2013 12:00,88,-2726,7580,0,wknd,Summer
6/23/2013 12:00,88,6452,7580,0,wknd,Summer
6/24/2013 12:00,87.5,-1450,7580,0,wk,Summer
6/25/2013 12:00,89.5,7766,7580,0,wk,Summer
6/26/2013 12:00,90,-10130,7580,0,wk,Summer
6/27/2013 12:00,90,-1259,7580,0,wk,Summer
6/28/2013 12:00,90.5,7638,7580,0,wk,Summer
6/29/2013 12:00,91.5,-2585,7580,0,wknd,Summer
6/30/2013 12:00,84,6244,7580,0,wknd,Summer
7/1/2013 12:00,82,-1523,7409,0,wk,Summer
7/2/2013 12:00,82,13712,7409,0,wk,Summer
7/3/2013 12:00,81.5,7375,7409,0,wk,Summer
7/4/2013 12:00,83,6120,7409,0,wk,Summer
7/5/2013 12:00,85.5,7235,7409,0,wk,Summer
7/6/2013 12:00,86,6336,7409,0,wknd,Summer
7/7/2013 12:00,89,6500,7409,0,wknd,Summer
7/8/2013 12:00,84,7648,7409,0,wk,Summer
7/9/2013 12:00,89,7870,7409,0,wk,Summer
7/10/2013 12:00,89,7902,7409,0,wk,Summer
7/11/2013 12:00,89,7916,7409,0,wk,Summer
7/12/2013 12:00,89,7654,7409,0,wk,Summer
7/13/2013 12:00,90.5,6413,7409,0,wknd,Summer
7/14/2013 12:00,86,6399,7409,0,wknd,Summer
7/15/2013 12:00,74,7356,7409,0,wk,Summer
7/16/2013 12:00,83,7517,7409,0,wk,Summer
7/17/2013 12:00,82.5,7409,7409,0,wk,Summer
7/18/2013 12:00,84,7385,7409,0,wk,Summer
7/19/2013 12:00,84,7238,7409,0,wk,Summer
7/20/2013 12:00,85.5,5968,7409,0,wknd,Summer
7/21/2013 12:00,85.5,6233,7409,0,wknd,Summer
7/22/2013 12:00,88.5,7512,7409,0,wk,Summer
7/23/2013 12:00,88.5,7536,7409,0,wk,Summer
7/24/2013 12:00,87,7633,7409,0,wk,Summer
7/25/2013 12:00,88,7669,7409,0,wk,Summer
7/26/2013 12:00,87,7410,7409,0,wk,Summer
7/27/2013 12:00,82,6038,7409,0,wknd,Summer
7/28/2013 12:00,87,6290,7409,0,wknd,Summer
7/29/2013 12:00,89.5,7441,7409,0,wk,Summer
7/30/2013 12:00,89,7512,7409,0,wk,Summer
7/31/2013 12:00,88.5,7443,7409,0,wk,Summer
8/1/2013 12:00,90,7619,7417,0,wk,Summer
8/2/2013 12:00,90,7346,7417,0,wk,Summer
8/3/2013 12:00,89.5,6139,7417,0,wknd,Summer
8/4/2013 12:00,89.5,6307,7417,0,wknd,Summer
8/5/2013 12:00,90,7501,7417,0,wk,Summer
8/6/2013 12:00,91,7575,7417,0,wk,Summer
8/7/2013 12:00,92.5,7554,7417,0,wk,Summer
8/8/2013 12:00,91.5,7569,7417,0,wk,Summer
8/9/2013 12:00,90,7289,7417,0,wk,Summer
8/10/2013 12:00,91.5,6142,7417,0,wknd,Summer
8/11/2013 12:00,89,6264,7417,0,wknd,Summer
8/12/2013 12:00,88,7472,7417,0,wk,Summer
8/13/2013 12:00,90.5,7508,7417,0,wk,Summer
8/14/2013 12:00,92,7557,7417,0,wk,Summer
8/15/2013 12:00,85.5,7473,7417,0,wk,Summer
8/16/2013 12:00,85,7174,7417,0,wk,Summer
8/17/2013 12:00,84.5,6002,7417,0,wknd,Summer
8/18/2013 12:00,83.5,6173,7417,0,wknd,Summer
8/19/2013 12:00,85,7354,7417,0,wk,Summer
8/20/2013 12:00,85.5,7454,7417,0,wk,Summer
8/21/2013 12:00,86.5,7380,7417,0,wk,Summer
8/22/2013 12:00,87.5,7483,7417,0,wk,Summer
8/23/2013 12:00,88.5,7434,7417,0,wk,Summer
8/24/2013 12:00,89.5,6310,7417,0,wknd,Summer
8/25/2013 12:00,86.5,6296,7417,0,wknd,Summer
8/26/2013 12:00,83,7401,7417,0,wk,Summer
8/27/2013 12:00,81,7417,7417,0,wk,Summer
8/28/2013 12:00,86,7902,7417,1,wk,Summer
8/29/2013 12:00,88.5,8067,7417,1,wk,Summer
8/30/2013 12:00,90.5,7806,7417,1,wk,Summer
8/31/2013 12:00,90,6119,7417,1,wknd,Summer
9/1/2013 12:00,89.5,6385,7965.5,1,wknd,Fall
9/2/2013 12:00,90,6364,7965.5,1,wk,Fall
9/3/2013 12:00,89.5,8225,7965.5,1,wk,Fall
9/4/2013 12:00,89.5,8315,7965.5,1,wk,Fall
9/5/2013 12:00,86.5,8375,7965.5,1,wk,Fall
9/6/2013 12:00,88,7940,7965.5,1,wk,Fall
9/7/2013 12:00,88,6519,7965.5,1,wknd,Fall
9/8/2013 12:00,84.5,6735,7965.5,1,wknd,Fall
9/9/2013 12:00,83.5,8069,7965.5,1,wk,Fall
9/10/2013 12:00,84.5,7991,7965.5,1,wk,Fall
9/11/2013 12:00,86,8164,7965.5,1,wk,Fall
9/12/2013 12:00,85,8284,7965.5,1,wk,Fall
9/13/2013 12:00,86.5,7761,7965.5,1,wk,Fall
9/14/2013 12:00,85,6362,7965.5,1,wknd,Fall
9/15/2013 12:00,85.5,6608,7965.5,1,wknd,Fall
9/16/2013 12:00,85,8139,7965.5,1,wk,Fall
9/17/2013 12:00,83,8099,7965.5,1,wk,Fall
9/18/2013 12:00,85,8239,7965.5,1,wk,Fall
9/19/2013 12:00,86.5,8233,7965.5,1,wk,Fall
9/20/2013 12:00,76,7600,7965.5,1,wk,Fall
9/21/2013 12:00,77,6063,7965.5,1,wknd,Fall
9/22/2013 12:00,74,6440,7965.5,1,wknd,Fall
9/23/2013 12:00,74.5,8028,7965.5,1,wk,Fall
9/24/2013 12:00,82,8102,7965.5,1,wk,Fall
9/25/2013 12:00,83,8214,7965.5,1,wk,Fall
9/26/2013 12:00,81,8148,7965.5,1,wk,Fall
9/27/2013 12:00,84.5,7787,7965.5,1,wk,Fall
9/28/2013 12:00,83.5,6251,7965.5,1,wknd,Fall
9/29/2013 12:00,72,6315,7965.5,1,wknd,Fall
9/30/2013 12:00,76.5,7891,7965.5,1,wk,Fall
10/1/2013 12:00,78.5,8081,7517,1,wk,Fall
10/2/2013 12:00,83.5,8214,7517,1,wk,Fall
10/3/2013 12:00,84.5,8200,7517,1,wk,Fall
10/4/2013 12:00,82.5,7768,7517,1,wk,Fall
10/5/2013 12:00,76,6210,7517,1,wknd,Fall
10/6/2013 12:00,68.5,6272,7517,1,wknd,Fall
10/7/2013 12:00,70,7753,7517,1,wk,Fall
10/8/2013 12:00,69,7794,7517,1,wk,Fall
10/9/2013 12:00,70,7815,7517,1,wk,Fall
10/10/2013 12:00,74.5,7879,7517,1,wk,Fall
10/11/2013 12:00,80,7700,7517,1,wk,Fall
10/12/2013 12:00,81,6024,7517,1,wknd,Fall
10/13/2013 12:00,71.5,6071,7517,1,wknd,Fall
10/14/2013 12:00,75,7770,7517,1,wk,Fall
10/15/2013 12:00,71.5,7840,7517,1,wk,Fall
10/16/2013 12:00,58,7517,7517,1,wk,Fall
10/17/2013 12:00,64.5,7368,7517,1,wk,Fall
10/18/2013 12:00,63.5,7157,7517,1,wk,Fall
10/19/2013 12:00,58,5703,7517,1,wknd,Fall
10/20/2013 12:00,59.5,5972,7517,1,wknd,Fall
10/21/2013 12:00,70,7516,7517,1,wk,Fall
10/22/2013 12:00,65.5,7489,7517,1,wk,Fall
10/23/2013 12:00,68,7601,7517,1,wk,Fall
10/24/2013 12:00,67.5,7595,7517,1,wk,Fall
10/25/2013 12:00,66.5,7283,7517,1,wk,Fall
10/26/2013 12:00,71.5,5999,7517,1,wknd,Fall
10/27/2013 12:00,69.5,5980,7517,1,wknd,Fall
10/28/2013 12:00,74,7576,7517,1,wk,Fall
10/29/2013 12:00,77.5,7657,7517,1,wk,Fall
10/30/2013 12:00,78,7501,7517,1,wk,Fall
10/31/2013 12:00,68,7218,7517,1,wk,Fall
11/1/2013 12:00,67.5,6977,6972,1,wk,Fall
11/2/2013 12:00,62,5675,6972,1,wknd,Fall
11/3/2013 12:00,57.5,6035,6972,1,wknd,Fall
11/4/2013 12:00,63.5,7158,6972,1,wk,Fall
11/5/2013 12:00,73,7391,6972,1,wk,Fall
11/6/2013 12:00,62,7130,6972,1,wk,Fall
11/7/2013 12:00,53.5,6728,6972,1,wk,Fall
11/8/2013 12:00,58,6493,6972,1,wk,Fall
11/9/2013 12:00,62,5352,6972,1,wknd,Fall
11/10/2013 12:00,65.5,5426,6972,1,wknd,Fall
11/11/2013 12:00,65,7040,6972,1,wk,Fall
11/12/2013 12:00,52.5,6722,6972,1,wk,Fall
11/13/2013 12:00,45.5,6967,6972,1,wk,Fall
11/14/2013 12:00,48,7016,6972,1,wk,Fall
11/15/2013 12:00,64.5,7033,6972,1,wk,Fall
11/16/2013 12:00,72,5885,6972,1,wknd,Fall
11/17/2013 12:00,78.5,6062,6972,1,wknd,Fall
11/18/2013 12:00,71,7461,6972,1,wk,Fall
11/19/2013 12:00,64.5,7695,6972,1,wk,Fall
11/20/2013 12:00,65,7318,6972,1,wk,Fall
11/21/2013 12:00,74,7824,6972,1,wk,Fall
11/22/2013 12:00,55,7103,6972,1,wk,Fall
11/23/2013 12:00,39.5,5845,6972,1,wknd,Fall
11/24/2013 12:00,39,6590,6972,1,wknd,Fall
11/25/2013 12:00,37.5,8505,6972,1,wk,Fall
11/26/2013 12:00,46,8636,6972,1,wk,Fall
11/27/2013 12:00,42.5,7273,6972,1,wk,Fall
11/28/2013 12:00,44.5,5241,6972,0,wk,Fall
11/29/2013 12:00,48.5,5296,6972,0,wk,Fall
11/30/2013 12:00,59,5285,6972,0,wknd,Fall
12/1/2013 12:00,63,5442,6593,0,wknd,Winter
12/2/2013 12:00,69,7991,6593,1,wk,Winter
12/3/2013 12:00,67,7399,6593,1,wk,Winter
12/4/2013 12:00,65.5,7574,6593,1,wk,Winter
12/5/2013 12:00,51,7724,6593,1,wk,Winter
12/6/2013 12:00,34,7409,6593,1,wk,Winter
12/7/2013 12:00,29,6454,6593,1,wknd,Winter
12/8/2013 12:00,37.5,6846,6593,1,wknd,Winter
12/9/2013 12:00,37.5,7787,6593,1,wk,Winter
12/10/2013 12:00,38.5,7879,6593,1,wk,Winter
12/11/2013 12:00,45,7580,6593,1,wk,Winter
12/12/2013 12:00,43,7398,6593,1,wk,Winter
12/13/2013 12:00,48,7211,6593,1,wk,Winter
12/14/2013 12:00,45.5,6481,6593,1,wknd,Winter
12/15/2013 12:00,48,6496,6593,1,wknd,Winter
12/16/2013 12:00,51.5,7190,6593,1,wk,Winter
12/17/2013 12:00,55,6790,6593,1,wk,Winter
12/18/2013 12:00,55.5,6593,6593,0,wk,Winter
12/19/2013 12:00,66.5,6479,6593,0,wk,Winter
12/20/2013 12:00,70.5,5985,6593,0,wk,Winter
12/21/2013 12:00,59.5,4753,6593,0,wknd,Winter
12/22/2013 12:00,47.5,4988,6593,0,wknd,Winter
12/23/2013 12:00,45,5435,6593,0,wk,Winter
12/24/2013 12:00,46,5235,6593,0,wk,Winter
12/25/2013 12:00,49.5,5015,6593,0,wk,Winter
12/26/2013 12:00,48,5163,6593,0,wk,Winter
12/27/2013 12:00,52.5,5280,6593,0,wk,Winter
12/28/2013 12:00,51,5170,6593,0,wknd,Winter
12/29/2013 12:00,50,5127,6593,0,wknd,Winter
12/30/2013 12:00,39.5,5628,6593,0,wk,Winter
12/31/2013 12:00,45.5,5476,6593,0,wk,Winter
1/1/2014 12:00,54,5545,6775,0,wk,Winter
1/2/2014 12:00,44,6376,6775,0,wk,Winter
1/3/2014 12:00,43,6476,6775,0,wk,Winter
1/4/2014 12:00,56.5,5565,6775,0,wknd,Winter
1/5/2014 12:00,46.5,5659,6775,0,wknd,Winter
1/6/2014 12:00,29,7073,6775,0,wk,Winter
1/7/2014 12:00,35,7060,6775,0,wk,Winter
1/8/2014 12:00,46.5,6877,6775,0,wk,Winter
1/9/2014 12:00,61.5,6566,6775,0,wk,Winter
1/10/2014 12:00,64.5,6224,6775,0,wk,Winter
1/11/2014 12:00,61.5,5628,6775,0,wknd,Winter
1/12/2014 12:00,56.5,5632,6775,0,wknd,Winter
1/13/2014 12:00,57,6775,6775,1,wk,Winter
1/14/2014 12:00,56.5,6950,6775,1,wk,Winter
1/15/2014 12:00,52,6902,6775,1,wk,Winter
1/16/2014 12:00,56,6931,6775,1,wk,Winter
1/17/2014 12:00,53.5,6870,6775,1,wk,Winter
1/18/2014 12:00,53.5,5941,6775,1,wknd,Winter
1/19/2014 12:00,58.5,5776,6775,1,wknd,Winter
1/20/2014 12:00,64,6016,6775,1,wk,Winter
1/21/2014 12:00,50.5,7057,6775,1,wk,Winter
1/22/2014 12:00,53.5,7175,6775,1,wk,Winter
1/23/2014 12:00,41.5,7207,6775,1,wk,Winter
1/24/2014 12:00,33,6534,6775,1,wk,Winter
1/25/2014 12:00,48,6201,6775,1,wknd,Winter
1/26/2014 12:00,59.5,5932,6775,1,wknd,Winter
1/27/2014 12:00,47,7268,6775,1,wk,Winter
1/28/2014 12:00,33,7068,6775,1,wk,Winter
1/29/2014 12:00,38,7668,6775,1,wk,Winter
1/30/2014 12:00,48,7416,6775,1,wk,Winter
1/31/2014 12:00,67.5,6869,6775,1,wk,Winter
2/1/2014 12:00,65.5,5786,7113,1,wknd,Winter
2/2/2014 12:00,45,6078,7113,1,wknd,Winter
2/3/2014 12:00,40,7513,7113,1,wk,Winter
2/4/2014 12:00,53,7580,7113,1,wk,Winter
2/5/2014 12:00,39.5,7520,7113,1,wk,Winter
2/6/2014 12:00,29,7495,7113,1,wk,Winter
2/7/2014 12:00,33.5,6863,7113,1,wk,Winter
2/8/2014 12:00,51,6379,7113,1,wknd,Winter
2/9/2014 12:00,58.5,6534,7113,1,wknd,Winter
2/10/2014 12:00,47.5,7715,7113,1,wk,Winter
2/11/2014 12:00,34.5,7568,7113,1,wk,Winter
2/12/2014 12:00,45,7779,7113,1,wk,Winter
2/13/2014 12:00,50.5,7658,7113,1,wk,Winter
2/14/2014 12:00,66.5,7290,7113,1,wk,Winter
2/15/2014 12:00,59,5980,7113,1,wknd,Winter
2/16/2014 12:00,67.5,6097,7113,1,wknd,Winter
2/17/2014 12:00,69.5,7106,7113,1,wk,Winter
2/18/2014 12:00,68.5,7126,7113,1,wk,Winter
2/19/2014 12:00,72.5,7163,7113,1,wk,Winter
2/20/2014 12:00,70,6933,7113,1,wk,Winter
2/21/2014 12:00,56.5,6829,7113,1,wk,Winter
2/22/2014 12:00,62.5,5940,7113,1,wknd,Winter
2/23/2014 12:00,74,5716,7113,1,wknd,Winter
2/24/2014 12:00,65.5,6938,7113,1,wk,Winter
2/25/2014 12:00,61.5,7023,7113,1,wk,Winter
2/26/2014 12:00,44,7511,7113,1,wk,Winter
2/27/2014 12:00,45,7641,7113,1,wk,Winter
2/28/2014 12:00,62,7120,7113,1,wk,Winter
3/1/2014 12:00,67.5,5762,6601,1,wknd,Spring
3/2/2014 12:00,50.5,5902,6601,1,wknd,Spring
3/3/2014 12:00,35.5,7454,6601,1,wk,Spring
3/4/2014 12:00,40,7207,6601,1,wk,Spring
3/5/2014 12:00,45.5,7393,6601,1,wk,Spring
3/6/2014 12:00,54,7141,6601,1,wk,Spring
3/7/2014 12:00,53,6909,6601,1,wk,Spring
3/8/2014 12:00,51.5,5677,6601,0,wknd,Spring
3/9/2014 12:00,48.5,5602,6601,0,wknd,Spring
3/10/2014 12:00,60.5,6322,6601,0,wk,Spring
3/11/2014 12:00,69.5,6328,6601,0,wk,Spring
3/12/2014 12:00,59.5,6321,6601,0,wk,Spring
3/13/2014 12:00,52.5,6250,6601,0,wk,Spring
3/14/2014 12:00,62,6184,6601,0,wk,Spring
3/15/2014 12:00,68,5647,6601,0,wknd,Spring
3/16/2014 12:00,56,5526,6601,0,wknd,Spring
3/17/2014 12:00,54.5,6753,6601,1,wk,Spring
3/18/2014 12:00,65,6943,6601,1,wk,Spring
3/19/2014 12:00,61.5,7074,6601,1,wk,Spring
3/20/2014 12:00,59,6975,6601,1,wk,Spring
3/21/2014 12:00,67,6920,6601,1,wk,Spring
3/22/2014 12:00,69,5995,6601,1,wknd,Spring
3/23/2014 12:00,54,5699,6601,1,wknd,Spring
3/24/2014 12:00,58,6937,6601,1,wk,Spring
3/25/2014 12:00,56.5,6768,6601,1,wk,Spring
3/26/2014 12:00,60,6939,6601,1,wk,Spring
3/27/2014 12:00,71.5,6848,6601,1,wk,Spring
3/28/2014 12:00,76,6601,6601,1,wk,Spring
3/29/2014 12:00,64,5343,6601,1,wknd,Spring
3/30/2014 12:00,62,5631,6601,1,wknd,Spring
3/31/2014 12:00,72.5,6824,6601,1,wk,Spring
4/1/2014 12:00,76,6919,6820.5,1,wk,Spring
4/2/2014 12:00,76,6905,6820.5,1,wk,Spring
4/3/2014 12:00,76.5,6996,6820.5,1,wk,Spring
4/4/2014 12:00,64,6643,6820.5,1,wk,Spring
4/5/2014 12:00,59.5,5651,6820.5,1,wknd,Spring
4/6/2014 12:00,56.5,5691,6820.5,1,wknd,Spring
4/7/2014 12:00,62,6962,6820.5,1,wk,Spring
4/8/2014 12:00,63.5,6974,6820.5,1,wk,Spring
4/9/2014 12:00,64.5,6919,6820.5,1,wk,Spring
4/10/2014 12:00,72,6973,6820.5,1,wk,Spring
4/11/2014 12:00,73,6715,6820.5,1,wk,Spring
4/12/2014 12:00,75,5901,6820.5,1,wknd,Spring
4/13/2014 12:00,73,5942,6820.5,1,wknd,Spring
4/14/2014 12:00,58,6837,6820.5,1,wk,Spring
4/15/2014 12:00,52,6855,6820.5,1,wk,Spring
4/16/2014 12:00,56.5,6791,6820.5,1,wk,Spring
4/17/2014 12:00,61.5,7078,6820.5,1,wk,Spring
4/18/2014 12:00,68.5,6725,6820.5,1,wk,Spring
4/19/2014 12:00,66,5784,6820.5,1,wknd,Spring
4/20/2014 12:00,68,5783,6820.5,1,wknd,Spring
4/21/2014 12:00,74,6953,6820.5,1,wk,Spring
4/22/2014 12:00,75,7141,6820.5,1,wk,Spring
4/23/2014 12:00,73,6984,6820.5,1,wk,Spring
4/24/2014 12:00,77.5,6930,6820.5,1,wk,Spring
4/25/2014 12:00,75.5,6776,6820.5,1,wk,Spring
4/26/2014 12:00,77,5808,6820.5,1,wknd,Spring
4/27/2014 12:00,84.5,5890,6820.5,1,wknd,Spring
4/28/2014 12:00,79.5,6804,6820.5,1,wk,Spring
4/29/2014 12:00,72,6802,6820.5,1,wk,Spring
4/30/2014 12:00,66,6889,6820.5,1,wk,Spring
5/1/2014 12:00,64.5,6781,6271,1,wk,Spring
5/2/2014 12:00,69.5,6682,6271,1,wk,Spring
5/3/2014 12:00,76,5615,6271,1,wknd,Spring
5/4/2014 12:00,76,5772,6271,1,wknd,Spring
5/5/2014 12:00,76,6934,6271,1,wk,Spring
5/6/2014 12:00,76,6746,6271,1,wk,Spring
5/7/2014 12:00,79,7006,6271,1,wk,Spring
5/8/2014 12:00,78.5,7499,6271,1,wk,Spring
5/9/2014 12:00,76,7368,6271,1,wk,Spring
5/10/2014 12:00,75.5,6580,6271,1,wknd,Spring
5/11/2014 12:00,82.5,6207,6271,1,wknd,Spring
5/12/2014 12:00,72,6705,6271,1,wk,Spring
5/13/2014 12:00,61,6760,6271,1,wk,Spring
5/14/2014 12:00,63.5,6760,6271,0,wk,Spring
5/15/2014 12:00,65,6166,6271,0,wk,Spring
5/16/2014 12:00,73.5,6012,6271,0,wk,Spring
5/17/2014 12:00,73,5345,6271,0,wknd,Spring
5/18/2014 12:00,73.5,5417,6271,0,wknd,Spring
5/19/2014 12:00,76,6271,6271,0,wk,Spring
5/20/2014 12:00,78,6280,6271,0,wk,Spring
5/21/2014 12:00,79.5,6180,6271,0,wk,Spring
5/22/2014 12:00,78.5,6246,6271,0,wk,Spring
5/23/2014 12:00,77.5,6186,6271,0,wk,Spring
5/24/2014 12:00,78,5633,6271,0,wknd,Spring
5/25/2014 12:00,79.5,5460,6271,0,wknd,Spring
5/26/2014 12:00,69.5,5592,6271,0,wk,Spring
5/27/2014 12:00,68,6370,6271,0,wk,Spring
5/28/2014 12:00,76,6426,6271,0,wk,Spring
5/29/2014 12:00,77.5,6436,6271,0,wk,Spring
5/30/2014 12:00,81,6166,6271,0,wk,Spring
5/31/2014 12:00,81.5,5429,6271,0,wknd,Spring
6/1/2014 12:00,79.5,5454,6354.5,0,wknd,Summer
6/2/2014 12:00,82.5,6396,6354.5,0,wk,Summer
6/3/2014 12:00,82.5,6419,6354.5,0,wk,Summer
6/4/2014 12:00,82.5,6372,6354.5,0,wk,Summer
6/5/2014 12:00,82.5,6449,6354.5,0,wk,Summer
6/6/2014 12:00,82.5,6308,6354.5,0,wk,Summer
6/7/2014 12:00,83,5570,6354.5,0,wknd,Summer
6/8/2014 12:00,83,5566,6354.5,0,wknd,Summer
6/9/2014 12:00,77,6444,6354.5,0,wk,Summer
6/10/2014 12:00,78,6374,6354.5,0,wk,Summer
6/11/2014 12:00,80,6618,6354.5,0,wk,Summer
6/12/2014 12:00,80,6777,6354.5,0,wk,Summer
6/13/2014 12:00,78.5,6438,6354.5,0,wk,Summer
6/14/2014 12:00,80,5662,6354.5,0,wknd,Summer
6/15/2014 12:00,82.5,5854,6354.5,0,wknd,Summer
6/16/2014 12:00,83.5,6616,6354.5,0,wk,Summer
6/17/2014 12:00,83.5,6599,6354.5,0,wk,Summer
6/18/2014 12:00,84.5,6519,6354.5,0,wk,Summer
6/19/2014 12:00,83.5,6363,6354.5,0,wk,Summer
6/20/2014 12:00,83,6077,6354.5,0,wk,Summer
6/21/2014 12:00,83.5,5492,6354.5,0,wknd,Summer
6/22/2014 12:00,83,5583,6354.5,0,wknd,Summer
6/23/2014 12:00,78,6276,6354.5,0,wk,Summer
6/24/2014 12:00,83.5,6344,6354.5,0,wk,Summer
6/25/2014 12:00,80,6294,6354.5,0,wk,Summer
6/26/2014 12:00,79.5,6346,6354.5,0,wk,Summer
6/27/2014 12:00,83,6487,6354.5,0,wk,Summer
6/28/2014 12:00,85.5,5791,6354.5,0,wknd,Summer
6/29/2014 12:00,86,5871,6354.5,0,wknd,Summer
6/30/2014 12:00,86.5,6557,6354.5,0,wk,Summer
7/1/2014 12:00,85.5,6652,6564,0,wk,Summer
7/2/2014 12:00,85,6693,6564,0,wk,Summer
7/3/2014 12:00,84,6440,6564,0,wk,Summer
7/4/2014 12:00,82,5724,6564,0,wk,Summer
7/5/2014 12:00,81.5,5740,6564,0,wknd,Summer
7/6/2014 12:00,83.5,5691,6564,0,wknd,Summer
7/7/2014 12:00,84.5,6538,6564,0,wk,Summer
7/8/2014 12:00,86,6599,6564,0,wk,Summer
7/9/2014 12:00,85,6503,6564,0,wk,Summer
7/10/2014 12:00,84,6525,6564,0,wk,Summer
7/11/2014 12:00,83,6524,6564,0,wk,Summer
7/12/2014 12:00,84.5,5878,6564,0,wknd,Summer
7/13/2014 12:00,87,5994,6564,0,wknd,Summer
7/14/2014 12:00,88,6675,6564,0,wk,Summer
7/15/2014 12:00,82.5,6742,6564,0,wk,Summer
7/16/2014 12:00,84,6597,6564,0,wk,Summer
7/17/2014 12:00,81.5,6538,6564,0,wk,Summer
7/18/2014 12:00,75,6564,6564,0,wk,Summer
7/19/2014 12:00,78,5916,6564,0,wknd,Summer
7/20/2014 12:00,84,6143,6564,0,wknd,Summer
7/21/2014 12:00,86.5,7059,6564,0,wk,Summer
7/22/2014 12:00,86,7163,6564,0,wk,Summer
7/23/2014 12:00,86,7331,6564,0,wk,Summer
7/24/2014 12:00,84,7456,6564,0,wk,Summer
7/25/2014 12:00,85.5,7420,6564,0,wk,Summer
7/26/2014 12:00,87,6546,6564,0,wknd,Summer
7/27/2014 12:00,86.5,6462,6564,0,wknd,Summer
7/28/2014 12:00,86.5,7532,6564,0,wk,Summer
7/29/2014 12:00,86.5,7494,6564,0,wk,Summer
7/30/2014 12:00,86,7754,6564,0,wk,Summer
7/31/2014 12:00,87,8034,6564,0,wk,Summer
8/1/2014 12:00,82,7523,7341,0,wk,Summer
8/2/2014 12:00,79,6272,7341,0,wknd,Summer
8/3/2014 12:00,82.5,6434,7341,0,wknd,Summer
8/4/2014 12:00,83,7315,7341,0,wk,Summer
8/5/2014 12:00,85,7541,7341,0,wk,Summer
8/6/2014 12:00,87.5,7537,7341,0,wk,Summer
8/7/2014 12:00,89.5,7425,7341,0,wk,Summer
8/8/2014 12:00,89,7148,7341,0,wk,Summer
8/9/2014 12:00,88.5,6253,7341,0,wknd,Summer
8/10/2014 12:00,89,6346,7341,0,wknd,Summer
8/11/2014 12:00,89,7250,7341,0,wk,Summer
8/12/2014 12:00,86.5,7456,7341,0,wk,Summer
8/13/2014 12:00,83,7341,7341,0,wk,Summer
8/14/2014 12:00,84,7351,7341,0,wk,Summer
8/15/2014 12:00,88,7172,7341,0,wk,Summer
8/16/2014 12:00,90.5,6449,7341,0,wknd,Summer
8/17/2014 12:00,90,6230,7341,0,wknd,Summer
8/18/2014 12:00,90,7172,7341,0,wk,Summer
8/19/2014 12:00,86.5,7353,7341,0,wk,Summer
8/20/2014 12:00,90,7606,7341,0,wk,Summer
8/21/2014 12:00,91.5,7825,7341,0,wk,Summer
8/22/2014 12:00,91,7544,7341,0,wk,Summer
8/23/2014 12:00,88,6688,7341,0,wknd,Summer
8/24/2014 12:00,89,6687,7341,0,wknd,Summer
8/25/2014 12:00,88.5,7671,7341,0,wk,Summer
8/26/2014 12:00,89,7849,7341,0,wk,Summer
8/27/2014 12:00,87,7953,7341,1,wk,Summer
8/28/2014 12:00,87.5,7919,7341,1,wk,Summer
8/29/2014 12:00,86.5,7652,7341,1,wk,Summer
8/30/2014 12:00,84.5,6536,7341,1,wknd,Summer
8/31/2014 12:00,86.5,6606,7341,1,wknd,Summer
9/1/2014 12:00,89.5,6943,7703,1,wk,Fall
9/2/2014 12:00,88,8338,7703,1,wk,Fall
9/3/2014 12:00,88,8268,7703,1,wk,Fall
9/4/2014 12:00,86,7925,7703,1,wk,Fall
9/5/2014 12:00,87,7424,7703,1,wk,Fall
9/6/2014 12:00,85.5,6431,7703,1,wknd,Fall
9/7/2014 12:00,81.5,6459,7703,1,wknd,Fall
9/8/2014 12:00,84,7605,7703,1,wk,Fall
9/9/2014 12:00,85.5,7762,7703,1,wk,Fall
9/10/2014 12:00,88,7762,7703,1,wk,Fall
9/11/2014 12:00,88.5,8358,7703,1,wk,Fall
9/12/2014 12:00,81,8012,7703,1,wk,Fall
9/13/2014 12:00,63,6448,7703,1,wknd,Fall
9/14/2014 12:00,70.5,6447,7703,1,wknd,Fall
9/15/2014 12:00,78.5,7850,7703,1,wk,Fall
9/16/2014 12:00,84,8129,7703,1,wk,Fall
9/17/2014 12:00,83,8025,7703,1,wk,Fall
9/18/2014 12:00,81,7880,7703,1,wk,Fall
9/19/2014 12:00,80,7698,7703,1,wk,Fall
9/20/2014 12:00,82,5993,7703,1,wknd,Fall
9/21/2014 12:00,81,6011,7703,1,wknd,Fall
9/22/2014 12:00,80.5,7885,7703,1,wk,Fall
9/23/2014 12:00,76,7661,7703,1,wk,Fall
9/24/2014 12:00,72,7594,7703,1,wk,Fall
9/25/2014 12:00,72.5,7788,7703,1,wk,Fall
9/26/2014 12:00,75.5,7583,7703,1,wk,Fall
9/27/2014 12:00,74,6300,7703,1,wknd,Fall
9/28/2014 12:00,77,6448,7703,1,wknd,Fall
9/29/2014 12:00,78,7708,7703,1,wk,Fall
9/30/2014 12:00,77.5,7728,7703,1,wk,Fall
10/1/2014 12:00,84,7651,7179,1,wk,Fall
10/2/2014 12:00,84,7660,7179,1,wk,Fall
10/3/2014 12:00,75,7431,7179,1,wk,Fall
10/4/2014 12:00,69.5,6235,7179,1,wknd,Fall
10/5/2014 12:00,74.5,6488,7179,1,wknd,Fall
10/6/2014 12:00,80.5,7500,7179,1,wk,Fall
10/7/2014 12:00,83,7604,7179,1,wk,Fall
10/8/2014 12:00,82,7615,7179,1,wk,Fall
10/9/2014 12:00,83.5,7774,7179,1,wk,Fall
10/10/2014 12:00,83.5,7582,7179,1,wk,Fall
10/11/2014 12:00,68.5,6173,7179,1,wknd,Fall
10/12/2014 12:00,69,6152,7179,1,wknd,Fall
10/13/2014 12:00,68.5,7179,7179,1,wk,Fall
10/14/2014 12:00,65.5,7096,7179,1,wk,Fall
10/15/2014 12:00,72,7400,7179,1,wk,Fall
10/16/2014 12:00,71.5,7545,7179,1,wk,Fall
10/17/2014 12:00,74,7595,7179,1,wk,Fall
10/18/2014 12:00,76,6524,7179,1,wknd,Fall
10/19/2014 12:00,73.5,6367,7179,1,wknd,Fall
10/20/2014 12:00,72.5,7187,7179,1,wk,Fall
10/21/2014 12:00,70.5,7293,7179,1,wk,Fall
10/22/2014 12:00,72,7467,7179,1,wk,Fall
10/23/2014 12:00,74.5,7113,7179,1,wk,Fall
10/24/2014 12:00,72.5,7056,7179,1,wk,Fall
10/25/2014 12:00,75,5870,7179,1,wknd,Fall
10/26/2014 12:00,73.5,5998,7179,1,wknd,Fall
10/27/2014 12:00,74,7186,7179,1,wk,Fall
10/28/2014 12:00,74.5,7066,7179,1,wk,Fall
10/29/2014 12:00,73,7140,7179,1,wk,Fall
10/30/2014 12:00,72.5,7152,7179,1,wk,Fall
10/31/2014 12:00,66,6839,7179,1,wk,Fall
11/1/2014 12:00,57.5,5748,7011.5,1,wknd,Fall
11/2/2014 12:00,61.5,6101,7011.5,1,wknd,Fall
11/3/2014 12:00,67.5,7003,7011.5,1,wk,Fall
11/4/2014 12:00,66.5,6982,7011.5,1,wk,Fall
11/5/2014 12:00,57,7028,7011.5,1,wk,Fall
11/6/2014 12:00,59,7100,7011.5,1,wk,Fall
11/7/2014 12:00,59.5,6746,7011.5,1,wk,Fall
11/8/2014 12:00,61.5,5877,7011.5,1,wknd,Fall
11/9/2014 12:00,60.5,5936,7011.5,1,wknd,Fall
11/10/2014 12:00,62.5,7020,7011.5,1,wk,Fall
11/11/2014 12:00,53.5,7079,7011.5,1,wk,Fall
11/12/2014 12:00,43.5,7110,7011.5,1,wk,Fall
11/13/2014 12:00,36,7332,7011.5,1,wk,Fall
11/14/2014 12:00,37.5,7112,7011.5,1,wk,Fall
11/15/2014 12:00,44,6173,7011.5,1,wknd,Fall
11/16/2014 12:00,42,6223,7011.5,1,wknd,Fall
11/17/2014 12:00,41.5,7289,7011.5,1,wk,Fall
11/18/2014 12:00,43,7232,7011.5,1,wk,Fall
11/19/2014 12:00,51,7260,7011.5,1,wk,Fall
11/20/2014 12:00,57,7148,7011.5,1,wk,Fall
11/21/2014 12:00,68,7141,7011.5,1,wk,Fall
11/22/2014 12:00,62.5,5954,7011.5,1,wknd,Fall
11/23/2014 12:00,67,6036,7011.5,1,wknd,Fall
11/24/2014 12:00,53,7124,7011.5,1,wk,Fall
11/25/2014 12:00,52.5,6840,7011.5,1,wk,Fall
11/26/2014 12:00,59.5,6204,7011.5,1,wk,Fall
11/27/2014 12:00,53,4712,7011.5,0,wk,Fall
11/28/2014 12:00,57,4784,7011.5,0,wk,Fall
11/29/2014 12:00,64.5,4876,7011.5,0,wknd,Fall
11/30/2014 12:00,71.5,5129,7011.5,0,wknd,Fall
12/1/2014 12:00,53.5,7572,6820,1,wk,Winter
12/2/2014 12:00,44.5,7197,6820,1,wk,Winter
12/3/2014 12:00,53.5,7378,6820,1,wk,Winter
12/4/2014 12:00,62,7164,6820,1,wk,Winter
12/5/2014 12:00,69,6960,6820,1,wk,Winter
12/6/2014 12:00,62,5966,6820,1,wknd,Winter
12/7/2014 12:00,54,6163,6820,1,wknd,Winter
12/8/2014 12:00,58,6820,6820,1,wk,Winter
12/9/2014 12:00,56,7011,6820,1,wk,Winter
12/10/2014 12:00,56.5,6944,6820,1,wk,Winter
12/11/2014 12:00,62,6885,6820,1,wk,Winter
12/12/2014 12:00,65,6910,6820,1,wk,Winter
12/13/2014 12:00,64.5,6120,6820,1,wknd,Winter
12/14/2014 12:00,67.5,5930,6820,1,wknd,Winter
12/15/2014 12:00,63,6678,6820,1,wk,Winter
12/16/2014 12:00,54.5,6670,6820,1,wk,Winter
12/17/2014 12:00,50.5,6598,6820,0,wk,Winter
12/18/2014 12:00,54.5,6402,6820,0,wk,Winter
12/19/2014 12:00,52.5,5918,6820,0,wk,Winter
12/20/2014 12:00,51.5,4525,6820,0,wknd,Winter
12/21/2014 12:00,53,4530,6820,0,wknd,Winter
12/22/2014 12:00,66.5,4681,6820,0,wk,Winter
12/23/2014 12:00,51,4562,6820,0,wk,Winter
12/24/2014 12:00,46,4609,6820,0,wk,Winter
12/25/2014 12:00,49,4534,6820,0,wk,Winter
12/26/2014 12:00,63.5,4448,6820,0,wk,Winter
12/27/2014 12:00,53.5,4451,6820,0,wknd,Winter
12/28/2014 12:00,39.5,4623,6820,0,wknd,Winter
12/29/2014 12:00,48.5,4693,6820,0,wk,Winter
12/30/2014 12:00,42.5,4764,6820,0,wk,Winter
12/31/2014 12:00,39,4736,6820,0,wk,Winter
1/1/2015 12:00,37,5117,6514.5,0,wk,Winter
1/2/2015 12:00,40.5,6513,6514.5,0,wk,Winter
1/3/2015 12:00,50.5,5610,6514.5,0,wknd,Winter
1/4/2015 12:00,43,5648,6514.5,0,wknd,Winter
1/5/2015 12:00,40.5,6456,6514.5,0,wk,Winter
1/6/2015 12:00,53.5,6341,6514.5,0,wk,Winter
1/7/2015 12:00,40.5,6516,6514.5,0,wk,Winter
1/8/2015 12:00,29.5,6638,6514.5,0,wk,Winter
1/9/2015 12:00,36,6429,6514.5,0,wk,Winter
1/10/2015 12:00,34,6104,6514.5,0,wknd,Winter
1/11/2015 12:00,41.5,6107,6514.5,0,wknd,Winter
1/12/2015 12:00,43,6527,6514.5,0,wk,Winter
1/13/2015 12:00,38.5,6587,6514.5,0,wk,Winter
1/14/2015 12:00,39,6523,6514.5,0,wk,Winter
1/15/2015 12:00,48.5,6530,6514.5,0,wk,Winter
1/16/2015 12:00,51,6496,6514.5,0,wk,Winter
1/17/2015 12:00,54,5530,6514.5,0,wknd,Winter
1/18/2015 12:00,59,5408,6514.5,0,wknd,Winter
1/19/2015 12:00,56,5962,6514.5,0,wk,Winter
1/20/2015 12:00,60.5,6881,6514.5,1,wk,Winter
1/21/2015 12:00,53,6975,6514.5,1,wk,Winter
1/22/2015 12:00,46.5,6792,6514.5,1,wk,Winter
1/23/2015 12:00,44.5,6910,6514.5,1,wk,Winter
1/24/2015 12:00,49.5,5807,6514.5,1,wknd,Winter
1/25/2015 12:00,56.5,5757,6514.5,1,wknd,Winter
1/26/2015 12:00,60,6912,6514.5,1,wk,Winter
1/27/2015 12:00,67,6843,6514.5,1,wk,Winter
1/28/2015 12:00,61.5,7035,6514.5,1,wk,Winter
1/29/2015 12:00,65.5,7391,6514.5,1,wk,Winter
1/30/2015 12:00,53,7275,6514.5,1,wk,Winter
1/31/2015 12:00,55.5,6255,6514.5,1,wknd,Winter
2/1/2015 12:00,58.5,6171,7411.5,1,wknd,Winter
2/2/2015 12:00,41,7566,7411.5,1,wk,Winter
2/3/2015 12:00,41.5,7408,7411.5,1,wk,Winter
2/4/2015 12:00,48.5,7473,7411.5,1,wk,Winter
2/5/2015 12:00,45,7381,7411.5,1,wk,Winter
2/6/2015 12:00,48.5,7159,7411.5,1,wk,Winter
2/7/2015 12:00,54.5,6168,7411.5,1,wknd,Winter
2/8/2015 12:00,68,6252,7411.5,1,wknd,Winter
2/9/2015 12:00,67.5,7442,7411.5,1,wk,Winter
2/10/2015 12:00,63.5,7443,7411.5,1,wk,Winter
2/11/2015 12:00,64.5,7614,7411.5,1,wk,Winter
2/12/2015 12:00,53,7404,7411.5,1,wk,Winter
2/13/2015 12:00,54.5,7124,7411.5,1,wk,Winter
2/14/2015 12:00,63,6132,7411.5,1,wknd,Winter
2/15/2015 12:00,62.5,6181,7411.5,1,wknd,Winter
2/16/2015 12:00,51,7415,7411.5,1,wk,Winter
2/17/2015 12:00,44.5,7415,7411.5,1,wk,Winter
2/18/2015 12:00,49,7591,7411.5,1,wk,Winter
2/19/2015 12:00,54,7507,7411.5,1,wk,Winter
2/20/2015 12:00,64.5,7156,7411.5,1,wk,Winter
2/21/2015 12:00,66.5,6091,7411.5,1,wknd,Winter
2/22/2015 12:00,46.5,6248,7411.5,1,wknd,Winter
2/23/2015 12:00,33.5,7861,7411.5,1,wk,Winter
2/24/2015 12:00,33.5,8147,7411.5,1,wk,Winter
2/25/2015 12:00,49,8006,7411.5,1,wk,Winter
2/26/2015 12:00,42.5,7510,7411.5,1,wk,Winter
2/27/2015 12:00,33.5,7463,7411.5,1,wk,Winter
2/28/2015 12:00,33.5,7043,7411.5,1,wknd,Winter
3/1/2015 12:00,39,6984,7185,1,wknd,Spring
3/2/2015 12:00,41.5,7440,7185,1,wk,Spring
3/3/2015 12:00,50.5,7370,7185,1,wk,Spring
3/4/2015 12:00,52,7374,7185,1,wk,Spring
3/5/2015 12:00,39,7185,7185,1,wk,Spring
3/6/2015 12:00,41.5,7397,7185,1,wk,Spring
3/7/2015 12:00,49,6352,7185,1,wknd,Spring
3/8/2015 12:00,50.5,6049,7185,1,wknd,Spring
3/9/2015 12:00,52,7393,7185,1,wk,Spring
3/10/2015 12:00,56.5,7373,7185,1,wk,Spring
3/11/2015 12:00,56.5,7497,7185,1,wk,Spring
3/12/2015 12:00,62.5,7379,7185,1,wk,Spring
3/13/2015 12:00,65.5,7113,7185,1,wk,Spring
3/14/2015 12:00,65.5,5917,7185,0,wknd,Spring
3/15/2015 12:00,60,5902,7185,0,wknd,Spring
3/16/2015 12:00,64.5,6496,7185,0,wk,Spring
3/17/2015 12:00,70,6685,7185,0,wk,Spring
3/18/2015 12:00,70.5,6829,7185,0,wk,Spring
3/19/2015 12:00,73,6930,7185,0,wk,Spring
3/20/2015 12:00,64,6688,7185,0,wk,Spring
3/21/2015 12:00,58,6069,7185,0,wknd,Spring
3/22/2015 12:00,67.5,6062,7185,0,wknd,Spring
3/23/2015 12:00,66,7618,7185,1,wk,Spring
3/24/2015 12:00,71,7406,7185,1,wk,Spring
3/25/2015 12:00,73,7875,7185,1,wk,Spring
3/26/2015 12:00,62,7632,7185,1,wk,Spring
3/27/2015 12:00,64,7360,7185,1,wk,Spring
3/28/2015 12:00,66,6121,7185,1,wknd,Spring
3/29/2015 12:00,70.5,6244,7185,1,wknd,Spring
3/30/2015 12:00,72,7804,7185,1,wk,Spring
3/31/2015 12:00,74,7800,7185,1,wk,Spring
4/1/2015 12:00,75.5,8047,7876,1,wk,Spring
4/2/2015 12:00,76,7856,7876,1,wk,Spring
4/3/2015 12:00,76,7468,7876,1,wk,Spring
4/4/2015 12:00,62.5,6079,7876,1,wknd,Spring
4/5/2015 12:00,64,6259,7876,1,wknd,Spring
4/6/2015 12:00,75,7887,7876,1,wk,Spring
4/7/2015 12:00,77.5,7859,7876,1,wk,Spring
4/8/2015 12:00,74,7787,7876,1,wk,Spring
4/9/2015 12:00,78.5,7979,7876,1,wk,Spring
4/10/2015 12:00,65,7321,7876,1,wk,Spring
4/11/2015 12:00,64.5,6521,7876,1,wknd,Spring
4/12/2015 12:00,74.5,6351,7876,1,wknd,Spring
4/13/2015 12:00,75.5,7923,7876,1,wk,Spring
4/14/2015 12:00,67,7887,7876,1,wk,Spring
4/15/2015 12:00,68.5,8518,7876,1,wk,Spring
4/16/2015 12:00,74,8587,7876,1,wk,Spring
4/17/2015 12:00,70.5,7865,7876,1,wk,Spring
4/18/2015 12:00,65.5,6262,7876,1,wknd,Spring
4/19/2015 12:00,73,6493,7876,1,wknd,Spring
4/20/2015 12:00,63.5,7782,7876,1,wk,Spring
4/21/2015 12:00,66,8000,7876,1,wk,Spring
4/22/2015 12:00,74,8130,7876,1,wk,Spring
4/23/2015 12:00,76.5,8347,7876,1,wk,Spring
4/24/2015 12:00,77,8022,7876,1,wk,Spring
4/25/2015 12:00,81.5,6762,7876,1,wknd,Spring
4/26/2015 12:00,77.5,6890,7876,1,wknd,Spring
4/27/2015 12:00,74,8024,7876,1,wk,Spring
4/28/2015 12:00,59,8020,7876,1,wk,Spring
4/29/2015 12:00,63,7909,7876,1,wk,Spring
4/30/2015 12:00,66.5,7891,7876,1,wk,Spring
5/1/2015 12:00,69.5,7796,6893,1,wk,Spring
5/2/2015 12:00,70.5,6569,6893,1,wknd,Spring
5/3/2015 12:00,71,6584,6893,1,wknd,Spring
5/4/2015 12:00,75,7927,6893,1,wk,Spring
5/5/2015 12:00,74.5,8076,6893,1,wk,Spring
5/6/2015 12:00,79,7729,6893,1,wk,Spring
5/7/2015 12:00,78,8020,6893,1,wk,Spring
5/8/2015 12:00,76,7803,6893,1,wk,Spring
5/9/2015 12:00,78.5,6444,6893,1,wknd,Spring
5/10/2015 12:00,81.5,6475,6893,1,wknd,Spring
5/11/2015 12:00,73.5,7435,6893,1,wk,Spring
5/12/2015 12:00,67,7731,6893,1,wk,Spring
5/13/2015 12:00,67,7453,6893,1,wk,Spring
5/14/2015 12:00,77.5,6771,6893,1,wk,Spring
5/15/2015 12:00,72,7033,6893,1,wk,Spring
5/16/2015 12:00,77,6554,6893,1,wknd,Spring
5/17/2015 12:00,75,6203,6893,1,wknd,Spring
5/18/2015 12:00,80.5,7328,6893,1,wk,Spring
5/19/2015 12:00,81.5,7124,6893,1,wk,Spring
5/20/2015 12:00,80.5,7130,6893,0,wk,Spring
5/21/2015 12:00,69,6888,6893,0,wk,Spring
5/22/2015 12:00,69.5,6794,6893,0,wk,Spring
5/23/2015 12:00,76.5,5758,6893,0,wknd,Spring
5/24/2015 12:00,73,4698,6893,0,wknd,Spring
5/25/2015 12:00,74,4852,6893,0,wk,Spring
5/26/2015 12:00,77.5,6893,6893,0,wk,Spring
5/27/2015 12:00,76,6809,6893,0,wk,Spring
5/28/2015 12:00,78,6805,6893,0,wk,Spring
5/29/2015 12:00,76.5,6915,6893,0,wk,Spring
5/30/2015 12:00,79,6036,6893,0,wknd,Spring
5/31/2015 12:00,76.5,5928,6893,0,wknd,Spring
6/1/2015 12:00,76,7111,7283,0,wk,Summer
6/2/2015 12:00,78.5,7386,7283,0,wk,Summer
6/3/2015 12:00,78,7399,7283,0,wk,Summer
6/4/2015 12:00,78,7453,7283,0,wk,Summer
6/5/2015 12:00,79.5,7433,7283,0,wk,Summer
6/6/2015 12:00,80,6375,7283,0,wknd,Summer
6/7/2015 12:00,80.5,6350,7283,0,wknd,Summer
6/8/2015 12:00,82,7705,7283,0,wk,Summer
6/9/2015 12:00,83.5,7632,7283,0,wk,Summer
6/10/2015 12:00,82.5,7627,7283,0,wk,Summer
6/11/2015 12:00,83.5,7257,7283,0,wk,Summer
6/12/2015 12:00,84,7384,7283,0,wk,Summer
6/13/2015 12:00,85,6472,7283,0,wknd,Summer
6/14/2015 12:00,79,6409,7283,0,wknd,Summer
6/15/2015 12:00,81.5,7329,7283,0,wk,Summer
6/16/2015 12:00,78,7062,7283,0,wk,Summer
6/17/2015 12:00,80.5,7183,7283,0,wk,Summer
6/18/2015 12:00,81.5,7309,7283,0,wk,Summer
6/19/2015 12:00,77.5,7120,7283,0,wk,Summer
6/20/2015 12:00,77.5,6315,7283,0,wknd,Summer
6/21/2015 12:00,79,6218,7283,0,wknd,Summer
6/22/2015 12:00,80.5,7392,7283,0,wk,Summer
6/23/2015 12:00,83.5,7617,7283,0,wk,Summer
6/24/2015 12:00,83,7645,7283,0,wk,Summer
6/25/2015 12:00,83,7611,7283,0,wk,Summer
6/26/2015 12:00,84.5,7490,7283,0,wk,Summer
6/27/2015 12:00,82.5,6020,7283,0,wknd,Summer
6/28/2015 12:00,82,5951,7283,0,wknd,Summer
6/29/2015 12:00,83.5,6978,7283,0,wk,Summer
6/30/2015 12:00,83.5,6903,7283,0,wk,Summer
7/1/2015 12:00,81,6940,7194,0,wk,Summer
7/2/2015 12:00,80.5,6889,7194,0,wk,Summer
7/3/2015 12:00,83.5,6663,7194,0,wk,Summer
7/4/2015 12:00,84,5004,7194,0,wknd,Summer
7/5/2015 12:00,83.5,5054,7194,0,wknd,Summer
7/6/2015 12:00,84,5054,7194,0,wk,Summer
7/7/2015 12:00,84.5,7228,7194,0,wk,Summer
7/8/2015 12:00,84.5,7214,7194,0,wk,Summer
7/9/2015 12:00,84.5,7268,7194,0,wk,Summer
7/10/2015 12:00,84,7006,7194,0,wk,Summer
7/11/2015 12:00,83,6073,7194,0,wknd,Summer
7/12/2015 12:00,84,5972,7194,0,wknd,Summer
7/13/2015 12:00,85.5,6950,7194,0,wk,Summer
7/14/2015 12:00,85.5,7192,7194,0,wk,Summer
7/15/2015 12:00,85,7319,7194,0,wk,Summer
7/16/2015 12:00,84.5,7382,7194,0,wk,Summer
7/17/2015 12:00,86,7153,7194,0,wk,Summer
7/18/2015 12:00,87.5,6212,7194,0,wknd,Summer
7/19/2015 12:00,86.5,6173,7194,0,wknd,Summer
7/20/2015 12:00,85.5,7219,7194,0,wk,Summer
7/21/2015 12:00,86,7312,7194,0,wk,Summer
7/22/2015 12:00,87,7417,7194,0,wk,Summer
7/23/2015 12:00,88,7243,7194,0,wk,Summer
7/24/2015 12:00,88,7273,7194,0,wk,Summer
7/25/2015 12:00,86.5,6151,7194,0,wknd,Summer
7/26/2015 12:00,87,6226,7194,0,wknd,Summer
7/27/2015 12:00,88.5,7165,7194,0,wk,Summer
7/28/2015 12:00,88.5,7196,7194,0,wk,Summer
7/29/2015 12:00,88.5,7410,7194,0,wk,Summer
7/30/2015 12:00,88,7598,7194,0,wk,Summer
7/31/2015 12:00,90,7478,7194,0,wk,Summer
8/1/2015 12:00,86,6227,7213,0,wknd,Summer
8/2/2015 12:00,87.5,6161,7213,0,wknd,Summer
8/3/2015 12:00,87,7204,7213,0,wk,Summer
8/4/2015 12:00,88.5,7193,7213,0,wk,Summer
8/5/2015 12:00,89.5,7319,7213,0,wk,Summer
8/6/2015 12:00,89.5,7454,7213,0,wk,Summer
8/7/2015 12:00,88.5,7097,7213,0,wk,Summer
8/8/2015 12:00,90,6391,7213,0,wknd,Summer
8/9/2015 12:00,89.5,6278,7213,0,wknd,Summer
8/10/2015 12:00,89.5,7213,7213,0,wk,Summer
8/11/2015 12:00,90,7377,7213,0,wk,Summer
8/12/2015 12:00,92,7380,7213,0,wk,Summer
8/13/2015 12:00,91,7569,7213,0,wk,Summer
8/14/2015 12:00,89.5,7355,7213,0,wk,Summer
8/15/2015 12:00,88.5,6446,7213,0,wknd,Summer
8/16/2015 12:00,86.5,6228,7213,0,wknd,Summer
8/17/2015 12:00,86,7262,7213,0,wk,Summer
8/18/2015 12:00,87.5,7292,7213,0,wk,Summer
8/19/2015 12:00,88.5,7253,7213,0,wk,Summer
8/20/2015 12:00,78.5,7101,7213,0,wk,Summer
8/21/2015 12:00,82,6803,7213,0,wk,Summer
8/22/2015 12:00,87,6248,7213,0,wknd,Summer
8/23/2015 12:00,88.5,6004,7213,0,wknd,Summer
8/24/2015 12:00,88.5,7274,7213,0,wk,Summer
8/25/2015 12:00,89,7509,7213,0,wk,Summer
8/26/2015 12:00,85.5,7911,7213,1,wk,Summer
8/27/2015 12:00,86,7835,7213,1,wk,Summer
8/28/2015 12:00,85,7698,7213,1,wk,Summer
8/29/2015 12:00,83,6569,7213,1,wknd,Summer
8/30/2015 12:00,85.5,6253,7213,1,wknd,Summer
8/31/2015 12:00,85.5,7730,7213,1,wk,Summer
9/1/2015 12:00,84,7696,7976,1,wk,Fall
9/2/2015 12:00,83,7844,7976,1,wk,Fall
9/3/2015 12:00,83.5,7981,7976,1,wk,Fall
9/4/2015 12:00,87.5,7816,7976,1,wk,Fall
9/5/2015 12:00,90,6382,7976,1,wknd,Fall
9/6/2015 12:00,88,6351,7976,1,wknd,Fall
9/7/2015 12:00,88,6513,7976,1,wk,Fall
9/8/2015 12:00,87.5,8090,7976,1,wk,Fall
9/9/2015 12:00,83.5,8022,7976,1,wk,Fall
9/10/2015 12:00,84,7778,7976,1,wk,Fall
9/11/2015 12:00,84,7971,7976,1,wk,Fall
9/12/2015 12:00,80,6475,7976,1,wknd,Fall
9/13/2015 12:00,77,6249,7976,1,wknd,Fall
9/14/2015 12:00,77,7919,7976,1,wk,Fall
9/15/2015 12:00,84,8368,7976,1,wk,Fall
9/16/2015 12:00,84,8360,7976,1,wk,Fall
9/17/2015 12:00,85.5,8248,7976,1,wk,Fall
9/18/2015 12:00,85.5,8421,7976,1,wk,Fall
9/19/2015 12:00,85,6777,7976,1,wknd,Fall
9/20/2015 12:00,82,6752,7976,1,wknd,Fall
9/21/2015 12:00,84,8334,7976,1,wk,Fall
9/22/2015 12:00,83.5,8492,7976,1,wk,Fall
9/23/2015 12:00,81,8513,7976,1,wk,Fall
9/24/2015 12:00,82,8349,7976,1,wk,Fall
9/25/2015 12:00,84,8069,7976,1,wk,Fall
9/26/2015 12:00,81.5,6570,7976,1,wknd,Fall
9/27/2015 12:00,81,6748,7976,1,wknd,Fall
9/28/2015 12:00,79,8183,7976,1,wk,Fall
9/29/2015 12:00,80.5,8314,7976,1,wk,Fall
9/30/2015 12:00,82.5,8351,7976,1,wk,Fall
10/1/2015 12:00,81.5,8190,7838,1,wk,Fall
10/2/2015 12:00,78,7816,7838,1,wk,Fall
10/3/2015 12:00,71.5,6536,7838,1,wknd,Fall
10/4/2015 12:00,73,6482,7838,1,wknd,Fall
10/5/2015 12:00,76,7812,7838,1,wk,Fall
10/6/2015 12:00,76.5,8121,7838,1,wk,Fall
10/7/2015 12:00,76.5,8268,7838,1,wk,Fall
10/8/2015 12:00,79.5,8268,7838,1,wk,Fall
10/9/2015 12:00,80,7785,7838,1,wk,Fall
10/10/2015 12:00,78.5,6587,7838,1,wknd,Fall
10/11/2015 12:00,79.5,6706,7838,1,wknd,Fall
10/12/2015 12:00,85.5,8208,7838,1,wk,Fall
10/13/2015 12:00,79,8141,7838,1,wk,Fall
10/14/2015 12:00,78,8230,7838,1,wk,Fall
10/15/2015 12:00,79,8261,7838,1,wk,Fall
10/16/2015 12:00,76,7987,7838,1,wk,Fall
10/17/2015 12:00,75,6591,7838,1,wknd,Fall
10/18/2015 12:00,70.5,6447,7838,1,wknd,Fall
10/19/2015 12:00,70,8098,7838,1,wk,Fall
10/20/2015 12:00,72.5,8149,7838,1,wk,Fall
10/21/2015 12:00,79,8015,7838,1,wk,Fall
10/22/2015 12:00,76,8003,7838,1,wk,Fall
10/23/2015 12:00,75.5,7733,7838,1,wk,Fall
10/24/2015 12:00,68,6230,7838,1,wknd,Fall
10/25/2015 12:00,60.5,6366,7838,1,wknd,Fall
10/26/2015 12:00,68.5,7889,7838,1,wk,Fall
10/27/2015 12:00,71,7838,7838,1,wk,Fall
10/28/2015 12:00,70,7838,7838,1,wk,Fall
10/29/2015 12:00,66,7922,7838,1,wk,Fall
10/30/2015 12:00,71,7022,7838,1,wk,Fall
10/31/2015 12:00,71,6212,7838,1,wknd,Fall
11/1/2015 12:00,67,6712,7732.5,1,wknd,Fall
11/2/2015 12:00,68,7928,7732.5,1,wk,Fall
11/3/2015 12:00,68.5,7732,7732.5,1,wk,Fall
11/4/2015 12:00,69.5,8036,7732.5,1,wk,Fall
11/5/2015 12:00,78.5,7918,7732.5,1,wk,Fall
11/6/2015 12:00,67.5,7476,7732.5,1,wk,Fall
11/7/2015 12:00,59.5,6270,7732.5,1,wknd,Fall
11/8/2015 12:00,62,6393,7732.5,1,wknd,Fall
11/9/2015 12:00,62.5,8032,7732.5,1,wk,Fall
11/10/2015 12:00,67,7983,7732.5,1,wk,Fall
11/11/2015 12:00,77,8052,7732.5,1,wk,Fall
11/12/2015 12:00,63.5,7881,7732.5,1,wk,Fall
11/13/2015 12:00,60.5,7707,7732.5,1,wk,Fall
11/14/2015 12:00,59.5,6591,7732.5,1,wknd,Fall
11/15/2015 12:00,62,6646,7732.5,1,wknd,Fall
11/16/2015 12:00,70,8121,7732.5,1,wk,Fall
11/17/2015 12:00,61,7575,7732.5,1,wk,Fall
11/18/2015 12:00,57.5,7836,7732.5,1,wk,Fall
11/19/2015 12:00,62.5,7798,7732.5,1,wk,Fall
11/20/2015 12:00,64.5,7733,7732.5,1,wk,Fall
11/21/2015 12:00,53.5,6525,7732.5,1,wknd,Fall
11/22/2015 12:00,46.5,6575,7732.5,1,wknd,Fall
11/23/2015 12:00,47.5,8016,7732.5,1,wk,Fall
11/24/2015 12:00,55.5,7904,7732.5,1,wk,Fall
11/25/2015 12:00,68,7042,7732.5,1,wk,Fall
11/26/2015 12:00,71,4968,7732.5,0,wk,Fall
11/27/2015 12:00,57.5,5113,7732.5,0,wk,Fall
11/28/2015 12:00,41.5,5268,7732.5,0,wknd,Fall
11/29/2015 12:00,44.5,5358,7732.5,0,wknd,Fall
11/30/2015 12:00,50,8242,7732.5,1,wk,Fall
12/1/2015 12:00,52.5,8292,7323,1,wk,Winter
12/2/2015 12:00,55,8103,7323,1,wk,Winter
12/3/2015 12:00,51.5,8222,7323,1,wk,Winter
12/4/2015 12:00,50,8100,7323,1,wk,Winter
12/5/2015 12:00,51,7203,7323,1,wknd,Winter
12/6/2015 12:00,57,7289,7323,1,wknd,Winter
12/7/2015 12:00,56.5,8374,7323,1,wk,Winter
12/8/2015 12:00,58.5,8033,7323,1,wk,Winter
12/9/2015 12:00,61.5,7917,7323,1,wk,Winter
12/10/2015 12:00,64.5,7940,7323,1,wk,Winter
12/11/2015 12:00,65.5,7836,7323,1,wk,Winter
12/12/2015 12:00,72.5,6695,7323,1,wknd,Winter
12/13/2015 12:00,60,6734,7323,1,wknd,Winter
12/14/2015 12:00,58.5,7815,7323,1,wk,Winter
12/15/2015 12:00,64,7533,7323,1,wk,Winter
12/16/2015 12:00,54.5,7323,7323,0,wk,Winter
12/17/2015 12:00,53.5,7378,7323,0,wk,Winter
12/18/2015 12:00,46,7118,7323,0,wk,Winter
12/19/2015 12:00,51,6365,7323,0,wknd,Winter
12/20/2015 12:00,59,5871,7323,0,wknd,Winter
12/21/2015 12:00,65,6726,7323,0,wk,Winter
12/22/2015 12:00,64,6411,7323,0,wk,Winter
12/23/2015 12:00,67,5263,7323,0,wk,Winter
12/24/2015 12:00,63,4991,7323,0,wk,Winter
12/25/2015 12:00,60.5,4564,7323,0,wk,Winter
12/26/2015 12:00,74,4512,7323,0,wknd,Winter
12/27/2015 12:00,54.5,4548,7323,0,wknd,Winter
12/28/2015 12:00,41,4974,7323,0,wk,Winter
12/29/2015 12:00,43,5442,7323,0,wk,Winter
12/30/2015 12:00,49,5289,7323,0,wk,Winter
12/31/2015 12:00,46,5105,7323,0,wk,Winter
1/1/2016 12:00,46,4663,7389.5,0,wk,Winter
1/2/2016 12:00,44.5,4767,7389.5,0,wknd,Winter
1/3/2016 12:00,51.5,5039,7389.5,0,wknd,Winter
1/4/2016 12:00,47.5,7476,7389.5,0,wk,Winter
1/5/2016 12:00,46,7101,7389.5,0,wk,Winter
1/6/2016 12:00,49.5,7199,7389.5,0,wk,Winter
1/7/2016 12:00,61,7030,7389.5,0,wk,Winter
1/8/2016 12:00,55,7175,7389.5,0,wk,Winter
1/9/2016 12:00,48,6389,7389.5,0,wknd,Winter
1/10/2016 12:00,41.5,6237,7389.5,0,wknd,Winter
1/11/2016 12:00,45,7539,7389.5,0,wk,Winter
1/12/2016 12:00,50,7455,7389.5,0,wk,Winter
1/13/2016 12:00,52,7431,7389.5,0,wk,Winter
1/14/2016 12:00,58.5,7491,7389.5,0,wk,Winter
1/15/2016 12:00,59,7348,7389.5,0,wk,Winter
1/16/2016 12:00,53.5,6554,7389.5,0,wknd,Winter
1/17/2016 12:00,44.5,6411,7389.5,0,wknd,Winter
1/18/2016 12:00,47.5,7020,7389.5,0,wk,Winter
1/19/2016 12:00,56,7842,7389.5,1,wk,Winter
1/20/2016 12:00,51,7934,7389.5,1,wk,Winter
1/21/2016 12:00,53.5,7897,7389.5,1,wk,Winter
1/22/2016 12:00,45.5,8027,7389.5,1,wk,Winter
1/23/2016 12:00,44,7018,7389.5,1,wknd,Winter
1/24/2016 12:00,52.5,6687,7389.5,1,wknd,Winter
1/25/2016 12:00,65.5,8012,7389.5,1,wk,Winter
1/26/2016 12:00,50.5,8196,7389.5,1,wk,Winter
1/27/2016 12:00,47.5,8173,7389.5,1,wk,Winter
1/28/2016 12:00,51.5,8139,7389.5,1,wk,Winter
1/29/2016 12:00,57,7737,7389.5,1,wk,Winter
1/30/2016 12:00,61.5,6705,7389.5,1,wknd,Winter
1/31/2016 12:00,72,6586,7389.5,1,wknd,Winter
2/1/2016 12:00,65.5,8184,8060,1,wk,Winter
2/2/2016 12:00,61.5,8001,8060,1,wk,Winter
2/3/2016 12:00,48.5,8077,8060,1,wk,Winter
2/4/2016 12:00,46.5,8251,8060,1,wk,Winter
2/5/2016 12:00,47.5,8051,8060,1,wk,Winter
2/6/2016 12:00,50,6755,8060,1,wknd,Winter
2/7/2016 12:00,50,6457,8060,1,wknd,Winter
2/8/2016 12:00,55.5,8076,8060,1,wk,Winter
2/9/2016 12:00,56.5,8069,8060,1,wk,Winter
2/10/2016 12:00,56,8238,8060,1,wk,Winter
2/11/2016 12:00,67.5,8076,8060,1,wk,Winter
2/12/2016 12:00,63,7969,8060,1,wk,Winter
2/13/2016 12:00,63.5,6629,8060,1,wknd,Winter
2/14/2016 12:00,66,6423,8060,1,wknd,Winter
2/15/2016 12:00,62,7919,8060,1,wk,Winter
2/16/2016 12:00,62.5,8087,8060,1,wk,Winter
2/17/2016 12:00,62.5,8193,8060,1,wk,Winter
2/18/2016 12:00,66.5,8211,8060,1,wk,Winter
2/19/2016 12:00,72.5,8031,8060,1,wk,Winter
2/20/2016 12:00,71,6756,8060,1,wknd,Winter
2/21/2016 12:00,68,6472,8060,1,wknd,Winter
2/22/2016 12:00,64.5,8387,8060,1,wk,Winter
2/23/2016 12:00,54,8387,8060,1,wk,Winter
2/24/2016 12:00,53.5,8218,8060,1,wk,Winter
2/25/2016 12:00,53.5,8218,8060,1,wk,Winter
2/26/2016 12:00,52.5,16017,8060,1,wk,Winter
2/27/2016 12:00,57.5,6527,8060,1,wknd,Winter
2/28/2016 12:00,66.5,6244,8060,1,wknd,Winter
2/29/2016 12:00,69.5,7992,8060,1,wk,Winter
3/1/2016 12:00,70,7960,7792,1,wk,Spring
3/2/2016 12:00,63.5,8264,7792,1,wk,Spring
3/3/2016 12:00,72.5,8335,7792,1,wk,Spring
3/4/2016 12:00,60.5,8092,7792,1,wk,Spring
3/5/2016 12:00,68,6878,7792,1,wknd,Spring
3/6/2016 12:00,67.5,6486,7792,1,wknd,Spring
3/7/2016 12:00,70,7903,7792,1,wk,Spring
3/8/2016 12:00,75.5,8272,7792,1,wk,Spring
3/9/2016 12:00,65,7657,7792,1,wk,Spring
3/10/2016 12:00,61,7792,7792,1,wk,Spring
3/11/2016 12:00,65,7490,7792,1,wk,Spring
3/12/2016 12:00,65.5,6503,7792,0,wknd,Spring
3/13/2016 12:00,70.5,5760,7792,0,wknd,Spring
3/14/2016 12:00,73,7476,7792,0,wk,Spring
3/15/2016 12:00,79.5,7791,7792,0,wk,Spring
3/16/2016 12:00,71,7538,7792,0,wk,Spring
3/17/2016 12:00,73,7431,7792,0,wk,Spring
3/18/2016 12:00,67.5,7144,7792,0,wk,Spring
3/19/2016 12:00,54.5,6445,7792,0,wknd,Spring
3/20/2016 12:00,53,6286,7792,0,wknd,Spring
3/21/2016 12:00,51.5,8081,7792,1,wk,Spring
3/22/2016 12:00,61.5,8342,7792,1,wk,Spring
3/23/2016 12:00,73.5,8396,7792,1,wk,Spring
3/24/2016 12:00,59,8299,7792,1,wk,Spring
3/25/2016 12:00,57,7827,7792,1,wk,Spring
3/26/2016 12:00,61,6404,7792,1,wknd,Spring
3/27/2016 12:00,65,6529,7792,1,wknd,Spring
3/28/2016 12:00,61.5,8772,7792,1,wk,Spring
3/29/2016 12:00,63.5,8632,7792,1,wk,Spring
3/30/2016 12:00,72.5,8461,7792,1,wk,Spring
3/31/2016 12:00,76,8286,7792,1,wk,Spring
4/1/2016 12:00,58.5,7949,8135,1,wk,Spring
4/2/2016 12:00,59.5,6768,8135,1,wknd,Spring
4/3/2016 12:00,61.5,6754,8135,1,wknd,Spring
4/4/2016 12:00,68,8137,8135,1,wk,Spring
4/5/2016 12:00,67.5,8330,8135,1,wk,Spring
4/6/2016 12:00,68.5,8270,8135,1,wk,Spring
4/7/2016 12:00,66.5,8296,8135,1,wk,Spring
4/8/2016 12:00,67.5,7909,8135,1,wk,Spring
4/9/2016 12:00,67.5,6423,8135,1,wknd,Spring
4/10/2016 12:00,72,6494,8135,1,wknd,Spring
4/11/2016 12:00,79.5,8468,8135,1,wk,Spring
4/12/2016 12:00,67.5,8437,8135,1,wk,Spring
4/13/2016 12:00,65,8403,8135,1,wk,Spring
4/14/2016 12:00,65.5,8366,8135,1,wk,Spring
4/15/2016 12:00,66.5,8133,8135,1,wk,Spring
4/16/2016 12:00,69.5,6926,8135,1,wknd,Spring
4/17/2016 12:00,71,6604,8135,1,wknd,Spring
4/18/2016 12:00,69,7784,8135,1,wk,Spring
4/19/2016 12:00,71.5,8261,8135,1,wk,Spring
4/20/2016 12:00,70.5,8331,8135,1,wk,Spring
4/21/2016 12:00,71.5,8083,8135,1,wk,Spring
4/22/2016 12:00,72,8046,8135,1,wk,Spring
4/23/2016 12:00,69,7050,8135,1,wknd,Spring
4/24/2016 12:00,71,6796,8135,1,wknd,Spring
4/25/2016 12:00,79,8540,8135,1,wk,Spring
4/26/2016 12:00,79,8784,8135,1,wk,Spring
4/27/2016 12:00,76,8841,8135,1,wk,Spring
4/28/2016 12:00,75,8912,8135,1,wk,Spring
4/29/2016 12:00,79.5,8752,8135,1,wk,Spring
4/30/2016 12:00,76,7931,8135,1,wknd,Spring
5/1/2016 12:00,72,7820,7495.5,1,wknd,Spring
5/2/2016 12:00,63.5,8664,7495.5,1,wk,Spring
5/3/2016 12:00,66.5,8456,7495.5,1,wk,Spring
5/4/2016 12:00,70.5,8064,7495.5,1,wk,Spring
5/5/2016 12:00,74,8589,7495.5,1,wk,Spring
5/6/2016 12:00,71,8202,7495.5,1,wk,Spring
5/7/2016 12:00,72.5,7371,7495.5,1,wknd,Spring
5/8/2016 12:00,70,6306,7495.5,1,wknd,Spring
5/9/2016 12:00,77,7526,7495.5,1,wk,Spring
5/10/2016 12:00,78.5,8118,7495.5,1,wk,Spring
5/11/2016 12:00,76,8109,7495.5,1,wk,Spring
5/12/2016 12:00,76,7995,7495.5,1,wk,Spring
5/13/2016 12:00,79,7939,7495.5,1,wk,Spring
5/14/2016 12:00,72,6848,7495.5,1,wknd,Spring
5/15/2016 12:00,67,6408,7495.5,1,wknd,Spring
5/16/2016 12:00,73.5,7519,7495.5,1,wk,Spring
5/17/2016 12:00,73.5,7609,7495.5,1,wk,Spring
5/18/2016 12:00,71,7274,7495.5,0,wk,Spring
5/19/2016 12:00,68.5,6724,7495.5,0,wk,Spring
5/20/2016 12:00,72.5,7017,7495.5,0,wk,Spring
5/21/2016 12:00,76.5,6131,7495.5,0,wknd,Spring
5/22/2016 12:00,79.5,5916,7495.5,0,wknd,Spring
5/23/2016 12:00,78,6927,7495.5,0,wk,Spring
5/24/2016 12:00,80.5,7550,7495.5,0,wk,Spring
5/25/2016 12:00,81.5,7814,7495.5,0,wk,Spring
5/26/2016 12:00,79,7472,7495.5,0,wk,Spring
5/27/2016 12:00,71,6578,7495.5,0,wk,Spring
5/28/2016 12:00,78,5056,7495.5,0,wknd,Spring
5/29/2016 12:00,79,5187,7495.5,0,wknd,Spring
5/30/2016 12:00,77.5,5302,7495.5,0,wk,Spring
5/31/2016 12:00,74.5,7450,7495.5,0,wk,Spring
6/1/2016 12:00,77.5,7659,8225.5,0,wk,Summer
6/2/2016 12:00,76,7434,8225.5,0,wk,Summer
6/3/2016 12:00,75,7738,8225.5,0,wk,Summer
6/4/2016 12:00,76.5,6575,8225.5,0,wknd,Summer
6/5/2016 12:00,78,6170,8225.5,0,wknd,Summer
6/6/2016 12:00,80,7692,8225.5,0,wk,Summer
6/7/2016 12:00,80.5,8514,8225.5,0,wk,Summer
6/8/2016 12:00,81,8664,8225.5,0,wk,Summer
6/9/2016 12:00,81.5,8683,8225.5,0,wk,Summer
6/10/2016 12:00,80,8218,8225.5,0,wk,Summer
6/11/2016 12:00,84.5,7234,8225.5,0,wknd,Summer
6/12/2016 12:00,85.5,7289,8225.5,0,wknd,Summer
6/13/2016 12:00,85,8532,8225.5,0,wk,Summer
6/14/2016 12:00,86,8690,8225.5,0,wk,Summer
6/15/2016 12:00,87,8487,8225.5,0,wk,Summer
6/16/2016 12:00,85.5,8393,8225.5,0,wk,Summer
6/17/2016 12:00,86.5,8351,8225.5,0,wk,Summer
6/18/2016 12:00,86,7452,8225.5,0,wknd,Summer
6/19/2016 12:00,85.5,7124,8225.5,0,wknd,Summer
6/20/2016 12:00,85,8284,8225.5,0,wk,Summer
6/21/2016 12:00,85.5,8269,8225.5,0,wk,Summer
6/22/2016 12:00,86,8466,8225.5,0,wk,Summer
6/23/2016 12:00,85,8567,8225.5,0,wk,Summer
6/24/2016 12:00,84,8371,8225.5,0,wk,Summer
6/25/2016 12:00,82.5,7364,8225.5,0,wknd,Summer
6/26/2016 12:00,85.5,6946,8225.5,0,wknd,Summer
6/27/2016 12:00,85.5,8222,8225.5,0,wk,Summer
6/28/2016 12:00,86.5,8229,8225.5,0,wk,Summer
6/29/2016 12:00,83.5,8179,8225.5,0,wk,Summer
6/30/2016 12:00,85,8475,8225.5,0,wk,Summer
7/1/2016 12:00,85,8007,7755,0,wk,Summer
7/2/2016 12:00,87,5219,7755,0,wknd,Summer
7/3/2016 12:00,88,5039,7755,0,wknd,Summer
7/4/2016 12:00,89.5,5032,7755,0,wk,Summer
7/5/2016 12:00,89,7952,7755,0,wk,Summer
7/6/2016 12:00,89.5,7472,7755,0,wk,Summer
7/7/2016 12:00,89,7762,7755,0,wk,Summer
7/8/2016 12:00,89.5,7660,7755,0,wk,Summer
7/9/2016 12:00,88.5,6773,7755,0,wknd,Summer
7/10/2016 12:00,87,6357,7755,0,wknd,Summer
7/11/2016 12:00,89.5,7718,7755,0,wk,Summer
7/12/2016 12:00,88.5,7755,7755,0,wk,Summer
7/13/2016 12:00,90.5,7926,7755,0,wk,Summer
7/14/2016 12:00,89,7827,7755,0,wk,Summer
7/15/2016 12:00,89.5,7529,7755,0,wk,Summer
7/16/2016 12:00,88,7188,7755,0,wknd,Summer
7/17/2016 12:00,87.5,6427,7755,0,wknd,Summer
7/18/2016 12:00,88.5,8070,7755,0,wk,Summer
7/19/2016 12:00,88.5,8048,7755,0,wk,Summer
7/20/2016 12:00,89,7942,7755,0,wk,Summer
7/21/2016 12:00,88.5,7908,7755,0,wk,Summer
7/22/2016 12:00,89,8009,7755,0,wk,Summer
7/23/2016 12:00,89.5,7011,7755,0,wknd,Summer
7/24/2016 12:00,89.5,6098,7755,0,wknd,Summer
7/25/2016 12:00,89,7505,7755,0,wk,Summer
7/26/2016 12:00,84,7911,7755,0,wk,Summer
7/27/2016 12:00,83,8165,7755,0,wk,Summer
7/28/2016 12:00,86,8019,7755,0,wk,Summer
7/29/2016 12:00,85,7860,7755,0,wk,Summer
7/30/2016 12:00,86.5,6917,7755,0,wknd,Summer
7/31/2016 12:00,88,6769,7755,0,wknd,Summer
8/1/2016 12:00,87,7803,7755,0,wk,Summer
8/2/2016 12:00,86.5,8363,7755,0,wk,Summer
8/3/2016 12:00,87.5,8272,7755,0,wk,Summer
8/4/2016 12:00,87.5,8175,7755,0,wk,Summer
8/5/2016 12:00,88.5,8102,7755,0,wk,Summer
8/6/2016 12:00,88.5,7190,7755,0,wknd,Summer
8/7/2016 12:00,88.5,7150,7755,0,wknd,Summer
8/8/2016 12:00,89,8150,7755,0,wk,Summer
8/9/2016 12:00,90.5,8179,7755,0,wk,Summer
8/10/2016 12:00,91.5,8284,7755,0,wk,Summer
8/11/2016 12:00,90,8146,7755,0,wk,Summer
8/12/2016 12:00,92,8023,7755,0,wk,Summer
8/13/2016 12:00,86.5,6664,7755,0,wknd,Summer
8/14/2016 12:00,77.5,6249,7755,0,wknd,Summer
8/15/2016 12:00,73.5,6775,7755,0,wk,Summer
8/16/2016 12:00,77,6678,7755,0,wk,Summer
8/17/2016 12:00,79.5,7034,7755,0,wk,Summer
8/18/2016 12:00,81,7327,7755,0,wk,Summer
8/19/2016 12:00,84,7041,7755,0,wk,Summer
8/20/2016 12:00,78,6195,7755,0,wknd,Summer
8/21/2016 12:00,77.5,5847,7755,0,wknd,Summer
8/22/2016 12:00,83,7022,7755,0,wk,Summer
8/23/2016 12:00,85.5,7555,7755,0,wk,Summer
8/24/2016 12:00,84.5,7965,7755,1,wk,Summer
8/25/2016 12:00,84,7970,7755,1,wk,Summer
8/26/2016 12:00,84,7755,7755,1,wk,Summer
8/27/2016 12:00,82,6771,7755,1,wknd,Summer
8/28/2016 12:00,82.5,6361,7755,1,wknd,Summer
8/29/2016 12:00,82,7951,7755,1,wk,Summer
8/30/2016 12:00,82.5,8090,7755,1,wk,Summer
8/31/2016 12:00,84,8168,7755,1,wk,Summer
9/1/2016 12:00,85.5,8246,7758,1,wk,Fall
9/2/2016 12:00,83.5,7738,7758,1,wk,Fall
9/3/2016 12:00,82.5,6405,7758,1,wknd,Fall
9/4/2016 12:00,84,6300,7758,1,wknd,Fall
9/5/2016 12:00,83.5,6388,7758,1,wk,Fall
9/6/2016 12:00,86,8007,7758,1,wk,Fall
9/7/2016 12:00,87,8134,7758,1,wk,Fall
9/8/2016 12:00,86,8041,7758,1,wk,Fall
9/9/2016 12:00,86,7865,7758,1,wk,Fall
9/10/2016 12:00,82,6541,7758,1,wknd,Fall
9/11/2016 12:00,81,6252,7758,1,wknd,Fall
9/12/2016 12:00,81.5,7995,7758,1,wk,Fall
9/13/2016 12:00,84,8156,7758,1,wk,Fall
9/14/2016 12:00,84,8073,7758,1,wk,Fall
9/15/2016 12:00,83,8122,7758,1,wk,Fall
9/16/2016 12:00,85,7779,7758,1,wk,Fall
9/17/2016 12:00,85,6899,7758,1,wknd,Fall
9/18/2016 12:00,86.5,6609,7758,1,wknd,Fall
9/19/2016 12:00,87.5,8388,7758,1,wk,Fall
9/20/2016 12:00,87,8500,7758,1,wk,Fall
9/21/2016 12:00,85.5,8093,7758,1,wk,Fall
9/22/2016 12:00,82,8085,7758,1,wk,Fall
9/23/2016 12:00,84.5,7778,7758,1,wk,Fall
9/24/2016 12:00,87,6437,7758,1,wknd,Fall
9/25/2016 12:00,79,6030,7758,1,wknd,Fall
9/26/2016 12:00,70,7243,7758,1,wk,Fall
9/27/2016 12:00,73.5,7579,7758,1,wk,Fall
9/28/2016 12:00,77,7621,7758,1,wk,Fall
9/29/2016 12:00,74.5,7664,7758,1,wk,Fall
9/30/2016 12:00,71.5,7159,7758,1,wk,Fall
10/1/2016 12:00,69.5,6006,7586,1,wknd,Fall
10/2/2016 12:00,71.5,5860,7586,1,wknd,Fall
10/3/2016 12:00,74.5,7479,7586,1,wk,Fall
10/4/2016 12:00,80.5,7730,7586,1,wk,Fall
10/5/2016 12:00,83.5,7875,7586,1,wk,Fall
10/6/2016 12:00,84,7875,7586,1,wk,Fall
10/7/2016 12:00,76,7875,7586,1,wk,Fall
10/8/2016 12:00,73.5,7875,7586,1,wknd,Fall
10/9/2016 12:00,71,7875,7586,1,wknd,Fall
10/10/2016 12:00,68,7506,7586,1,wk,Fall
10/11/2016 12:00,70.5,7564,7586,1,wk,Fall
10/12/2016 12:00,76,7656,7586,1,wk,Fall
10/13/2016 12:00,78.5,7840,7586,1,wk,Fall
10/14/2016 12:00,77,7840,7586,1,wk,Fall
10/15/2016 12:00,81,7840,7586,1,wknd,Fall
10/16/2016 12:00,84.5,7840,7586,1,wknd,Fall
10/17/2016 12:00,84,7840,7586,1,wk,Fall
10/18/2016 12:00,84,7792,7586,1,wk,Fall
10/19/2016 12:00,83.5,7915,7586,1,wk,Fall
10/20/2016 12:00,74,7814,7586,1,wk,Fall
10/21/2016 12:00,65,7357,7586,1,wk,Fall
10/22/2016 12:00,63.5,6105,7586,1,wknd,Fall
10/23/2016 12:00,69.5,5797,7586,1,wknd,Fall
10/24/2016 12:00,76.5,7337,7586,1,wk,Fall
10/25/2016 12:00,76.5,7546,7586,1,wk,Fall
10/26/2016 12:00,75.5,7562,7586,1,wk,Fall
10/27/2016 12:00,76,7586,7586,1,wk,Fall
10/28/2016 12:00,73.5,7312,7586,1,wk,Fall
10/29/2016 12:00,75,5989,7586,1,wknd,Fall
10/30/2016 12:00,76,6050,7586,1,wknd,Fall
10/31/2016 12:00,73,7333,7586,1,wk,Fall
11/1/2016 12:00,81,7741,7389.5,1,wk,Fall
11/2/2016 12:00,80.5,7642,7389.5,1,wk,Fall
11/3/2016 12:00,74,7644,7389.5,1,wk,Fall
11/4/2016 12:00,70.5,7287,7389.5,1,wk,Fall
11/5/2016 12:00,67.5,6007,7389.5,1,wknd,Fall
11/6/2016 12:00,67.5,6077,7389.5,1,wknd,Fall
11/7/2016 12:00,66,7081,7389.5,1,wk,Fall
11/8/2016 12:00,65.5,7419,7389.5,1,wk,Fall
11/9/2016 12:00,62.5,7421,7389.5,1,wk,Fall
11/10/2016 12:00,63.5,7575,7389.5,1,wk,Fall
11/11/2016 12:00,64.5,7361,7389.5,1,wk,Fall
11/12/2016 12:00,67,6172,7389.5,1,wknd,Fall
11/13/2016 12:00,65,6206,7389.5,1,wknd,Fall
11/14/2016 12:00,69,7550,7389.5,1,wk,Fall
11/15/2016 12:00,72.5,7593,7389.5,1,wk,Fall
11/16/2016 12:00,70.5,7383,7389.5,1,wk,Fall
11/17/2016 12:00,70,7613,7389.5,1,wk,Fall
11/18/2016 12:00,65.5,7396,7389.5,1,wk,Fall
11/19/2016 12:00,52,6329,7389.5,1,wknd,Fall
11/20/2016 12:00,51,6199,7389.5,1,wknd,Fall
11/21/2016 12:00,60.5,7373,7389.5,1,wk,Fall
11/22/2016 12:00,69,7370,7389.5,1,wk,Fall
11/23/2016 12:00,62,6527,7389.5,0,wk,Fall
11/24/2016 12:00,61,4796,7389.5,0,wk,Fall
11/25/2016 12:00,60.5,4869,7389.5,0,wk,Fall
11/26/2016 12:00,61.5,4866,7389.5,0,wknd,Fall
11/27/2016 12:00,66,4969,7389.5,0,wknd,Fall
11/28/2016 12:00,65,7505,7389.5,1,wk,Fall
11/29/2016 12:00,64,7500,7389.5,1,wk,Fall
11/30/2016 12:00,54.5,7611,7389.5,1,wk,Fall
12/1/2016 12:00,53,7591,7290,1,wk,Winter
12/2/2016 12:00,57.5,7384,7290,1,wk,Winter
12/3/2016 12:00,50.5,6206,7290,1,wknd,Winter
12/4/2016 12:00,51,6135,7290,1,wknd,Winter
12/5/2016 12:00,49.5,7403,7290,1,wk,Winter
12/6/2016 12:00,50.5,7517,7290,1,wk,Winter
12/7/2016 12:00,47.5,7615,7290,1,wk,Winter
12/8/2016 12:00,44,7138,7290,1,wk,Winter
12/9/2016 12:00,39.5,7364,7290,1,wk,Winter
12/10/2016 12:00,43.5,6948,7290,1,wknd,Winter
12/11/2016 12:00,58.5,6497,7290,1,wknd,Winter
12/12/2016 12:00,56.5,7899,7290,1,wk,Winter
12/13/2016 12:00,63.5,7848,7290,1,wk,Winter
12/14/2016 12:00,50,7579,7290,1,wk,Winter
12/15/2016 12:00,49.5,7361,7290,0,wk,Winter
12/16/2016 12:00,59,7219,7290,0,wk,Winter
12/17/2016 12:00,55,6447,7290,0,wknd,Winter
12/18/2016 12:00,31.5,6029,7290,0,wknd,Winter
12/19/2016 12:00,34,7494,7290,0,wk,Winter
12/20/2016 12:00,47,7103,7290,0,wk,Winter
12/21/2016 12:00,57,7136,7290,0,wk,Winter
12/22/2016 12:00,59,6404,7290,0,wk,Winter
12/23/2016 12:00,60,4609,7290,0,wk,Winter
12/24/2016 12:00,71.5,4468,7290,0,wknd,Winter
12/25/2016 12:00,74,4380,7290,0,wknd,Winter
12/26/2016 12:00,77,4501,7290,0,wk,Winter
12/27/2016 12:00,69,4813,7290,0,wk,Winter
12/28/2016 12:00,72.5,4891,7290,0,wk,Winter
12/29/2016 12:00,59.5,4703,7290,0,wk,Winter
12/30/2016 12:00,52,5098,7290,0,wk,Winter
12/31/2016 12:00,64,4735,7290,0,wknd,Winter
1/1/2017 12:00,64,4951,7050,0,wknd,Winter
1/2/2017 12:00,63,6813,7050,0,wk,Winter
1/3/2017 12:00,60,6578,7050,0,wk,Winter
1/4/2017 12:00,44,6645,7050,0,wk,Winter
1/5/2017 12:00,48.5,6727,7050,0,wk,Winter
1/6/2017 12:00,28.5,6927,7050,0,wk,Winter
1/7/2017 12:00,31.5,6853,7050,0,wknd,Winter
1/8/2017 12:00,37,6512,7050,0,wknd,Winter
1/9/2017 12:00,57,7053,7050,0,wk,Winter
1/10/2017 12:00,69,7251,7050,0,wk,Winter
1/11/2017 12:00,69.5,7362,7050,0,wk,Winter
1/12/2017 12:00,74,7151,7050,0,wk,Winter
1/13/2017 12:00,67,7102,7050,0,wk,Winter
1/14/2017 12:00,51.5,6232,7050,0,wknd,Winter
1/15/2017 12:00,62,5942,7050,0,wknd,Winter
1/16/2017 12:00,64,6398,7050,0,wk,Winter
1/17/2017 12:00,53.5,7314,7050,1,wk,Winter
1/18/2017 12:00,51.5,7678,7050,1,wk,Winter
1/19/2017 12:00,61.5,7610,7050,1,wk,Winter
1/20/2017 12:00,61.5,7527,7050,1,wk,Winter
1/21/2017 12:00,64.5,6878,7050,1,wknd,Winter
1/22/2017 12:00,61.5,6300,7050,1,wknd,Winter
1/23/2017 12:00,61,7400,7050,1,wk,Winter
1/24/2017 12:00,67,7359,7050,1,wk,Winter
1/25/2017 12:00,58.5,7302,7050,1,wk,Winter
1/26/2017 12:00,49.5,7312,7050,1,wk,Winter
1/27/2017 12:00,48,7047,7050,1,wk,Winter
1/28/2017 12:00,50,6048,7050,1,wknd,Winter
1/29/2017 12:00,55,6085,7050,1,wknd,Winter
1/30/2017 12:00,63,7254,7050,1,wk,Winter
1/31/2017 12:00,61,7283,7050,1,wk,Winter
2/1/2017 12:00,66.5,7450,7299,1,wk,Winter
2/2/2017 12:00,55,7360,7299,1,wk,Winter
2/3/2017 12:00,49,7290,7299,1,wk,Winter
2/4/2017 12:00,49,6471,7299,1,wknd,Winter
2/5/2017 12:00,61.5,6331,7299,1,wknd,Winter
2/6/2017 12:00,72.5,7337,7299,1,wk,Winter
2/7/2017 12:00,71,7448,7299,1,wk,Winter
2/8/2017 12:00,69,7462,7299,1,wk,Winter
2/9/2017 12:00,55.5,7434,7299,1,wk,Winter
2/10/2017 12:00,65,7175,7299,1,wk,Winter
2/11/2017 12:00,76,6175,7299,1,wknd,Winter
2/12/2017 12:00,72.5,6199,7299,1,wknd,Winter
2/13/2017 12:00,70.5,7228,7299,1,wk,Winter
2/14/2017 12:00,57,7391,7299,1,wk,Winter
2/15/2017 12:00,54,7390,7299,1,wk,Winter
2/16/2017 12:00,55,7416,7299,1,wk,Winter
2/17/2017 12:00,63.5,7119,7299,1,wk,Winter
2/18/2017 12:00,74,6082,7299,1,wknd,Winter
2/19/2017 12:00,71,6180,7299,1,wknd,Winter
2/20/2017 12:00,64,7189,7299,1,wk,Winter
2/21/2017 12:00,67,7308,7299,1,wk,Winter
2/22/2017 12:00,69,7334,7299,1,wk,Winter
2/23/2017 12:00,72.5,7408,7299,1,wk,Winter
2/24/2017 12:00,67,7245,7299,1,wk,Winter
2/25/2017 12:00,53.5,6554,7299,1,wknd,Winter
2/26/2017 12:00,57,6368,7299,1,wknd,Winter
2/27/2017 12:00,74,7345,7299,1,wk,Winter
2/28/2017 12:00,74.5,7500,7299,1,wk,Winter
3/1/2017 12:00,63.5,7388,7066,1,wk,Spring
3/2/2017 12:00,57.5,7322,7066,1,wk,Spring
3/3/2017 12:00,55.5,7115,7066,1,wk,Spring
3/4/2017 12:00,56.5,6262,7066,1,wknd,Spring
3/5/2017 12:00,66,6297,7066,1,wknd,Spring
3/6/2017 12:00,76,7334,7066,1,wk,Spring
3/7/2017 12:00,69,7412,7066,1,wk,Spring
3/8/2017 12:00,68,7362,7066,1,wk,Spring
3/9/2017 12:00,73.5,7352,7066,1,wk,Spring
3/10/2017 12:00,72.5,7167,7066,1,wk,Spring
3/11/2017 12:00,63.5,6205,7066,0,wknd,Spring
3/12/2017 12:00,54.5,5731,7066,0,wknd,Spring
3/13/2017 12:00,59,6475,7066,0,wk,Spring
3/14/2017 12:00,56.5,6452,7066,0,wk,Spring
3/15/2017 12:00,62,6420,7066,0,wk,Spring
3/16/2017 12:00,68.5,6365,7066,0,wk,Spring
3/17/2017 12:00,74,6352,7066,0,wk,Spring
3/18/2017 12:00,74.5,6060,7066,0,wknd,Spring
3/19/2017 12:00,75,6143,7066,1,wknd,Spring
3/20/2017 12:00,74.5,7264,7066,1,wk,Spring
3/21/2017 12:00,74,7334,7066,1,wk,Spring
3/22/2017 12:00,75.5,7360,7066,1,wk,Spring
3/23/2017 12:00,75,7287,7066,1,wk,Spring
3/24/2017 12:00,71.5,7016,7066,1,wk,Spring
3/25/2017 12:00,68.5,5900,7066,1,wknd,Spring
3/26/2017 12:00,74.5,6137,7066,1,wknd,Spring
3/27/2017 12:00,78,7066,7066,1,wk,Spring
3/28/2017 12:00,78,7204,7066,1,wk,Spring
3/29/2017 12:00,72,7179,7066,1,wk,Spring
3/30/2017 12:00,68,7244,7066,1,wk,Spring
3/31/2017 12:00,70.5,7016,7066,1,wk,Spring
4/1/2017 12:00,70.5,6077,7015,1,wknd,Spring
4/2/2017 12:00,67,6091,7015,1,wknd,Spring
4/3/2017 12:00,69.5,7070,7015,1,wk,Spring
4/4/2017 12:00,74.5,7134,7015,1,wk,Spring
4/5/2017 12:00,63.5,6979,7015,1,wk,Spring
4/6/2017 12:00,64,7065,7015,1,wk,Spring
4/7/2017 12:00,66.5,6835,7015,1,wk,Spring
4/8/2017 12:00,69,6142,7015,1,wknd,Spring
4/9/2017 12:00,73.5,6090,7015,1,wknd,Spring
4/10/2017 12:00,75.5,7154,7015,1,wk,Spring
4/11/2017 12:00,67,7185,7015,1,wk,Spring
4/12/2017 12:00,69.5,7201,7015,1,wk,Spring
4/13/2017 12:00,74.5,7065,7015,1,wk,Spring
4/14/2017 12:00,74.5,6729,7015,1,wk,Spring
4/15/2017 12:00,75.5,5739,7015,1,wknd,Spring
4/16/2017 12:00,76.5,5799,7015,1,wknd,Spring
4/17/2017 12:00,71.5,6966,7015,1,wk,Spring
4/18/2017 12:00,71.5,7051,7015,1,wk,Spring
4/19/2017 12:00,76.5,7120,7015,1,wk,Spring
4/20/2017 12:00,79,7090,7015,1,wk,Spring
4/21/2017 12:00,80,6961,7015,1,wk,Spring
4/22/2017 12:00,65,6130,7015,1,wknd,Spring
4/23/2017 12:00,63.5,6108,7015,1,wknd,Spring
4/24/2017 12:00,65,7072,7015,1,wk,Spring
4/25/2017 12:00,76,7092,7015,1,wk,Spring
4/26/2017 12:00,76.5,7174,7015,1,wk,Spring
4/27/2017 12:00,69.5,7350,7015,1,wk,Spring
4/28/2017 12:00,82.5,7170,7015,1,wk,Spring
4/29/2017 12:00,79,6426,7015,1,wknd,Spring
4/30/2017 12:00,65,6271,7015,1,wknd,Spring
5/1/2017 12:00,71,7030,6115,1,wk,Spring
5/2/2017 12:00,77,7371,6115,1,wk,Spring
5/3/2017 12:00,79.5,7339,6115,1,wk,Spring
5/4/2017 12:00,69.5,7064,6115,1,wk,Spring
5/5/2017 12:00,70.5,7014,6115,1,wk,Spring
5/6/2017 12:00,72.5,6103,6115,1,wknd,Spring
5/7/2017 12:00,74.5,6165,6115,1,wknd,Spring
5/8/2017 12:00,74,6899,6115,1,wk,Spring
5/9/2017 12:00,71,6786,6115,1,wk,Spring
5/10/2017 12:00,77,6804,6115,1,wk,Spring
5/11/2017 12:00,79.5,6740,6115,1,wk,Spring
5/12/2017 12:00,75.5,6579,6115,1,wk,Spring
5/13/2017 12:00,73.5,5761,6115,1,wknd,Spring
5/14/2017 12:00,77.5,5858,6115,1,wknd,Spring
5/15/2017 12:00,79.5,6596,6115,1,wk,Spring
5/16/2017 12:00,78,6494,6115,1,wk,Spring
5/17/2017 12:00,80,6273,6115,0,wk,Spring
5/18/2017 12:00,83.5,6300,6115,0,wk,Spring
5/19/2017 12:00,85,6115,6115,0,wk,Spring
5/20/2017 12:00,75,5435,6115,0,wknd,Spring
5/21/2017 12:00,70,5366,6115,0,wknd,Spring
5/22/2017 12:00,69,6069,6115,0,wk,Spring
5/23/2017 12:00,72,6079,6115,0,wk,Spring
5/24/2017 12:00,71.5,6064,6115,0,wk,Spring
5/25/2017 12:00,78,6028,6115,0,wk,Spring
5/26/2017 12:00,83.5,5944,6115,0,wk,Spring
5/27/2017 12:00,86.5,5465,6115,0,wknd,Spring
5/28/2017 12:00,80,5405,6115,0,wknd,Spring
5/29/2017 12:00,78,5483,6115,0,wk,Spring
5/30/2017 12:00,78,6049,6115,0,wk,Spring
5/31/2017 12:00,76.5,6085,6115,0,wk,Spring
6/1/2017 12:00,78,6209,6223.5,0,wk,Summer
6/2/2017 12:00,83,6139,6223.5,0,wk,Summer
6/3/2017 12:00,81.5,5389,6223.5,0,wknd,Summer
6/4/2017 12:00,79.5,5415,6223.5,0,wknd,Summer
6/5/2017 12:00,78,6182,6223.5,0,wk,Summer
6/6/2017 12:00,81,6314,6223.5,0,wk,Summer
6/7/2017 12:00,82.5,6402,6223.5,0,wk,Summer
6/8/2017 12:00,83,6508,6223.5,0,wk,Summer
6/9/2017 12:00,82,6312,6223.5,0,wk,Summer
6/10/2017 12:00,81.5,5410,6223.5,0,wknd,Summer
6/11/2017 12:00,83,5435,6223.5,0,wknd,Summer
6/12/2017 12:00,84.5,6283,6223.5,0,wk,Summer
6/13/2017 12:00,87,6467,6223.5,0,wk,Summer
6/14/2017 12:00,87,6430,6223.5,0,wk,Summer
6/15/2017 12:00,87.5,6385,6223.5,0,wk,Summer
6/16/2017 12:00,87.5,6309,6223.5,0,wk,Summer
6/17/2017 12:00,89,5693,6223.5,0,wknd,Summer
6/18/2017 12:00,89,5672,6223.5,0,wknd,Summer
6/19/2017 12:00,84,6425,6223.5,0,wk,Summer
6/20/2017 12:00,87,6558,6223.5,0,wk,Summer
6/21/2017 12:00,86,6536,6223.5,0,wk,Summer
6/22/2017 12:00,87.5,6525,6223.5,0,wk,Summer
6/23/2017 12:00,91,6453,6223.5,0,wk,Summer
6/24/2017 12:00,78.5,5548,6223.5,0,wknd,Summer
6/25/2017 12:00,82.5,5462,6223.5,0,wknd,Summer
6/26/2017 12:00,81.5,6134,6223.5,0,wk,Summer
6/27/2017 12:00,81,5970,6223.5,0,wk,Summer
6/28/2017 12:00,81.5,6157,6223.5,0,wk,Summer
6/29/2017 12:00,87,6238,6223.5,0,wk,Summer
6/30/2017 12:00,88.5,5961,6223.5,0,wk,Summer
7/1/2017 12:00,88.5,5093,5997,0,wknd,Summer
7/2/2017 12:00,89,5171,5997,0,wknd,Summer
7/3/2017 12:00,87.5,5735,5997,0,wk,Summer
7/4/2017 12:00,89.5,5301,5997,0,wk,Summer
