allDate,avgTemp,eU,MonMed,classSession,dayType,season
1/14/2009 12:00,47,11924,13699,0,wk,Winter
1/15/2009 12:00,46,12006,13699,0,wk,Winter
1/16/2009 12:00,41.5,12009,13699,0,wk,Winter
1/17/2009 12:00,57.5,10881,13699,0,wknd,Winter
1/18/2009 12:00,61,11238,13699,0,wknd,Winter
1/19/2009 12:00,58,12184,13699,0,wk,Winter
1/20/2009 12:00,50,15522,13699,1,wk,Winter
1/21/2009 12:00,53.5,15866,13699,1,wk,Winter
1/22/2009 12:00,61,15775,13699,1,wk,Winter
1/23/2009 12:00,68,15255,13699,1,wk,Winter
1/24/2009 12:00,50.5,11631,13699,1,wknd,Winter
1/25/2009 12:00,48.5,12311,13699,1,wknd,Winter
1/26/2009 12:00,61.5,15933,13699,1,wk,Winter
1/27/2009 12:00,49.5,15864,13699,1,wk,Winter
1/28/2009 12:00,40,15780,13699,1,wk,Winter
1/29/2009 12:00,43,15987,13699,1,wk,Winter
1/30/2009 12:00,50.5,15087,13699,1,wk,Winter
1/31/2009 12:00,53.5,11717,13699,1,wknd,Winter
2/1/2009 12:00,61.5,12286,15248.5,1,wknd,Winter
2/2/2009 12:00,50.5,15863,15248.5,1,wk,Winter
2/3/2009 12:00,53.5,15964,15248.5,1,wk,Winter
2/4/2009 12:00,54,16083,15248.5,1,wk,Winter
2/5/2009 12:00,60.5,15993,15248.5,1,wk,Winter
2/6/2009 12:00,66.5,15040,15248.5,1,wk,Winter
2/7/2009 12:00,69.5,11686,15248.5,1,wknd,Winter
2/8/2009 12:00,66.5,12221,15248.5,1,wknd,Winter
2/9/2009 12:00,64.5,15760,15248.5,1,wk,Winter
2/10/2009 12:00,64.5,15905,15248.5,1,wk,Winter
2/11/2009 12:00,61.5,15401,15248.5,1,wk,Winter
2/12/2009 12:00,59.5,15183,15248.5,1,wk,Winter
2/13/2009 12:00,70,14522,15248.5,1,wk,Winter
2/14/2009 12:00,56,11074,15248.5,1,wknd,Winter
2/15/2009 12:00,58.5,11719,15248.5,1,wknd,Winter
2/16/2009 12:00,54.5,15231,15248.5,1,wk,Winter
2/17/2009 12:00,58,15449,15248.5,1,wk,Winter
2/18/2009 12:00,70,15441,15248.5,1,wk,Winter
2/19/2009 12:00,54.5,15378,15248.5,1,wk,Winter
2/20/2009 12:00,54,14143,15248.5,1,wk,Winter
2/21/2009 12:00,53.5,11199,15248.5,1,wknd,Winter
2/22/2009 12:00,49,11653,15248.5,1,wknd,Winter
2/23/2009 12:00,53,15266,15248.5,1,wk,Winter
2/24/2009 12:00,65.5,15531,15248.5,1,wk,Winter
2/25/2009 12:00,73,15661,15248.5,1,wk,Winter
2/26/2009 12:00,77.5,15557,15248.5,1,wk,Winter
2/27/2009 12:00,74.5,14877,15248.5,1,wk,Winter
2/28/2009 12:00,52.5,11440,15248.5,1,wknd,Winter
3/1/2009 12:00,48.5,11742,14711,1,wknd,Spring
3/2/2009 12:00,51,15146,14711,1,wk,Spring
3/3/2009 12:00,59.5,15796,14711,1,wk,Spring
3/4/2009 12:00,67.5,16179,14711,1,wk,Spring
3/5/2009 12:00,73.5,16390,14711,1,wk,Spring
3/6/2009 12:00,75.5,15648,14711,1,wk,Spring
3/7/2009 12:00,74,14436,14711,1,wknd,Spring
3/8/2009 12:00,77,13342,14711,1,wknd,Spring
3/9/2009 12:00,76,16628,14711,1,wk,Spring
3/10/2009 12:00,76,16673,14711,1,wk,Spring
3/11/2009 12:00,57,16534,14711,1,wk,Spring
3/12/2009 12:00,42.5,15794,14711,1,wk,Spring
3/13/2009 12:00,41,12836,14711,1,wk,Spring
3/14/2009 12:00,45.5,9755,14711,0,wknd,Spring
3/15/2009 12:00,55.5,9571,14711,0,wknd,Spring
3/16/2009 12:00,64,11307,14711,0,wk,Spring
3/17/2009 12:00,67.5,11481,14711,0,wk,Spring
3/18/2009 12:00,69.5,11308,14711,0,wk,Spring
3/19/2009 12:00,70.5,11254,14711,0,wk,Spring
3/20/2009 12:00,66.5,11272,14711,0,wk,Spring
3/21/2009 12:00,67,10253,14711,0,wknd,Spring
3/22/2009 12:00,73,10840,14711,0,wknd,Spring
3/23/2009 12:00,72.5,15932,14711,1,wk,Spring
3/24/2009 12:00,72,16148,14711,1,wk,Spring
3/25/2009 12:00,62,15907,14711,1,wk,Spring
3/26/2009 12:00,65.5,15671,14711,1,wk,Spring
3/27/2009 12:00,65,14711,14711,1,wk,Spring
3/28/2009 12:00,53.5,11603,14711,1,wknd,Spring
3/29/2009 12:00,56,12183,14711,1,wknd,Spring
3/30/2009 12:00,69.5,15781,14711,1,wk,Spring
3/31/2009 12:00,63.5,15969,14711,1,wk,Spring
4/1/2009 12:00,61.5,16010,15799.5,1,wk,Spring
4/2/2009 12:00,61,16206,15799.5,1,wk,Spring
4/3/2009 12:00,63,14992,15799.5,1,wk,Spring
4/4/2009 12:00,71.5,12055,15799.5,1,wknd,Spring
4/5/2009 12:00,63.5,12629,15799.5,1,wknd,Spring
4/6/2009 12:00,55,15854,15799.5,1,wk,Spring
4/7/2009 12:00,58,16002,15799.5,1,wk,Spring
4/8/2009 12:00,69,16375,15799.5,1,wk,Spring
4/9/2009 12:00,79,16424,15799.5,1,wk,Spring
4/10/2009 12:00,64.5,13259,15799.5,1,wk,Spring
4/11/2009 12:00,61,11531,15799.5,1,wknd,Spring
4/12/2009 12:00,70,12418,15799.5,1,wknd,Spring
4/13/2009 12:00,63.5,15743,15799.5,1,wk,Spring
4/14/2009 12:00,63,15851,15799.5,1,wk,Spring
4/15/2009 12:00,70,15634,15799.5,1,wk,Spring
4/16/2009 12:00,69,15845,15799.5,1,wk,Spring
4/17/2009 12:00,63.5,14943,15799.5,1,wk,Spring
4/18/2009 12:00,72.5,11864,15799.5,1,wknd,Spring
4/19/2009 12:00,69.5,12467,15799.5,1,wknd,Spring
4/20/2009 12:00,68.5,15754,15799.5,1,wk,Spring
4/21/2009 12:00,77,15924,15799.5,1,wk,Spring
4/22/2009 12:00,79,16584,15799.5,1,wk,Spring
4/23/2009 12:00,74,16627,15799.5,1,wk,Spring
4/24/2009 12:00,74.5,15564,15799.5,1,wk,Spring
4/25/2009 12:00,79.5,12663,15799.5,1,wknd,Spring
4/26/2009 12:00,76,13279,15799.5,1,wknd,Spring
4/27/2009 12:00,67.5,16707,15799.5,1,wk,Spring
4/28/2009 12:00,73,16602,15799.5,1,wk,Spring
4/29/2009 12:00,77,16748,15799.5,1,wk,Spring
4/30/2009 12:00,79,16352,15799.5,1,wk,Spring
5/1/2009 12:00,80,14991,12441,1,wk,Spring
5/2/2009 12:00,79.5,12097,12441,1,wknd,Spring
5/3/2009 12:00,74,12630,12441,1,wknd,Spring
5/4/2009 12:00,70,15797,12441,1,wk,Spring
5/5/2009 12:00,80,16127,12441,1,wk,Spring
5/6/2009 12:00,82.5,16202,12441,1,wk,Spring
5/7/2009 12:00,83,16140,12441,1,wk,Spring
5/8/2009 12:00,85.5,15106,12441,1,wk,Spring
5/9/2009 12:00,83,12226,12441,1,wknd,Spring
5/10/2009 12:00,83,12461,12441,1,wknd,Spring
5/11/2009 12:00,83.5,14883,12441,1,wk,Spring
5/12/2009 12:00,83.5,15344,12441,1,wk,Spring
5/13/2009 12:00,85,15927,12441,1,wk,Spring
5/14/2009 12:00,82.5,15660,12441,1,wk,Spring
5/15/2009 12:00,83,14949,12441,1,wk,Spring
5/16/2009 12:00,72.5,12441,12441,1,wknd,Spring
5/17/2009 12:00,68.5,11878,12441,1,wknd,Spring
5/18/2009 12:00,68,13147,12441,1,wk,Spring
5/19/2009 12:00,67.5,12558,12441,1,wk,Spring
5/20/2009 12:00,70.5,10962,12441,1,wk,Spring
5/21/2009 12:00,73,9546,12441,1,wk,Spring
5/22/2009 12:00,78.5,9563,12441,1,wk,Spring
5/23/2009 12:00,75,9393,12441,1,wknd,Spring
5/24/2009 12:00,75,9133,12441,0,wknd,Spring
5/25/2009 12:00,78,9117,12441,0,wk,Spring
5/26/2009 12:00,82.5,10508,12441,0,wk,Spring
5/27/2009 12:00,79.5,10776,12441,0,wk,Spring
5/28/2009 12:00,80,10675,12441,0,wk,Spring
5/29/2009 12:00,82,10641,12441,0,wk,Spring
5/30/2009 12:00,81.5,9321,12441,0,wknd,Spring
5/31/2009 12:00,81,9619,12441,0,wknd,Spring
6/1/2009 12:00,80,11701,13228,0,wk,Summer
6/2/2009 12:00,84,12058,13228,0,wk,Summer
6/3/2009 12:00,80,12512,13228,0,wk,Summer
6/4/2009 12:00,78.5,12975,13228,0,wk,Summer
6/5/2009 12:00,77.5,12436,13228,0,wk,Summer
6/6/2009 12:00,83.5,11585,13228,0,wknd,Summer
6/7/2009 12:00,82.5,11895,13228,0,wknd,Summer
6/8/2009 12:00,84,13497,13228,0,wk,Summer
6/9/2009 12:00,84.5,13894,13228,0,wk,Summer
6/10/2009 12:00,88,14355,13228,0,wk,Summer
6/11/2009 12:00,84.5,14190,13228,0,wk,Summer
6/12/2009 12:00,84,13220,13228,0,wk,Summer
6/13/2009 12:00,88,11553,13228,0,wknd,Summer
6/14/2009 12:00,88,11961,13228,0,wknd,Summer
6/15/2009 12:00,88.5,13266,13228,0,wk,Summer
6/16/2009 12:00,89,13356,13228,0,wk,Summer
6/17/2009 12:00,89,13714,13228,0,wk,Summer
6/18/2009 12:00,89,13646,13228,0,wk,Summer
6/19/2009 12:00,87.5,13266,13228,0,wk,Summer
6/20/2009 12:00,90,11753,13228,0,wknd,Summer
6/21/2009 12:00,89,11366,13228,0,wknd,Summer
6/22/2009 12:00,88.5,11366,13228,0,wk,Summer
6/23/2009 12:00,89,13698,13228,0,wk,Summer
6/24/2009 12:00,91,13877,13228,0,wk,Summer
6/25/2009 12:00,92.5,13611,13228,0,wk,Summer
6/26/2009 12:00,91.5,13236,13228,0,wk,Summer
6/27/2009 12:00,92,11492,13228,0,wknd,Summer
6/28/2009 12:00,90.5,11378,13228,0,wknd,Summer
6/29/2009 12:00,91.5,13245,13228,0,wk,Summer
6/30/2009 12:00,81.5,13383,13228,0,wk,Summer
7/1/2009 12:00,83.5,13319,12793,0,wk,Summer
7/2/2009 12:00,88.5,12492,12793,0,wk,Summer
7/3/2009 12:00,89,11797,12793,0,wk,Summer
7/4/2009 12:00,91.5,10315,12793,0,wknd,Summer
7/5/2009 12:00,91.5,10681,12793,0,wknd,Summer
7/6/2009 12:00,87.5,12599,12793,0,wk,Summer
7/7/2009 12:00,90,13232,12793,0,wk,Summer
7/8/2009 12:00,92,13569,12793,0,wk,Summer
7/9/2009 12:00,91.5,13511,12793,0,wk,Summer
7/10/2009 12:00,90,12953,12793,0,wk,Summer
7/11/2009 12:00,88.5,11165,12793,0,wknd,Summer
7/12/2009 12:00,89.5,11116,12793,0,wknd,Summer
7/13/2009 12:00,91,13240,12793,0,wk,Summer
7/14/2009 12:00,90.5,13464,12793,0,wk,Summer
7/15/2009 12:00,90,13527,12793,0,wk,Summer
7/16/2009 12:00,91,13404,12793,0,wk,Summer
7/17/2009 12:00,90,12824,12793,0,wk,Summer
7/18/2009 12:00,88,11347,12793,0,wknd,Summer
7/19/2009 12:00,89.5,11067,12793,0,wknd,Summer
7/20/2009 12:00,89.5,12438,12793,0,wk,Summer
7/21/2009 12:00,90.5,12460,12793,0,wk,Summer
7/22/2009 12:00,87.5,12620,12793,0,wk,Summer
7/23/2009 12:00,86,13149,12793,0,wk,Summer
7/24/2009 12:00,89,12824,12793,0,wk,Summer
7/25/2009 12:00,90,11285,12793,0,wknd,Summer
7/26/2009 12:00,91,11015,12793,0,wknd,Summer
7/27/2009 12:00,92,12705,12793,0,wk,Summer
7/28/2009 12:00,91,12868,12793,0,wk,Summer
7/29/2009 12:00,89.5,12793,12793,0,wk,Summer
7/30/2009 12:00,85,13040,12793,0,wk,Summer
7/31/2009 12:00,89.5,12896,12793,0,wk,Summer
8/1/2009 12:00,91,11368,12462,0,wknd,Summer
8/2/2009 12:00,88.5,10705,12462,0,wknd,Summer
8/3/2009 12:00,88.5,12636,12462,0,wk,Summer
8/4/2009 12:00,90,12926,12462,0,wk,Summer
8/5/2009 12:00,90.5,12942,12462,0,wk,Summer
8/6/2009 12:00,91.5,12540,12462,0,wk,Summer
8/7/2009 12:00,91,12160,12462,0,wk,Summer
8/8/2009 12:00,90.5,9723,12462,0,wknd,Summer
8/9/2009 12:00,91,12704,12462,0,wknd,Summer
8/10/2009 12:00,91,12250,12462,0,wk,Summer
8/11/2009 12:00,91,12801,12462,0,wk,Summer
8/12/2009 12:00,88,12729,12462,0,wk,Summer
8/13/2009 12:00,86.5,12462,12462,0,wk,Summer
8/14/2009 12:00,89,12196,12462,0,wk,Summer
8/15/2009 12:00,90,11218,12462,0,wknd,Summer
8/16/2009 12:00,90,11009,12462,0,wknd,Summer
8/17/2009 12:00,90,12277,12462,0,wk,Summer
8/18/2009 12:00,89.5,12298,12462,0,wk,Summer
8/19/2009 12:00,88.5,12425,12462,0,wk,Summer
8/20/2009 12:00,91,12446,12462,0,wk,Summer
8/21/2009 12:00,91.5,12519,12462,0,wk,Summer
8/22/2009 12:00,89.5,11924,12462,0,wknd,Summer
8/23/2009 12:00,91.5,12127,12462,0,wknd,Summer
8/24/2009 12:00,90,13850,12462,0,wk,Summer
8/25/2009 12:00,89.5,13923,12462,0,wk,Summer
8/26/2009 12:00,89.5,16061,12462,1,wk,Summer
8/27/2009 12:00,88,16079,12462,1,wk,Summer
8/28/2009 12:00,85.5,15322,12462,1,wk,Summer
8/29/2009 12:00,84.5,12348,12462,1,wknd,Summer
8/30/2009 12:00,83,12655,12462,1,wknd,Summer
8/31/2009 12:00,82.5,15889,12462,1,wk,Summer
9/1/2009 12:00,82.5,15881,15399.5,1,wk,Fall
9/2/2009 12:00,84.5,16141,15399.5,1,wk,Fall
9/3/2009 12:00,87.5,15682,15399.5,1,wk,Fall
9/4/2009 12:00,81.5,15006,15399.5,1,wk,Fall
9/5/2009 12:00,81.5,11947,15399.5,1,wknd,Fall
9/6/2009 12:00,83.5,11733,15399.5,1,wknd,Fall
9/7/2009 12:00,83.5,12416,15399.5,1,wk,Fall
9/8/2009 12:00,84.5,15800,15399.5,1,wk,Fall
9/9/2009 12:00,81.5,15957,15399.5,1,wk,Fall
9/10/2009 12:00,80,15738,15399.5,1,wk,Fall
9/11/2009 12:00,76.5,14875,15399.5,1,wk,Fall
9/12/2009 12:00,73.5,11573,15399.5,1,wknd,Fall
9/13/2009 12:00,77,12318,15399.5,1,wknd,Fall
9/14/2009 12:00,75.5,15500,15399.5,1,wk,Fall
9/15/2009 12:00,78,15183,15399.5,1,wk,Fall
9/16/2009 12:00,78.5,15884,15399.5,1,wk,Fall
9/17/2009 12:00,76.5,15761,15399.5,1,wk,Fall
9/18/2009 12:00,79,15084,15399.5,1,wk,Fall
9/19/2009 12:00,79,12039,15399.5,1,wknd,Fall
9/20/2009 12:00,81.5,12533,15399.5,1,wknd,Fall
9/21/2009 12:00,85.5,15822,15399.5,1,wk,Fall
9/22/2009 12:00,71.5,15691,15399.5,1,wk,Fall
9/23/2009 12:00,62,15713,15399.5,1,wk,Fall
9/24/2009 12:00,63,15408,15399.5,1,wk,Fall
9/25/2009 12:00,71.5,14594,15399.5,1,wk,Fall
9/26/2009 12:00,78.5,11980,15399.5,1,wknd,Fall
9/27/2009 12:00,80.5,12014,15399.5,1,wknd,Fall
9/28/2009 12:00,78,15770,15399.5,1,wk,Fall
9/29/2009 12:00,71,15391,15399.5,1,wk,Fall
9/30/2009 12:00,78.5,15860,15399.5,1,wk,Fall
10/1/2009 12:00,80.5,15931,15170.5,1,wk,Fall
10/2/2009 12:00,72.5,14624,15170.5,1,wk,Fall
10/3/2009 12:00,68,11697,15170.5,1,wknd,Fall
10/4/2009 12:00,77.5,12326,15170.5,1,wknd,Fall
10/5/2009 12:00,72,15649,15170.5,1,wk,Fall
10/6/2009 12:00,82.5,15892,15170.5,1,wk,Fall
10/7/2009 12:00,73.5,15836,15170.5,1,wk,Fall
10/8/2009 12:00,85,15984,15170.5,1,wk,Fall
10/9/2009 12:00,68,14707,15170.5,1,wk,Fall
10/10/2009 12:00,56.5,11503,15170.5,1,wknd,Fall
10/11/2009 12:00,56.5,11988,15170.5,1,wknd,Fall
10/12/2009 12:00,64,15287,15170.5,1,wk,Fall
10/13/2009 12:00,75.5,15287,15170.5,1,wk,Fall
10/14/2009 12:00,82.5,15287,15170.5,1,wk,Fall
10/15/2009 12:00,77.5,15287,15170.5,1,wk,Fall
10/16/2009 12:00,66,14235,15170.5,1,wk,Fall
10/17/2009 12:00,66,11092,15170.5,1,wknd,Fall
10/18/2009 12:00,64,11801,15170.5,1,wknd,Fall
10/19/2009 12:00,67,15273,15170.5,1,wk,Fall
10/20/2009 12:00,70,15415,15170.5,1,wk,Fall
10/21/2009 12:00,73,15645,15170.5,1,wk,Fall
10/22/2009 12:00,63.5,15198,15170.5,1,wk,Fall
10/23/2009 12:00,61.5,13870,15170.5,1,wk,Fall
10/24/2009 12:00,62,10969,15170.5,1,wknd,Fall
10/25/2009 12:00,70.5,0,15170.5,1,wknd,Fall
10/26/2009 12:00,62.5,0,15170.5,1,wk,Fall
10/27/2009 12:00,58.5,14950,15170.5,1,wk,Fall
10/28/2009 12:00,66.5,15144,15170.5,1,wk,Fall
10/29/2009 12:00,69,15197,15170.5,1,wk,Fall
10/30/2009 12:00,59.5,13765,15170.5,1,wk,Fall
10/31/2009 12:00,60,10751,15170.5,1,wknd,Fall
11/1/2009 12:00,61,11915,14841,1,wknd,Fall
11/2/2009 12:00,61.5,14893,14841,1,wk,Fall
11/3/2009 12:00,64,14995,14841,1,wk,Fall
11/4/2009 12:00,63.5,15114,14841,1,wk,Fall
11/5/2009 12:00,65.5,15059,14841,1,wk,Fall
11/6/2009 12:00,64.5,14114,14841,1,wk,Fall
11/7/2009 12:00,68,11356,14841,1,wknd,Fall
11/8/2009 12:00,64,11995,14841,1,wknd,Fall
11/9/2009 12:00,70,15264,14841,1,wk,Fall
11/10/2009 12:00,68.5,15673,14841,1,wk,Fall
11/11/2009 12:00,67.5,15936,14841,1,wk,Fall
11/12/2009 12:00,63,15685,14841,1,wk,Fall
11/13/2009 12:00,65,14799,14841,1,wk,Fall
11/14/2009 12:00,68,12057,14841,1,wknd,Fall
11/15/2009 12:00,71.5,12767,14841,1,wknd,Fall
11/16/2009 12:00,57,15521,14841,1,wk,Fall
11/17/2009 12:00,53,15521,14841,1,wk,Fall
11/18/2009 12:00,56,30875,14841,1,wk,Fall
11/19/2009 12:00,60.5,15441,14841,1,wk,Fall
11/20/2009 12:00,61.5,14883,14841,1,wk,Fall
11/21/2009 12:00,56,11936,14841,1,wknd,Fall
11/22/2009 12:00,57.5,12270,14841,1,wknd,Fall
11/23/2009 12:00,60,15387,14841,1,wk,Fall
11/24/2009 12:00,56.5,14287,14841,1,wk,Fall
11/25/2009 12:00,54.5,11446,14841,1,wk,Fall
11/26/2009 12:00,53.5,8766,14841,0,wk,Fall
11/27/2009 12:00,52.5,8773,14841,0,wk,Fall
11/28/2009 12:00,61,9003,14841,0,wknd,Fall
11/29/2009 12:00,61,10620,14841,0,wknd,Fall
11/30/2009 12:00,49.5,15937,14841,1,wk,Fall
12/1/2009 12:00,46,16002,11334,1,wk,Winter
12/2/2009 12:00,45.5,16263,11334,1,wk,Winter
12/3/2009 12:00,42.5,16017,11334,1,wk,Winter
12/4/2009 12:00,35,15247,11334,1,wk,Winter
12/5/2009 12:00,37.5,12268,11334,1,wknd,Winter
12/6/2009 12:00,45,12530,11334,1,wknd,Winter
12/7/2009 12:00,47.5,15202,11334,1,wk,Winter
12/8/2009 12:00,50,15662,11334,1,wk,Winter
12/9/2009 12:00,41,15848,11334,1,wk,Winter
12/10/2009 12:00,37.5,15725,11334,1,wk,Winter
12/11/2009 12:00,45,14954,11334,1,wk,Winter
12/12/2009 12:00,47.5,12963,11334,1,wknd,Winter
12/13/2009 12:00,58,12688,11334,1,wknd,Winter
12/14/2009 12:00,59.5,14418,11334,1,wk,Winter
12/15/2009 12:00,52,12853,11334,1,wk,Winter
12/16/2009 12:00,43,11334,11334,0,wk,Winter
12/17/2009 12:00,47,10178,11334,0,wk,Winter
12/18/2009 12:00,54,9816,11334,0,wk,Winter
12/19/2009 12:00,50.5,9373,11334,0,wknd,Winter
12/20/2009 12:00,48,9369,11334,0,wknd,Winter
12/21/2009 12:00,53,9045,11334,0,wk,Winter
12/22/2009 12:00,63,8237,11334,0,wk,Winter
12/23/2009 12:00,65,8350,11334,0,wk,Winter
12/24/2009 12:00,46.5,7844,11334,0,wk,Winter
12/25/2009 12:00,40,7636,11334,0,wk,Winter
12/26/2009 12:00,42.5,7517,11334,0,wknd,Winter
12/27/2009 12:00,46,7470,11334,0,wknd,Winter
12/28/2009 12:00,43,7467,11334,0,wk,Winter
12/29/2009 12:00,37.5,7559,11334,0,wk,Winter
12/30/2009 12:00,50.5,7757,11334,0,wk,Winter
12/31/2009 12:00,55,7867,11334,0,wk,Winter
1/1/2010 12:00,45,7766,11381,0,wk,Winter
1/2/2010 12:00,42,7791,11381,0,wknd,Winter
1/3/2010 12:00,45,7859,11381,0,wknd,Winter
1/4/2010 12:00,40,8754,11381,0,wk,Winter
1/5/2010 12:00,38,9046,11381,0,wk,Winter
1/6/2010 12:00,43.5,9487,11381,0,wk,Winter
1/7/2010 12:00,40.5,9878,11381,0,wk,Winter
1/8/2010 12:00,28,9938,11381,0,wk,Winter
1/9/2010 12:00,29.5,8525,11381,0,wknd,Winter
1/10/2010 12:00,34,9469,11381,0,wknd,Winter
1/11/2010 12:00,42,11130,11381,0,wk,Winter
1/12/2010 12:00,52.5,11442,11381,0,wk,Winter
1/13/2010 12:00,51,11329,11381,0,wk,Winter
1/14/2010 12:00,54,11381,11381,0,wk,Winter
1/15/2010 12:00,50,11309,11381,0,wk,Winter
1/16/2010 12:00,53,10334,11381,0,wknd,Winter
1/17/2010 12:00,52,10814,11381,0,wknd,Winter
1/18/2010 12:00,57,11868,11381,0,wk,Winter
1/19/2010 12:00,66.5,15137,11381,1,wk,Winter
1/20/2010 12:00,64.5,15513,11381,1,wk,Winter
1/21/2010 12:00,61,15272,11381,1,wk,Winter
1/22/2010 12:00,61,14688,11381,1,wk,Winter
1/23/2010 12:00,62,11584,11381,1,wknd,Winter
1/24/2010 12:00,53.5,12072,11381,1,wknd,Winter
1/25/2010 12:00,51,15346,11381,1,wk,Winter
1/26/2010 12:00,52.5,15651,11381,1,wk,Winter
1/27/2010 12:00,61,15508,11381,1,wk,Winter
1/28/2010 12:00,63.5,15189,11381,1,wk,Winter
1/29/2010 12:00,48,14557,11381,1,wk,Winter
1/30/2010 12:00,38,11527,11381,1,wknd,Winter
1/31/2010 12:00,33,12099,11381,1,wknd,Winter
2/1/2010 12:00,40,15156,15261,1,wk,Winter
2/2/2010 12:00,48,15282,15261,1,wk,Winter
2/3/2010 12:00,48,15654,15261,1,wk,Winter
2/4/2010 12:00,46,15841,15261,1,wk,Winter
2/5/2010 12:00,51.5,14604,15261,1,wk,Winter
2/6/2010 12:00,50,11896,15261,1,wknd,Winter
2/7/2010 12:00,45.5,12459,15261,1,wknd,Winter
2/8/2010 12:00,55,15240,15261,1,wk,Winter
2/9/2010 12:00,42,15447,15261,1,wk,Winter
2/10/2010 12:00,37,15645,15261,1,wk,Winter
2/11/2010 12:00,38,15571,15261,1,wk,Winter
2/12/2010 12:00,40.5,14422,15261,1,wk,Winter
2/13/2010 12:00,44,11461,15261,1,wknd,Winter
2/14/2010 12:00,53,12330,15261,1,wknd,Winter
2/15/2010 12:00,43.5,15686,15261,1,wk,Winter
2/16/2010 12:00,44.5,15662,15261,1,wk,Winter
2/17/2010 12:00,46.5,15547,15261,1,wk,Winter
2/18/2010 12:00,48.5,15287,15261,1,wk,Winter
2/19/2010 12:00,53.5,14373,15261,1,wk,Winter
2/20/2010 12:00,60.5,12170,15261,1,wknd,Winter
2/21/2010 12:00,62,12743,15261,1,wknd,Winter
2/22/2010 12:00,46.5,15664,15261,1,wk,Winter
2/23/2010 12:00,36.5,15611,15261,1,wk,Winter
2/24/2010 12:00,43,15393,15261,1,wk,Winter
2/25/2010 12:00,48,15456,15261,1,wk,Winter
2/26/2010 12:00,49.5,14621,15261,1,wk,Winter
2/27/2010 12:00,51.5,11822,15261,1,wknd,Winter
2/28/2010 12:00,51.5,12264,15261,1,wknd,Winter
3/1/2010 12:00,52.5,15452,14642,1,wk,Spring
3/2/2010 12:00,49,15441,14642,1,wk,Spring
3/3/2010 12:00,52,15662,14642,1,wk,Spring
3/4/2010 12:00,57,15654,14642,1,wk,Spring
3/5/2010 12:00,56,14682,14642,1,wk,Spring
3/6/2010 12:00,58.5,13566,14642,1,wknd,Spring
3/7/2010 12:00,58,12533,14642,1,wknd,Spring
3/8/2010 12:00,62,15796,14642,1,wk,Spring
3/9/2010 12:00,66,15833,14642,1,wk,Spring
3/10/2010 12:00,65.5,15763,14642,1,wk,Spring
3/11/2010 12:00,60.5,15251,14642,1,wk,Spring
3/12/2010 12:00,59,12654,14642,1,wk,Spring
3/13/2010 12:00,60,9852,14642,0,wknd,Spring
3/14/2010 12:00,63,9029,14642,0,wknd,Spring
3/15/2010 12:00,62,10806,14642,0,wk,Spring
3/16/2010 12:00,53.5,10884,14642,0,wk,Spring
3/17/2010 12:00,59.5,10786,14642,0,wk,Spring
3/18/2010 12:00,58,10669,14642,0,wk,Spring
3/19/2010 12:00,63,10860,14642,0,wk,Spring
3/20/2010 12:00,50,9754,14642,0,wknd,Spring
3/21/2010 12:00,49,10146,14642,0,wknd,Spring
3/22/2010 12:00,56,14948,14642,1,wk,Spring
3/23/2010 12:00,61,15291,14642,1,wk,Spring
3/24/2010 12:00,60.5,15322,14642,1,wk,Spring
3/25/2010 12:00,58,14642,14642,1,wk,Spring
3/26/2010 12:00,57.5,13599,14642,1,wk,Spring
3/27/2010 12:00,66,11066,14642,1,wknd,Spring
3/28/2010 12:00,60,11676,14642,1,wknd,Spring
3/29/2010 12:00,61,14822,14642,1,wk,Spring
3/30/2010 12:00,66.5,14910,14642,1,wk,Spring
3/31/2010 12:00,69.5,15204,14642,1,wk,Spring
4/1/2010 12:00,70.5,14762,15264,1,wk,Spring
4/2/2010 12:00,70,12440,15264,1,wk,Spring
4/3/2010 12:00,66.5,10845,15264,1,wknd,Spring
4/4/2010 12:00,74.5,11647,15264,1,wknd,Spring
4/5/2010 12:00,76,15397,15264,1,wk,Spring
4/6/2010 12:00,74,15952,15264,1,wk,Spring
4/7/2010 12:00,67.5,15865,15264,1,wk,Spring
4/8/2010 12:00,59.5,15235,15264,1,wk,Spring
4/9/2010 12:00,58,14387,15264,1,wk,Spring
4/10/2010 12:00,67,11692,15264,1,wknd,Spring
4/11/2010 12:00,64.5,12395,15264,1,wknd,Spring
4/12/2010 12:00,69,15529,15264,1,wk,Spring
4/13/2010 12:00,69,15548,15264,1,wk,Spring
4/14/2010 12:00,69.5,15437,15264,1,wk,Spring
4/15/2010 12:00,70.5,15625,15264,1,wk,Spring
4/16/2010 12:00,68.5,14740,15264,1,wk,Spring
4/17/2010 12:00,68.5,11821,15264,1,wknd,Spring
4/18/2010 12:00,64,12357,15264,1,wknd,Spring
4/19/2010 12:00,59.5,15413,15264,1,wk,Spring
4/20/2010 12:00,66.5,15404,15264,1,wk,Spring
4/21/2010 12:00,68,15547,15264,1,wk,Spring
4/22/2010 12:00,68.5,15492,15264,1,wk,Spring
4/23/2010 12:00,75,14615,15264,1,wk,Spring
4/24/2010 12:00,68.5,11658,15264,1,wknd,Spring
4/25/2010 12:00,70.5,12322,15264,1,wknd,Spring
4/26/2010 12:00,70.5,15316,15264,1,wk,Spring
4/27/2010 12:00,67,15293,15264,1,wk,Spring
4/28/2010 12:00,65,15415,15264,1,wk,Spring
4/29/2010 12:00,73.5,15407,15264,1,wk,Spring
4/30/2010 12:00,80.5,14533,15264,1,wk,Spring
5/1/2010 12:00,74,11909,11909,1,wknd,Spring
5/2/2010 12:00,73.5,12285,11909,1,wknd,Spring
5/3/2010 12:00,72.5,15257,11909,1,wk,Spring
5/4/2010 12:00,73,15469,11909,1,wk,Spring
5/5/2010 12:00,77,15661,11909,1,wk,Spring
5/6/2010 12:00,78,15687,11909,1,wk,Spring
5/7/2010 12:00,83.5,14602,11909,1,wk,Spring
5/8/2010 12:00,70.5,11612,11909,1,wknd,Spring
5/9/2010 12:00,71.5,11975,11909,1,wknd,Spring
5/10/2010 12:00,80,14415,11909,1,wk,Spring
5/11/2010 12:00,82,14927,11909,1,wk,Spring
5/12/2010 12:00,82,15475,11909,1,wk,Spring
5/13/2010 12:00,81.5,15245,11909,1,wk,Spring
5/14/2010 12:00,71,14116,11909,1,wk,Spring
5/15/2010 12:00,73.5,11911,11909,1,wknd,Spring
5/16/2010 12:00,76,11764,11909,1,wknd,Spring
5/17/2010 12:00,79.5,13047,11909,1,wk,Spring
5/18/2010 12:00,77,12075,11909,1,wk,Spring
5/19/2010 12:00,79.5,11281,11909,0,wk,Spring
5/20/2010 12:00,80.5,9779,11909,0,wk,Spring
5/21/2010 12:00,83,10069,11909,0,wk,Spring
5/22/2010 12:00,83.5,9471,11909,0,wknd,Spring
5/23/2010 12:00,82.5,9354,11909,0,wknd,Spring
5/24/2010 12:00,80.5,10603,11909,0,wk,Spring
5/25/2010 12:00,78.5,10647,11909,0,wk,Spring
5/26/2010 12:00,81,10272,11909,0,wk,Spring
5/27/2010 12:00,80.5,10097,11909,0,wk,Spring
5/28/2010 12:00,82.5,10640,11909,0,wk,Spring
5/29/2010 12:00,83.5,9899,11909,0,wknd,Spring
5/30/2010 12:00,84,9652,11909,0,wknd,Spring
5/31/2010 12:00,81.5,9790,11909,0,wk,Spring
6/1/2010 12:00,82,11950,13592,0,wk,Summer
6/2/2010 12:00,82,12291,13592,0,wk,Summer
6/3/2010 12:00,70.5,12922,13592,0,wk,Summer
6/4/2010 12:00,81.5,12641,13592,0,wk,Summer
6/5/2010 12:00,82,11507,13592,0,wknd,Summer
6/6/2010 12:00,86.5,11843,13592,0,wknd,Summer
6/7/2010 12:00,85,13577,13592,0,wk,Summer
6/8/2010 12:00,82.5,13798,13592,0,wk,Summer
6/9/2010 12:00,78.5,14039,13592,0,wk,Summer
6/10/2010 12:00,85.5,14301,13592,0,wk,Summer
6/11/2010 12:00,85,13780,13592,0,wk,Summer
6/12/2010 12:00,86.5,11869,13592,0,wknd,Summer
6/13/2010 12:00,86.5,12006,13592,0,wknd,Summer
6/14/2010 12:00,85.5,13773,13592,0,wk,Summer
6/15/2010 12:00,85.5,14326,13592,0,wk,Summer
6/16/2010 12:00,86,14573,13592,0,wk,Summer
6/17/2010 12:00,83.5,14644,13592,0,wk,Summer
6/18/2010 12:00,86,13914,13592,0,wk,Summer
6/19/2010 12:00,85.5,12369,13592,0,wknd,Summer
6/20/2010 12:00,85.5,12452,13592,0,wknd,Summer
6/21/2010 12:00,85,13982,13592,0,wk,Summer
6/22/2010 12:00,85,14467,13592,0,wk,Summer
6/23/2010 12:00,85.5,14757,13592,0,wk,Summer
6/24/2010 12:00,84,14605,13592,0,wk,Summer
6/25/2010 12:00,87,14087,13592,0,wk,Summer
6/26/2010 12:00,86.5,12667,13592,0,wknd,Summer
6/27/2010 12:00,87,12346,13592,0,wknd,Summer
6/28/2010 12:00,88,13607,13592,0,wk,Summer
6/29/2010 12:00,83,13115,13592,0,wk,Summer
6/30/2010 12:00,80.5,12669,13592,0,wk,Summer
7/1/2010 12:00,79,12723,12429.5,0,wk,Summer
7/2/2010 12:00,80.5,11751,12429.5,0,wk,Summer
7/3/2010 12:00,82.5,10032,12429.5,0,wknd,Summer
7/4/2010 12:00,85,10057,12429.5,0,wknd,Summer
7/5/2010 12:00,85,11979,12429.5,0,wk,Summer
7/6/2010 12:00,85,12454,12429.5,0,wk,Summer
7/7/2010 12:00,85,12725,12429.5,0,wk,Summer
7/8/2010 12:00,79,12857,12429.5,0,wk,Summer
7/9/2010 12:00,82,12857,12429.5,0,wk,Summer
7/10/2010 12:00,84.5,0,12429.5,0,wknd,Summer
7/11/2010 12:00,84,0,12429.5,0,wknd,Summer
7/12/2010 12:00,84.5,12858,12429.5,0,wk,Summer
7/13/2010 12:00,86,13025,12429.5,0,wk,Summer
7/14/2010 12:00,87,13013,12429.5,0,wk,Summer
7/15/2010 12:00,87,12844,12429.5,0,wk,Summer
7/16/2010 12:00,86.5,12468,12429.5,0,wk,Summer
7/17/2010 12:00,86.5,11248,12429.5,0,wknd,Summer
7/18/2010 12:00,87.5,10984,12429.5,0,wknd,Summer
7/19/2010 12:00,86.5,12405,12429.5,0,wk,Summer
7/20/2010 12:00,85.5,12551,12429.5,0,wk,Summer
7/21/2010 12:00,86,12341,12429.5,0,wk,Summer
7/22/2010 12:00,86.5,12798,12429.5,0,wk,Summer
7/23/2010 12:00,84.5,12599,12429.5,0,wk,Summer
7/24/2010 12:00,85,11005,12429.5,0,wknd,Summer
7/25/2010 12:00,85.5,10750,12429.5,0,wknd,Summer
7/26/2010 12:00,86,12270,12429.5,0,wk,Summer
7/27/2010 12:00,82,12500,12429.5,0,wk,Summer
7/28/2010 12:00,78.5,12304,12429.5,0,wk,Summer
7/29/2010 12:00,84.5,12476,12429.5,0,wk,Summer
7/30/2010 12:00,86,12152,12429.5,0,wk,Summer
7/31/2010 12:00,87,11296,12429.5,0,wknd,Summer
8/1/2010 12:00,87.5,10858,12001,0,wknd,Summer
8/2/2010 12:00,87.5,12176,12001,0,wk,Summer
8/3/2010 12:00,86.5,12075,12001,0,wk,Summer
8/4/2010 12:00,87.5,12001,12001,0,wk,Summer
8/5/2010 12:00,88,11959,12001,0,wk,Summer
8/6/2010 12:00,89.5,11626,12001,0,wk,Summer
8/7/2010 12:00,87.5,10340,12001,0,wknd,Summer
8/8/2010 12:00,88.5,10240,12001,0,wknd,Summer
8/9/2010 12:00,89,11428,12001,0,wk,Summer
8/10/2010 12:00,89.5,11605,12001,0,wk,Summer
8/11/2010 12:00,89,11543,12001,0,wk,Summer
8/12/2010 12:00,87.5,11331,12001,0,wk,Summer
8/13/2010 12:00,89,11497,12001,0,wk,Summer
8/14/2010 12:00,90.5,10240,12001,0,wknd,Summer
8/15/2010 12:00,90.5,10103,12001,0,wknd,Summer
8/16/2010 12:00,91,11487,12001,0,wk,Summer
8/17/2010 12:00,89.5,11487,12001,0,wk,Summer
8/18/2010 12:00,91,12662,12001,0,wk,Summer
8/19/2010 12:00,90,12697,12001,0,wk,Summer
8/20/2010 12:00,90,13086,12001,0,wk,Summer
8/21/2010 12:00,90,11916,12001,0,wknd,Summer
8/22/2010 12:00,90.5,12528,12001,0,wknd,Summer
8/23/2010 12:00,91.5,13963,12001,0,wk,Summer
8/24/2010 12:00,92.5,14119,12001,0,wk,Summer
8/25/2010 12:00,87.5,16409,12001,1,wk,Summer
8/26/2010 12:00,85.5,16452,12001,1,wk,Summer
8/27/2010 12:00,84,15643,12001,1,wk,Summer
8/28/2010 12:00,82.5,12269,12001,1,wknd,Summer
8/29/2010 12:00,85.5,12982,12001,1,wknd,Summer
8/30/2010 12:00,90,16326,12001,1,wk,Summer
8/31/2010 12:00,90,16479,12001,1,wk,Summer
9/1/2010 12:00,89.5,16280,16037,1,wk,Fall
9/2/2010 12:00,87,16426,16037,1,wk,Fall
9/3/2010 12:00,78,15230,16037,1,wk,Fall
9/4/2010 12:00,82.5,12223,16037,1,wknd,Fall
9/5/2010 12:00,81.5,12213,16037,1,wknd,Fall
9/6/2010 12:00,82.5,13291,16037,1,wk,Fall
9/7/2010 12:00,75.5,16181,16037,1,wk,Fall
9/8/2010 12:00,80.5,16440,16037,1,wk,Fall
9/9/2010 12:00,84.5,16627,16037,1,wk,Fall
9/10/2010 12:00,85,16152,16037,1,wk,Fall
9/11/2010 12:00,85.5,13141,16037,1,wknd,Fall
9/12/2010 12:00,85,13892,16037,1,wknd,Fall
9/13/2010 12:00,84.5,16878,16037,1,wk,Fall
9/14/2010 12:00,85.5,17033,16037,1,wk,Fall
9/15/2010 12:00,85.5,16840,16037,1,wk,Fall
9/16/2010 12:00,83.5,16851,16037,1,wk,Fall
9/17/2010 12:00,83,16045,16037,1,wk,Fall
9/18/2010 12:00,80.5,12955,16037,1,wknd,Fall
9/19/2010 12:00,77.5,13879,16037,1,wknd,Fall
9/20/2010 12:00,76,16971,16037,1,wk,Fall
9/21/2010 12:00,77,16948,16037,1,wk,Fall
9/22/2010 12:00,80,16586,16037,1,wk,Fall
9/23/2010 12:00,82.5,16330,16037,1,wk,Fall
9/24/2010 12:00,82.5,15160,16037,1,wk,Fall
9/25/2010 12:00,82.5,12142,16037,1,wknd,Fall
9/26/2010 12:00,74.5,12864,16037,1,wknd,Fall
9/27/2010 12:00,68,16012,16037,1,wk,Fall
9/28/2010 12:00,71,15192,16037,1,wk,Fall
9/29/2010 12:00,75.5,16027,16037,1,wk,Fall
9/30/2010 12:00,74.5,16029,16037,1,wk,Fall
10/1/2010 12:00,76.5,14907,15735,1,wk,Fall
10/2/2010 12:00,75,11666,15735,1,wknd,Fall
10/3/2010 12:00,69.5,12605,15735,1,wknd,Fall
10/4/2010 12:00,64.5,15947,15735,1,wk,Fall
10/5/2010 12:00,64.5,16083,15735,1,wk,Fall
10/6/2010 12:00,66,16119,15735,1,wk,Fall
10/7/2010 12:00,68.5,15755,15735,1,wk,Fall
10/8/2010 12:00,69.5,14894,15735,1,wk,Fall
10/9/2010 12:00,71.5,11904,15735,1,wknd,Fall
10/10/2010 12:00,73.5,12667,15735,1,wknd,Fall
10/11/2010 12:00,76,15702,15735,1,wk,Fall
10/12/2010 12:00,76,15735,15735,1,wk,Fall
10/13/2010 12:00,73,15931,15735,1,wk,Fall
10/14/2010 12:00,65.5,15971,15735,1,wk,Fall
10/15/2010 12:00,68,14912,15735,1,wk,Fall
10/16/2010 12:00,67.5,11547,15735,1,wknd,Fall
10/17/2010 12:00,71.5,12560,15735,1,wknd,Fall
10/18/2010 12:00,75,15736,15735,1,wk,Fall
10/19/2010 12:00,74,15716,15735,1,wk,Fall
10/20/2010 12:00,75.5,15828,15735,1,wk,Fall
10/21/2010 12:00,76,16251,15735,1,wk,Fall
10/22/2010 12:00,77,15825,15735,1,wk,Fall
10/23/2010 12:00,78,12875,15735,1,wknd,Fall
10/24/2010 12:00,77,13710,15735,1,wknd,Fall
10/25/2010 12:00,79,16775,15735,1,wk,Fall
10/26/2010 12:00,72,17114,15735,1,wk,Fall
10/27/2010 12:00,72,17210,15735,1,wk,Fall
10/28/2010 12:00,67.5,16976,15735,1,wk,Fall
10/29/2010 12:00,59,15810,15735,1,wk,Fall
10/30/2010 12:00,60,12646,15735,1,wknd,Fall
10/31/2010 12:00,70.5,13651,15735,1,wknd,Fall
11/1/2010 12:00,73.5,16920,16276,1,wk,Fall
11/2/2010 12:00,62,16896,16276,1,wk,Fall
11/3/2010 12:00,56.5,17041,16276,1,wk,Fall
11/4/2010 12:00,60.5,16813,16276,1,wk,Fall
11/5/2010 12:00,55.5,15654,16276,1,wk,Fall
11/6/2010 12:00,54.5,12724,16276,1,wknd,Fall
11/7/2010 12:00,58.5,14005,16276,1,wknd,Fall
11/8/2010 12:00,63.5,16985,16276,1,wk,Fall
11/9/2010 12:00,66,16951,16276,1,wk,Fall
11/10/2010 12:00,69.5,17152,16276,1,wk,Fall
11/11/2010 12:00,72,17075,16276,1,wk,Fall
11/12/2010 12:00,69,15879,16276,1,wk,Fall
11/13/2010 12:00,56,12676,16276,1,wknd,Fall
11/14/2010 12:00,55,13468,16276,1,wknd,Fall
11/15/2010 12:00,58,16789,16276,1,wk,Fall
11/16/2010 12:00,58,16971,16276,1,wk,Fall
11/17/2010 12:00,63,16835,16276,1,wk,Fall
11/18/2010 12:00,54.5,16980,16276,1,wk,Fall
11/19/2010 12:00,53.5,15791,16276,1,wk,Fall
11/20/2010 12:00,64,12617,16276,1,wknd,Fall
11/21/2010 12:00,76,13516,16276,1,wknd,Fall
11/22/2010 12:00,77,16673,16276,1,wk,Fall
11/23/2010 12:00,75.5,15661,16276,1,wk,Fall
11/24/2010 12:00,78.5,13054,16276,1,wk,Fall
11/25/2010 12:00,62,10253,16276,0,wk,Fall
11/26/2010 12:00,47.5,10107,16276,0,wk,Fall
11/27/2010 12:00,48.5,10136,16276,0,wknd,Fall
11/28/2010 12:00,57,11273,16276,0,wknd,Fall
11/29/2010 12:00,71.5,16739,16276,1,wk,Fall
11/30/2010 12:00,50.5,16819,16276,1,wk,Fall
12/1/2010 12:00,49,16930,9441,1,wk,Winter
12/2/2010 12:00,55,16616,9441,1,wk,Winter
12/3/2010 12:00,62,15946,9441,1,wk,Winter
12/4/2010 12:00,66.5,13048,9441,1,wknd,Winter
12/5/2010 12:00,48.5,13356,9441,1,wknd,Winter
12/6/2010 12:00,46,15676,9441,1,wk,Winter
12/7/2010 12:00,46.5,16229,9441,1,wk,Winter
12/8/2010 12:00,49,15406,9441,1,wk,Winter
12/9/2010 12:00,50,15739,9441,1,wk,Winter
12/10/2010 12:00,59.5,14423,9441,1,wk,Winter
12/11/2010 12:00,61,12046,9441,1,wknd,Winter
12/12/2010 12:00,46.5,12213,9441,1,wknd,Winter
12/13/2010 12:00,46,13213,9441,1,wk,Winter
12/14/2010 12:00,55,12136,9441,1,wk,Winter
12/15/2010 12:00,67,10353,9441,0,wk,Winter
12/16/2010 12:00,54.5,9441,9441,0,wk,Winter
12/17/2010 12:00,47,9425,9441,0,wk,Winter
12/18/2010 12:00,46,8974,9441,0,wknd,Winter
12/19/2010 12:00,50.5,8837,9441,0,wknd,Winter
12/20/2010 12:00,65,9257,9441,0,wk,Winter
12/21/2010 12:00,69,9131,9441,0,wk,Winter
12/22/2010 12:00,58.5,9019,9441,0,wk,Winter
12/23/2010 12:00,58.5,8968,9441,0,wk,Winter
12/24/2010 12:00,54,8694,9441,0,wk,Winter
12/25/2010 12:00,40,8559,9441,0,wknd,Winter
12/26/2010 12:00,40,8548,9441,0,wknd,Winter
12/27/2010 12:00,44.5,8569,9441,0,wk,Winter
12/28/2010 12:00,55.5,8694,9441,0,wk,Winter
12/29/2010 12:00,64,8771,9441,0,wk,Winter
12/30/2010 12:00,65.5,8816,9441,0,wk,Winter
12/31/2010 12:00,59,8709,9441,0,wk,Winter
1/1/2011 12:00,48,8609,11266.5,0,wknd,Winter
1/2/2011 12:00,43,8679,11266.5,0,wknd,Winter
1/3/2011 12:00,48.5,0,11266.5,0,wk,Winter
1/4/2011 12:00,53,9401,11266.5,0,wk,Winter
1/5/2011 12:00,59,9425,11266.5,0,wk,Winter
1/6/2011 12:00,53,9449,11266.5,0,wk,Winter
1/7/2011 12:00,58.5,9484,11266.5,0,wk,Winter
1/8/2011 12:00,55,8015,11266.5,0,wknd,Winter
1/9/2011 12:00,45,8312,11266.5,0,wknd,Winter
1/10/2011 12:00,38.5,9367,11266.5,0,wk,Winter
1/11/2011 12:00,36.5,9746,11266.5,0,wk,Winter
1/12/2011 12:00,34,10150,11266.5,0,wk,Winter
1/13/2011 12:00,36,10447,11266.5,0,wk,Winter
1/14/2011 12:00,42,10864,11266.5,0,wk,Winter
1/15/2011 12:00,47.5,11265,11266.5,0,wknd,Winter
1/16/2011 12:00,49,11268,11266.5,0,wknd,Winter
1/17/2011 12:00,57,12315,11266.5,0,wk,Winter
1/18/2011 12:00,56,15289,11266.5,1,wk,Winter
1/19/2011 12:00,53,15041,11266.5,1,wk,Winter
1/20/2011 12:00,46,14934,11266.5,1,wk,Winter
1/21/2011 12:00,38,14095,11266.5,1,wk,Winter
1/22/2011 12:00,47.5,11177,11266.5,1,wknd,Winter
1/23/2011 12:00,45.5,12079,11266.5,1,wknd,Winter
1/24/2011 12:00,49,15212,11266.5,1,wk,Winter
1/25/2011 12:00,49.5,15060,11266.5,1,wk,Winter
1/26/2011 12:00,48,15249,11266.5,1,wk,Winter
1/27/2011 12:00,54,15329,11266.5,1,wk,Winter
1/28/2011 12:00,57.5,14271,11266.5,1,wk,Winter
1/29/2011 12:00,61.5,11372,11266.5,1,wknd,Winter
1/30/2011 12:00,68,12047,11266.5,1,wknd,Winter
1/31/2011 12:00,64,15334,11266.5,1,wk,Winter
2/1/2011 12:00,42.5,15601,15085.5,1,wk,Winter
2/2/2011 12:00,21.5,15879,15085.5,1,wk,Winter
2/3/2011 12:00,24,15652,15085.5,1,wk,Winter
2/4/2011 12:00,31,12225,15085.5,1,wk,Winter
2/5/2011 12:00,45.5,11724,15085.5,1,wknd,Winter
2/6/2011 12:00,57.5,12589,15085.5,1,wknd,Winter
2/7/2011 12:00,48,15817,15085.5,1,wk,Winter
2/8/2011 12:00,49.5,15972,15085.5,1,wk,Winter
2/9/2011 12:00,35.5,16151,15085.5,1,wk,Winter
2/10/2011 12:00,32,15931,15085.5,1,wk,Winter
2/11/2011 12:00,40,14391,15085.5,1,wk,Winter
2/12/2011 12:00,48,10783,15085.5,1,wknd,Winter
2/13/2011 12:00,54.5,11540,15085.5,1,wknd,Winter
2/14/2011 12:00,62,14994,15085.5,1,wk,Winter
2/15/2011 12:00,69,15107,15085.5,1,wk,Winter
2/16/2011 12:00,68.5,15126,15085.5,1,wk,Winter
2/17/2011 12:00,71.5,15064,15085.5,1,wk,Winter
2/18/2011 12:00,71.5,14264,15085.5,1,wk,Winter
2/19/2011 12:00,67.5,11363,15085.5,1,wknd,Winter
2/20/2011 12:00,72.5,12153,15085.5,1,wknd,Winter
2/21/2011 12:00,71,15482,15085.5,1,wk,Winter
2/22/2011 12:00,58.5,15402,15085.5,1,wk,Winter
2/23/2011 12:00,67.5,15532,15085.5,1,wk,Winter
2/24/2011 12:00,74.5,15451,15085.5,1,wk,Winter
2/25/2011 12:00,57,14287,15085.5,1,wk,Winter
2/26/2011 12:00,61,11390,15085.5,1,wknd,Winter
2/27/2011 12:00,75.5,12107,15085.5,1,wknd,Winter
2/28/2011 12:00,64.5,15252,15085.5,1,wk,Winter
3/1/2011 12:00,58,15320,14353,1,wk,Spring
3/2/2011 12:00,60,15447,14353,1,wk,Spring
3/3/2011 12:00,62.5,15309,14353,1,wk,Spring
3/4/2011 12:00,67,14353,14353,1,wk,Spring
3/5/2011 12:00,55,13185,14353,1,wknd,Spring
3/6/2011 12:00,52,12129,14353,1,wknd,Spring
3/7/2011 12:00,62.5,15383,14353,1,wk,Spring
3/8/2011 12:00,75.5,15462,14353,1,wk,Spring
3/9/2011 12:00,60.5,15414,14353,1,wk,Spring
3/10/2011 12:00,58.5,15082,14353,1,wk,Spring
3/11/2011 12:00,60.5,12440,14353,1,wk,Spring
3/12/2011 12:00,69.5,9808,14353,0,wknd,Spring
3/13/2011 12:00,69.5,8990,14353,0,wknd,Spring
3/14/2011 12:00,62.5,10904,14353,0,wk,Spring
3/15/2011 12:00,60,10919,14353,0,wk,Spring
3/16/2011 12:00,70,11102,14353,0,wk,Spring
3/17/2011 12:00,75.5,11160,14353,0,wk,Spring
3/18/2011 12:00,77.5,11088,14353,0,wk,Spring
3/19/2011 12:00,75.5,9998,14353,0,wknd,Spring
3/20/2011 12:00,73,10790,14353,0,wknd,Spring
3/21/2011 12:00,75.5,15415,14353,1,wk,Spring
3/22/2011 12:00,74.5,15304,14353,1,wk,Spring
3/23/2011 12:00,77.5,15575,14353,1,wk,Spring
3/24/2011 12:00,74.5,15285,14353,1,wk,Spring
3/25/2011 12:00,76.5,14169,14353,1,wk,Spring
3/26/2011 12:00,78,11653,14353,1,wknd,Spring
3/27/2011 12:00,62.5,12158,14353,1,wknd,Spring
3/28/2011 12:00,57.5,15344,14353,1,wk,Spring
3/29/2011 12:00,62,15415,14353,1,wk,Spring
3/30/2011 12:00,58,15932,14353,1,wk,Spring
3/31/2011 12:00,62.5,15851,14353,1,wk,Spring
4/1/2011 12:00,76.5,14733,15248.5,1,wk,Spring
4/2/2011 12:00,72,11345,15248.5,1,wknd,Spring
4/3/2011 12:00,77.5,12255,15248.5,1,wknd,Spring
4/4/2011 12:00,63,15650,15248.5,1,wk,Spring
4/5/2011 12:00,59.5,15319,15248.5,1,wk,Spring
4/6/2011 12:00,70,15768,15248.5,1,wk,Spring
4/7/2011 12:00,74.5,15460,15248.5,1,wk,Spring
4/8/2011 12:00,82.5,14510,15248.5,1,wk,Spring
4/9/2011 12:00,81.5,11512,15248.5,1,wknd,Spring
4/10/2011 12:00,82,12460,15248.5,1,wknd,Spring
4/11/2011 12:00,70.5,15672,15248.5,1,wk,Spring
4/12/2011 12:00,69.5,15670,15248.5,1,wk,Spring
4/13/2011 12:00,70,15178,15248.5,1,wk,Spring
4/14/2011 12:00,79,15666,15248.5,1,wk,Spring
4/15/2011 12:00,72.5,14384,15248.5,1,wk,Spring
4/16/2011 12:00,64.5,11130,15248.5,1,wknd,Spring
4/17/2011 12:00,69,12374,15248.5,1,wknd,Spring
4/18/2011 12:00,83,15740,15248.5,1,wk,Spring
4/19/2011 12:00,83,15946,15248.5,1,wk,Spring
4/20/2011 12:00,82.5,15882,15248.5,1,wk,Spring
4/21/2011 12:00,83,15646,15248.5,1,wk,Spring
4/22/2011 12:00,83.5,13106,15248.5,1,wk,Spring
4/23/2011 12:00,84,12016,15248.5,1,wknd,Spring
4/24/2011 12:00,82.5,12720,15248.5,1,wknd,Spring
4/25/2011 12:00,83,16086,15248.5,1,wk,Spring
4/26/2011 12:00,85,16226,15248.5,1,wk,Spring
4/27/2011 12:00,76,15976,15248.5,1,wk,Spring
4/28/2011 12:00,68,16210,15248.5,1,wk,Spring
4/29/2011 12:00,74,15106,15248.5,1,wk,Spring
4/30/2011 12:00,82,12252,15248.5,1,wknd,Spring
5/1/2011 12:00,72.5,13238,12392,1,wknd,Spring
5/2/2011 12:00,52,16014,12392,1,wk,Spring
5/3/2011 12:00,61.5,15926,12392,1,wk,Spring
5/4/2011 12:00,64.5,16188,12392,1,wk,Spring
5/5/2011 12:00,70.5,16014,12392,1,wk,Spring
5/6/2011 12:00,75.5,15038,12392,1,wk,Spring
5/7/2011 12:00,80.5,11582,12392,1,wknd,Spring
5/8/2011 12:00,85.5,12590,12392,1,wknd,Spring
5/9/2011 12:00,86.5,14620,12392,1,wk,Spring
5/10/2011 12:00,85,15084,12392,1,wk,Spring
5/11/2011 12:00,81.5,15932,12392,1,wk,Spring
5/12/2011 12:00,70.5,15896,12392,1,wk,Spring
5/13/2011 12:00,75,14894,12392,1,wk,Spring
5/14/2011 12:00,71,12460,12392,1,wknd,Spring
5/15/2011 12:00,67.5,12488,12392,1,wknd,Spring
5/16/2011 12:00,76,13532,12392,1,wk,Spring
5/17/2011 12:00,75,12392,12392,1,wk,Spring
5/18/2011 12:00,78,11168,12392,0,wk,Spring
5/19/2011 12:00,77,10594,12392,0,wk,Spring
5/20/2011 12:00,79,10120,12392,0,wk,Spring
5/21/2011 12:00,77,9574,12392,0,wknd,Spring
5/22/2011 12:00,85,9656,12392,0,wknd,Spring
5/23/2011 12:00,84.5,9928,12392,0,wk,Spring
5/24/2011 12:00,86,10044,12392,0,wk,Spring
5/25/2011 12:00,88.5,10158,12392,0,wk,Spring
5/26/2011 12:00,80,10312,12392,0,wk,Spring
5/27/2011 12:00,86,10662,12392,0,wk,Spring
5/28/2011 12:00,87.5,9900,12392,0,wknd,Spring
5/29/2011 12:00,86,10054,12392,0,wknd,Spring
5/30/2011 12:00,86.5,10074,12392,0,wk,Spring
5/31/2011 12:00,88,12336,12392,0,wk,Spring
6/1/2011 12:00,85.5,12724,12447,0,wk,Summer
6/2/2011 12:00,84,13244,12447,0,wk,Summer
6/3/2011 12:00,85.5,12390,12447,0,wk,Summer
6/4/2011 12:00,85,11254,12447,0,wknd,Summer
6/5/2011 12:00,85,11988,12447,0,wknd,Summer
6/6/2011 12:00,87,14412,12447,0,wk,Summer
6/7/2011 12:00,86,14558,12447,0,wk,Summer
6/8/2011 12:00,86.5,14228,12447,0,wk,Summer
6/9/2011 12:00,86,13756,12447,0,wk,Summer
6/10/2011 12:00,87,12464,12447,0,wk,Summer
6/11/2011 12:00,86.5,10358,12447,0,wknd,Summer
6/12/2011 12:00,87.5,10390,12447,0,wknd,Summer
6/13/2011 12:00,88,13202,12447,0,wk,Summer
6/14/2011 12:00,89,13412,12447,0,wk,Summer
6/15/2011 12:00,91,12550,12447,0,wk,Summer
6/16/2011 12:00,90,12130,12447,0,wk,Summer
6/17/2011 12:00,93,11866,12447,0,wk,Summer
6/18/2011 12:00,92,10338,12447,0,wknd,Summer
6/19/2011 12:00,92,9996,12447,0,wknd,Summer
6/20/2011 12:00,90,12564,12447,0,wk,Summer
6/21/2011 12:00,85.5,12958,12447,0,wk,Summer
6/22/2011 12:00,78.5,12648,12447,0,wk,Summer
6/23/2011 12:00,83.5,12378,12447,0,wk,Summer
6/24/2011 12:00,85,11930,12447,0,wk,Summer
6/25/2011 12:00,87,10756,12447,0,wknd,Summer
6/26/2011 12:00,87,10392,12447,0,wknd,Summer
6/27/2011 12:00,88,12732,12447,0,wk,Summer
6/28/2011 12:00,87.5,12704,12447,0,wk,Summer
6/29/2011 12:00,87,12430,12447,0,wk,Summer
6/30/2011 12:00,87,12358,12447,0,wk,Summer
7/1/2011 12:00,87.5,11174,11756,0,wk,Summer
7/2/2011 12:00,88.5,9500,11756,0,wknd,Summer
7/3/2011 12:00,88.5,9238,11756,0,wknd,Summer
7/4/2011 12:00,88,9416,11756,0,wk,Summer
7/5/2011 12:00,87,11236,11756,0,wk,Summer
7/6/2011 12:00,89,11824,11756,0,wk,Summer
7/7/2011 12:00,88,12074,11756,0,wk,Summer
7/8/2011 12:00,89,11784,11756,0,wk,Summer
7/9/2011 12:00,88.5,10526,11756,0,wknd,Summer
7/10/2011 12:00,90,10124,11756,0,wknd,Summer
7/11/2011 12:00,90,12378,11756,0,wk,Summer
7/12/2011 12:00,90,12748,11756,0,wk,Summer
7/13/2011 12:00,89,12504,11756,0,wk,Summer
7/14/2011 12:00,90.5,12306,11756,0,wk,Summer
7/15/2011 12:00,91.5,11552,11756,0,wk,Summer
7/16/2011 12:00,88.5,10134,11756,0,wknd,Summer
7/17/2011 12:00,88.5,10004,11756,0,wknd,Summer
7/18/2011 12:00,89,11798,11756,0,wk,Summer
7/19/2011 12:00,90.5,11902,11756,0,wk,Summer
7/20/2011 12:00,90,11866,11756,0,wk,Summer
7/21/2011 12:00,90.5,12566,11756,0,wk,Summer
7/22/2011 12:00,91.5,11784,11756,0,wk,Summer
7/23/2011 12:00,91,10404,11756,0,wknd,Summer
7/24/2011 12:00,92,9804,11756,0,wknd,Summer
7/25/2011 12:00,91,11634,11756,0,wk,Summer
7/26/2011 12:00,91,11830,11756,0,wk,Summer
7/27/2011 12:00,91,11756,11756,0,wk,Summer
7/28/2011 12:00,91.5,12012,11756,0,wk,Summer
7/29/2011 12:00,90.5,12036,11756,0,wk,Summer
7/30/2011 12:00,89,10462,11756,0,wknd,Summer
7/31/2011 12:00,89,9906,11756,0,wknd,Summer
8/1/2011 12:00,92.5,11548,11552,0,wk,Summer
8/2/2011 12:00,93.5,11616,11552,0,wk,Summer
8/3/2011 12:00,92.5,11548,11552,0,wk,Summer
8/4/2011 12:00,93,11566,11552,0,wk,Summer
8/5/2011 12:00,92,10972,11552,0,wk,Summer
8/6/2011 12:00,91,9532,11552,0,wknd,Summer
8/7/2011 12:00,91,9364,11552,0,wknd,Summer
8/8/2011 12:00,92.5,10984,11552,0,wk,Summer
8/9/2011 12:00,92,11120,11552,0,wk,Summer
8/10/2011 12:00,91.5,11254,11552,0,wk,Summer
8/11/2011 12:00,93,11360,11552,0,wk,Summer
8/12/2011 12:00,92,11298,11552,0,wk,Summer
8/13/2011 12:00,88,9874,11552,0,wknd,Summer
8/14/2011 12:00,92,10138,11552,0,wknd,Summer
8/15/2011 12:00,92,11612,11552,0,wk,Summer
8/16/2011 12:00,90.5,11488,11552,0,wk,Summer
8/17/2011 12:00,90.5,11478,11552,0,wk,Summer
8/18/2011 12:00,90.5,11632,11552,0,wk,Summer
8/19/2011 12:00,92,11814,11552,0,wk,Summer
8/20/2011 12:00,92.5,11240,11552,0,wknd,Summer
8/21/2011 12:00,90,11552,11552,0,wknd,Summer
8/22/2011 12:00,91.5,13488,11552,0,wk,Summer
8/23/2011 12:00,91,13548,11552,0,wk,Summer
8/24/2011 12:00,92.5,15484,11552,1,wk,Summer
8/25/2011 12:00,85.5,15420,11552,1,wk,Summer
8/26/2011 12:00,88.5,14556,11552,1,wk,Summer
8/27/2011 12:00,94.5,11630,11552,1,wknd,Summer
8/28/2011 12:00,96,12346,11552,1,wknd,Summer
8/29/2011 12:00,95,15628,11552,1,wk,Summer
8/30/2011 12:00,92,15664,11552,1,wk,Summer
8/31/2011 12:00,91,15776,11552,1,wk,Summer
9/1/2011 12:00,89,15574,15228,1,wk,Fall
9/2/2011 12:00,92,14394,15228,1,wk,Fall
9/3/2011 12:00,89.5,11436,15228,1,wknd,Fall
9/4/2011 12:00,89.5,11440,15228,1,wknd,Fall
9/5/2011 12:00,79,12214,15228,1,wk,Fall
9/6/2011 12:00,79,15262,15228,1,wk,Fall
9/7/2011 12:00,78.5,15356,15228,1,wk,Fall
9/8/2011 12:00,80,15194,15228,1,wk,Fall
9/9/2011 12:00,81,14412,15228,1,wk,Fall
9/10/2011 12:00,82.5,11314,15228,1,wknd,Fall
9/11/2011 12:00,85,12314,15228,1,wknd,Fall
9/12/2011 12:00,87.5,15464,15228,1,wk,Fall
9/13/2011 12:00,89.5,15628,15228,1,wk,Fall
9/14/2011 12:00,88,15484,15228,1,wk,Fall
9/15/2011 12:00,85,15864,15228,1,wk,Fall
9/16/2011 12:00,83,14662,15228,1,wk,Fall
9/17/2011 12:00,83,11410,15228,1,wknd,Fall
9/18/2011 12:00,83.5,12212,15228,1,wknd,Fall
9/19/2011 12:00,82.5,15656,15228,1,wk,Fall
9/20/2011 12:00,81,15522,15228,1,wk,Fall
9/21/2011 12:00,83,15656,15228,1,wk,Fall
9/22/2011 12:00,84.5,15698,15228,1,wk,Fall
9/23/2011 12:00,80,14594,15228,1,wk,Fall
9/24/2011 12:00,79,11434,15228,1,wknd,Fall
9/25/2011 12:00,89.5,12448,15228,1,wknd,Fall
9/26/2011 12:00,88.5,15498,15228,1,wk,Fall
9/27/2011 12:00,87,15660,15228,1,wk,Fall
9/28/2011 12:00,84,15654,15228,1,wk,Fall
9/29/2011 12:00,87,15646,15228,1,wk,Fall
9/30/2011 12:00,82,14408,15228,1,wk,Fall
10/1/2011 12:00,75,11234,15128,1,wknd,Fall
10/2/2011 12:00,74,12072,15128,1,wknd,Fall
10/3/2011 12:00,73.5,15308,15128,1,wk,Fall
10/4/2011 12:00,72.5,15416,15128,1,wk,Fall
10/5/2011 12:00,77,15524,15128,1,wk,Fall
10/6/2011 12:00,79.5,15426,15128,1,wk,Fall
10/7/2011 12:00,85.5,14100,15128,1,wk,Fall
10/8/2011 12:00,81.5,11094,15128,1,wknd,Fall
10/9/2011 12:00,68.5,12168,15128,1,wknd,Fall
10/10/2011 12:00,72,15360,15128,1,wk,Fall
10/11/2011 12:00,75,15438,15128,1,wk,Fall
10/12/2011 12:00,78.5,15594,15128,1,wk,Fall
10/13/2011 12:00,74.5,15404,15128,1,wk,Fall
10/14/2011 12:00,71.5,14162,15128,1,wk,Fall
10/15/2011 12:00,72.5,11352,15128,1,wknd,Fall
10/16/2011 12:00,75,12248,15128,1,wknd,Fall
10/17/2011 12:00,77,15330,15128,1,wk,Fall
10/18/2011 12:00,65,15310,15128,1,wk,Fall
10/19/2011 12:00,64,15214,15128,1,wk,Fall
10/20/2011 12:00,62.5,15128,15128,1,wk,Fall
10/21/2011 12:00,71.5,14322,15128,1,wk,Fall
10/22/2011 12:00,75.5,11340,15128,1,wknd,Fall
10/23/2011 12:00,76.5,12314,15128,1,wknd,Fall
10/24/2011 12:00,75,15374,15128,1,wk,Fall
10/25/2011 12:00,75.5,15476,15128,1,wk,Fall
10/26/2011 12:00,76,15564,15128,1,wk,Fall
10/27/2011 12:00,62.5,15546,15128,1,wk,Fall
10/28/2011 12:00,56,13896,15128,1,wk,Fall
10/29/2011 12:00,56,10834,15128,1,wknd,Fall
10/30/2011 12:00,60,11832,15128,1,wknd,Fall
10/31/2011 12:00,64,15124,15128,1,wk,Fall
11/1/2011 12:00,67,15372,14221,1,wk,Fall
11/2/2011 12:00,70.5,15750,14221,1,wk,Fall
11/3/2011 12:00,53,15302,14221,1,wk,Fall
11/4/2011 12:00,51.5,13900,14221,1,wk,Fall
11/5/2011 12:00,60,11152,14221,1,wknd,Fall
11/6/2011 12:00,73.5,12782,14221,1,wknd,Fall
11/7/2011 12:00,73.5,15490,14221,1,wk,Fall
11/8/2011 12:00,64.5,15506,14221,1,wk,Fall
11/9/2011 12:00,55.5,15060,14221,1,wk,Fall
11/10/2011 12:00,53.5,15016,14221,1,wk,Fall
11/11/2011 12:00,52.5,13760,14221,1,wk,Fall
11/12/2011 12:00,66.5,11046,14221,1,wknd,Fall
11/13/2011 12:00,75,12286,14221,1,wknd,Fall
11/14/2011 12:00,76.5,15078,14221,1,wk,Fall
11/15/2011 12:00,66.5,15176,14221,1,wk,Fall
11/16/2011 12:00,66,15064,14221,1,wk,Fall
11/17/2011 12:00,54,14688,14221,1,wk,Fall
11/18/2011 12:00,56.5,13746,14221,1,wk,Fall
11/19/2011 12:00,72.5,11216,14221,1,wknd,Fall
11/20/2011 12:00,78,12274,14221,1,wknd,Fall
11/21/2011 12:00,70,14942,14221,1,wk,Fall
11/22/2011 12:00,61.5,13390,14221,1,wk,Fall
11/23/2011 12:00,60.5,11082,14221,1,wk,Fall
11/24/2011 12:00,58,8610,14221,0,wk,Fall
11/25/2011 12:00,66,8568,14221,0,wk,Fall
11/26/2011 12:00,58,8616,14221,0,wknd,Fall
11/27/2011 12:00,47,9196,14221,0,wknd,Fall
11/28/2011 12:00,48,14558,14221,1,wk,Fall
11/29/2011 12:00,51,14698,14221,1,wk,Fall
11/30/2011 12:00,51.5,14542,14221,1,wk,Fall
12/1/2011 12:00,57,14546,8286,1,wk,Winter
12/2/2011 12:00,57,13782,8286,1,wk,Winter
12/3/2011 12:00,62,11174,8286,1,wknd,Winter
12/4/2011 12:00,55.5,11266,8286,1,wknd,Winter
12/5/2011 12:00,39.5,13784,8286,1,wk,Winter
12/6/2011 12:00,36,14370,8286,1,wk,Winter
12/7/2011 12:00,39.5,14608,8286,1,wk,Winter
12/8/2011 12:00,43,14520,8286,1,wk,Winter
12/9/2011 12:00,52.5,14520,8286,1,wk,Winter
12/10/2011 12:00,49.5,14520,8286,1,wknd,Winter
12/11/2011 12:00,48,14520,8286,1,wknd,Winter
12/12/2011 12:00,54.5,12292,8286,1,wk,Winter
12/13/2011 12:00,62.5,11604,8286,1,wk,Winter
12/14/2011 12:00,69,10278,8286,0,wk,Winter
12/15/2011 12:00,60,8850,8286,0,wk,Winter
12/16/2011 12:00,51,8106,8286,0,wk,Winter
12/17/2011 12:00,53.5,7784,8286,0,wknd,Winter
12/18/2011 12:00,57,7778,8286,0,wknd,Winter
12/19/2011 12:00,63,8286,8286,0,wk,Winter
12/20/2011 12:00,52.5,7798,8286,0,wk,Winter
12/21/2011 12:00,46.5,7682,8286,0,wk,Winter
12/22/2011 12:00,55,7734,8286,0,wk,Winter
12/23/2011 12:00,42.5,7412,8286,0,wk,Winter
12/24/2011 12:00,42.5,7082,8286,0,wknd,Winter
12/25/2011 12:00,43.5,7078,8286,0,wknd,Winter
12/26/2011 12:00,47.5,7244,8286,0,wk,Winter
12/27/2011 12:00,51,7246,8286,0,wk,Winter
12/28/2011 12:00,52.5,7156,8286,0,wk,Winter
12/29/2011 12:00,54.5,7240,8286,0,wk,Winter
12/30/2011 12:00,58,5784,8286,0,wk,Winter
12/31/2011 12:00,62.5,5450,8286,0,wknd,Winter
1/2/2012 12:00,48.5,6422,9870,0,wk,Winter
1/3/2012 12:00,46.5,7148,9870,0,wk,Winter
1/4/2012 12:00,57,7396,9870,0,wk,Winter
1/5/2012 12:00,57,7656,9870,0,wk,Winter
1/6/2012 12:00,64.5,7770,9870,0,wk,Winter
1/7/2012 12:00,59,7764,9870,0,wknd,Winter
1/8/2012 12:00,53.5,7762,9870,0,wknd,Winter
1/9/2012 12:00,49.5,8636,9870,0,wk,Winter
1/10/2012 12:00,49.5,8916,9870,0,wk,Winter
1/11/2012 12:00,57.5,8842,9870,0,wk,Winter
1/12/2012 12:00,41.5,9334,9870,0,wk,Winter
1/13/2012 12:00,45,9274,9870,0,wk,Winter
1/14/2012 12:00,49,8186,9870,0,wknd,Winter
1/15/2012 12:00,50.5,9870,9870,0,wknd,Winter
1/16/2012 12:00,66.5,11424,9870,0,wk,Winter
1/17/2012 12:00,59,13374,9870,1,wk,Winter
1/18/2012 12:00,51,13618,9870,1,wk,Winter
1/19/2012 12:00,62.5,13758,9870,1,wk,Winter
1/20/2012 12:00,65.5,13088,9870,1,wk,Winter
1/21/2012 12:00,52,10362,9870,1,wknd,Winter
1/22/2012 12:00,63,11264,9870,1,wknd,Winter
1/23/2012 12:00,57.5,13682,9870,1,wk,Winter
1/24/2012 12:00,57.5,13800,9870,1,wk,Winter
1/25/2012 12:00,60,0,9870,1,wk,Winter
1/26/2012 12:00,58.5,13410,9870,1,wk,Winter
1/27/2012 12:00,54.5,12924,9870,1,wk,Winter
1/28/2012 12:00,50,10168,9870,1,wknd,Winter
1/29/2012 12:00,48.5,11142,9870,1,wknd,Winter
1/30/2012 12:00,52.5,13832,9870,1,wk,Winter
1/31/2012 12:00,65.5,13908,9870,1,wk,Winter
2/1/2012 12:00,70.5,14042,13686,1,wk,Winter
2/2/2012 12:00,63,14336,13686,1,wk,Winter
2/3/2012 12:00,70.5,13532,13686,1,wk,Winter
2/4/2012 12:00,59.5,10636,13686,1,wknd,Winter
2/5/2012 12:00,45.5,11250,13686,1,wknd,Winter
2/6/2012 12:00,45.5,13914,13686,1,wk,Winter
2/7/2012 12:00,55,13686,13686,1,wk,Winter
2/8/2012 12:00,48.5,13468,13686,1,wk,Winter
2/9/2012 12:00,47.5,13558,13686,1,wk,Winter
2/10/2012 12:00,56.5,12646,13686,1,wk,Winter
2/11/2012 12:00,42.5,9858,13686,1,wknd,Winter
2/12/2012 12:00,36.5,11074,13686,1,wknd,Winter
2/13/2012 12:00,51.5,13914,13686,1,wk,Winter
2/14/2012 12:00,57.5,13764,13686,1,wk,Winter
2/15/2012 12:00,67.5,14270,13686,1,wk,Winter
2/16/2012 12:00,57.5,14068,13686,1,wk,Winter
2/17/2012 12:00,54,13212,13686,1,wk,Winter
2/18/2012 12:00,52.5,10606,13686,1,wknd,Winter
2/19/2012 12:00,51.5,11416,13686,1,wknd,Winter
2/20/2012 12:00,58.5,14238,13686,1,wk,Winter
2/21/2012 12:00,62.5,14188,13686,1,wk,Winter
2/22/2012 12:00,75,14408,13686,1,wk,Winter
2/23/2012 12:00,75,14476,13686,1,wk,Winter
2/24/2012 12:00,55.5,13218,13686,1,wk,Winter
2/25/2012 12:00,50.5,10668,13686,1,wknd,Winter
2/26/2012 12:00,53,11700,13686,1,wknd,Winter
2/27/2012 12:00,64.5,14504,13686,1,wk,Winter
2/28/2012 12:00,70,14174,13686,1,wk,Winter
2/29/2012 12:00,68,14406,13686,1,wk,Winter
3/1/2012 12:00,62.5,14450,13210,1,wk,Spring
3/2/2012 12:00,71,13360,13210,1,wk,Spring
3/3/2012 12:00,55.5,12298,13210,1,wknd,Spring
3/4/2012 12:00,57.5,11630,13210,1,wknd,Spring
3/5/2012 12:00,61.5,14264,13210,1,wk,Spring
3/6/2012 12:00,64.5,14162,13210,1,wk,Spring
3/7/2012 12:00,68.5,14458,13210,1,wk,Spring
3/8/2012 12:00,61,14142,13210,1,wk,Spring
3/9/2012 12:00,44,11758,13210,1,wk,Spring
3/10/2012 12:00,47.5,8466,13210,0,wknd,Spring
3/11/2012 12:00,62.5,7722,13210,0,wknd,Spring
3/12/2012 12:00,65.5,9440,13210,0,wk,Spring
3/13/2012 12:00,72,9614,13210,0,wk,Spring
3/14/2012 12:00,73,9640,13210,0,wk,Spring
3/15/2012 12:00,74.5,9696,13210,0,wk,Spring
3/16/2012 12:00,74,9808,13210,0,wk,Spring
3/17/2012 12:00,72.5,8798,13210,0,wknd,Spring
3/18/2012 12:00,71,9414,13210,0,wknd,Spring
3/19/2012 12:00,69,14410,13210,1,wk,Spring
3/20/2012 12:00,61,14110,13210,1,wk,Spring
3/21/2012 12:00,60,14246,13210,1,wk,Spring
3/22/2012 12:00,67,14146,13210,1,wk,Spring
3/23/2012 12:00,64.5,13210,13210,1,wk,Spring
3/24/2012 12:00,67,10416,13210,1,wknd,Spring
3/25/2012 12:00,70,11350,13210,1,wknd,Spring
3/26/2012 12:00,70.5,14176,13210,1,wk,Spring
3/27/2012 12:00,70,14358,13210,1,wk,Spring
3/28/2012 12:00,68,14546,13210,1,wk,Spring
3/29/2012 12:00,72.5,14334,13210,1,wk,Spring
3/30/2012 12:00,76,13344,13210,1,wk,Spring
3/31/2012 12:00,76.5,10550,13210,1,wknd,Spring
4/1/2012 12:00,77.5,11418,14242,1,wknd,Spring
4/2/2012 12:00,78,14384,14242,1,wk,Spring
4/3/2012 12:00,74.5,14388,14242,1,wk,Spring
4/4/2012 12:00,71,14410,14242,1,wk,Spring
4/5/2012 12:00,77,14402,14242,1,wk,Spring
4/6/2012 12:00,72.5,11718,14242,1,wk,Spring
4/7/2012 12:00,76,10446,14242,1,wknd,Spring
4/8/2012 12:00,73,11158,14242,1,wknd,Spring
4/9/2012 12:00,73,14442,14242,1,wk,Spring
4/10/2012 12:00,72.5,14448,14242,1,wk,Spring
4/11/2012 12:00,72.5,14560,14242,1,wk,Spring
4/12/2012 12:00,77,14390,14242,1,wk,Spring
4/13/2012 12:00,75,13346,14242,1,wk,Spring
4/14/2012 12:00,75.5,10386,14242,1,wknd,Spring
4/15/2012 12:00,67.5,11312,14242,1,wknd,Spring
4/16/2012 12:00,65,14396,14242,1,wk,Spring
4/17/2012 12:00,70.5,14342,14242,1,wk,Spring
4/18/2012 12:00,70,14406,14242,1,wk,Spring
4/19/2012 12:00,71.5,14464,14242,1,wk,Spring
4/20/2012 12:00,69,13348,14242,1,wk,Spring
4/21/2012 12:00,67,10302,14242,1,wknd,Spring
4/22/2012 12:00,71,11038,14242,1,wknd,Spring
4/23/2012 12:00,70.5,14142,14242,1,wk,Spring
4/24/2012 12:00,71.5,14354,14242,1,wk,Spring
4/25/2012 12:00,78.5,13838,14242,1,wk,Spring
4/26/2012 12:00,80,14520,14242,1,wk,Spring
4/27/2012 12:00,79,13348,14242,1,wk,Spring
4/28/2012 12:00,79.5,10456,14242,1,wknd,Spring
4/29/2012 12:00,79.5,11246,14242,1,wknd,Spring
4/30/2012 12:00,79,14626,14242,1,wk,Spring
5/1/2012 12:00,80,14398,10654,1,wk,Spring
5/2/2012 12:00,79.5,14556,10654,1,wk,Spring
5/3/2012 12:00,82,14594,10654,1,wk,Spring
5/4/2012 12:00,82.5,13420,10654,1,wk,Spring
5/5/2012 12:00,83.5,10654,10654,1,wknd,Spring
5/6/2012 12:00,79.5,11034,10654,1,wknd,Spring
5/7/2012 12:00,79.5,13050,10654,1,wk,Spring
5/8/2012 12:00,66.5,13382,10654,1,wk,Spring
5/9/2012 12:00,72,13950,10654,1,wk,Spring
5/10/2012 12:00,68,13964,10654,1,wk,Spring
5/11/2012 12:00,72.5,12966,10654,1,wk,Spring
5/12/2012 12:00,73,10898,10654,1,wknd,Spring
5/13/2012 12:00,72.5,10732,10654,1,wknd,Spring
5/14/2012 12:00,74.5,11784,10654,1,wk,Spring
5/15/2012 12:00,67.5,10772,10654,1,wk,Spring
5/16/2012 12:00,72.5,9854,10654,0,wk,Spring
5/17/2012 12:00,75,9416,10654,0,wk,Spring
5/18/2012 12:00,75,8752,10654,0,wk,Spring
5/19/2012 12:00,79.5,8548,10654,0,wknd,Spring
5/20/2012 12:00,76.5,8554,10654,0,wknd,Spring
5/21/2012 12:00,79,9634,10654,0,wk,Spring
5/22/2012 12:00,80,9608,10654,0,wk,Spring
5/23/2012 12:00,79,9436,10654,0,wk,Spring
5/24/2012 12:00,82,9332,10654,0,wk,Spring
5/25/2012 12:00,82.5,9616,10654,0,wk,Spring
5/26/2012 12:00,83,8450,10654,0,wknd,Spring
5/27/2012 12:00,81.5,8340,10654,0,wknd,Spring
5/28/2012 12:00,81.5,8422,10654,0,wk,Spring
5/29/2012 12:00,84,10174,10654,0,wk,Spring
5/30/2012 12:00,83.5,10546,10654,0,wk,Spring
5/31/2012 12:00,84,10944,10654,0,wk,Spring
6/1/2012 12:00,80.5,10610,12033,0,wk,Summer
6/2/2012 12:00,83,9768,12033,0,wknd,Summer
6/3/2012 12:00,83,10044,12033,0,wknd,Summer
6/4/2012 12:00,83,12824,12033,0,wk,Summer
6/5/2012 12:00,84.5,13188,12033,0,wk,Summer
6/6/2012 12:00,84.5,13590,12033,0,wk,Summer
6/7/2012 12:00,81,13846,12033,0,wk,Summer
6/8/2012 12:00,80,13240,12033,0,wk,Summer
6/9/2012 12:00,80.5,10966,12033,0,wknd,Summer
6/10/2012 12:00,85,10856,12033,0,wknd,Summer
6/11/2012 12:00,89.5,12530,12033,0,wk,Summer
6/12/2012 12:00,83.5,12106,12033,0,wk,Summer
6/13/2012 12:00,83,11874,12033,0,wk,Summer
6/14/2012 12:00,87,12536,12033,0,wk,Summer
6/15/2012 12:00,86.5,11770,12033,0,wk,Summer
6/16/2012 12:00,86,9798,12033,0,wknd,Summer
6/17/2012 12:00,85,9778,12033,0,wknd,Summer
6/18/2012 12:00,85.5,12204,12033,0,wk,Summer
6/19/2012 12:00,85,11962,12033,0,wk,Summer
6/20/2012 12:00,85,12112,12033,0,wk,Summer
6/21/2012 12:00,84,12586,12033,0,wk,Summer
6/22/2012 12:00,84,11766,12033,0,wk,Summer
6/23/2012 12:00,86,10338,12033,0,wknd,Summer
6/24/2012 12:00,88,10216,12033,0,wknd,Summer
6/25/2012 12:00,89.5,12228,12033,0,wk,Summer
6/26/2012 12:00,93,12146,12033,0,wk,Summer
6/27/2012 12:00,91,12088,12033,0,wk,Summer
6/28/2012 12:00,88,12644,12033,0,wk,Summer
6/29/2012 12:00,88,11978,12033,0,wk,Summer
6/30/2012 12:00,84,10292,12033,0,wknd,Summer
7/1/2012 12:00,81.5,10080,11542,0,wknd,Summer
7/2/2012 12:00,86.5,12180,11542,0,wk,Summer
7/3/2012 12:00,85.5,11958,11542,0,wk,Summer
7/4/2012 12:00,88,9806,11542,0,wk,Summer
7/5/2012 12:00,87.5,12022,11542,0,wk,Summer
7/6/2012 12:00,87,11662,11542,0,wk,Summer
7/7/2012 12:00,87.5,10602,11542,0,wknd,Summer
7/8/2012 12:00,87,10300,11542,0,wknd,Summer
7/9/2012 12:00,85.5,12012,11542,0,wk,Summer
7/10/2012 12:00,81.5,11870,11542,0,wk,Summer
7/11/2012 12:00,80,12196,11542,0,wk,Summer
7/12/2012 12:00,84.5,12660,11542,0,wk,Summer
7/13/2012 12:00,85.5,11758,11542,0,wk,Summer
7/14/2012 12:00,83,10040,11542,0,wknd,Summer
7/15/2012 12:00,80.5,9906,11542,0,wknd,Summer
7/16/2012 12:00,81,11646,11542,0,wk,Summer
7/17/2012 12:00,83,12060,11542,0,wk,Summer
7/18/2012 12:00,84,11698,11542,0,wk,Summer
7/19/2012 12:00,84.5,12072,11542,0,wk,Summer
7/20/2012 12:00,86.5,11488,11542,0,wk,Summer
7/21/2012 12:00,87.5,9998,11542,0,wknd,Summer
7/22/2012 12:00,84.5,9674,11542,0,wknd,Summer
7/23/2012 12:00,85.5,11302,11542,0,wk,Summer
7/24/2012 12:00,86.5,11542,11542,0,wk,Summer
7/25/2012 12:00,86,11360,11542,0,wk,Summer
7/26/2012 12:00,86.5,11790,11542,0,wk,Summer
7/27/2012 12:00,87,11602,11542,0,wk,Summer
7/28/2012 12:00,86,10242,11542,0,wknd,Summer
7/29/2012 12:00,87,9706,11542,0,wknd,Summer
7/30/2012 12:00,86.5,11332,11542,0,wk,Summer
7/31/2012 12:00,88,11380,11542,0,wk,Summer
8/1/2012 12:00,88.5,11408,10734,0,wk,Summer
8/2/2012 12:00,88,11304,10734,0,wk,Summer
8/3/2012 12:00,88,10794,10734,0,wk,Summer
8/4/2012 12:00,88,9636,10734,0,wknd,Summer
8/5/2012 12:00,86,9638,10734,0,wknd,Summer
8/6/2012 12:00,85,10734,10734,0,wk,Summer
8/7/2012 12:00,89,10960,10734,0,wk,Summer
8/8/2012 12:00,88.5,10834,10734,0,wk,Summer
8/9/2012 12:00,90,10732,10734,0,wk,Summer
8/10/2012 12:00,92,10764,10734,0,wk,Summer
8/11/2012 12:00,88.5,9590,10734,0,wknd,Summer
8/12/2012 12:00,89.5,9518,10734,0,wknd,Summer
8/13/2012 12:00,91,10992,10734,0,wk,Summer
8/14/2012 12:00,90,10230,10734,0,wk,Summer
8/15/2012 12:00,90,10090,10734,0,wk,Summer
8/16/2012 12:00,89,10302,10734,0,wk,Summer
8/17/2012 12:00,90,10456,10734,0,wk,Summer
8/18/2012 12:00,80,8856,10734,0,wknd,Summer
8/19/2012 12:00,80,8498,10734,0,wknd,Summer
8/20/2012 12:00,83.5,10342,10734,0,wk,Summer
8/21/2012 12:00,82.5,10328,10734,0,wk,Summer
8/22/2012 12:00,81.5,10610,10734,0,wk,Summer
8/23/2012 12:00,83,10820,10734,0,wk,Summer
8/24/2012 12:00,85.5,11314,10734,0,wk,Summer
8/25/2012 12:00,87.5,10664,10734,0,wknd,Summer
8/26/2012 12:00,87,11134,10734,0,wknd,Summer
8/27/2012 12:00,86,12432,10734,0,wk,Summer
8/28/2012 12:00,87.5,12550,10734,1,wk,Summer
8/29/2012 12:00,88.5,14704,10734,1,wk,Summer
8/30/2012 12:00,90.5,14638,10734,1,wk,Summer
8/31/2012 12:00,86.5,13676,10734,1,wk,Summer
9/1/2012 12:00,89.5,10964,13833,1,wknd,Fall
9/2/2012 12:00,87.5,10814,13833,1,wknd,Fall
9/3/2012 12:00,88,11880,13833,1,wk,Fall
9/4/2012 12:00,89.5,14724,13833,1,wk,Fall
9/5/2012 12:00,89.5,15014,13833,1,wk,Fall
9/6/2012 12:00,88,14858,13833,1,wk,Fall
9/7/2012 12:00,89,13834,13833,1,wk,Fall
9/8/2012 12:00,81,10938,13833,1,wknd,Fall
9/9/2012 12:00,80,11274,13833,1,wknd,Fall
9/10/2012 12:00,78,14372,13833,1,wk,Fall
9/11/2012 12:00,78.5,14392,13833,1,wk,Fall
9/12/2012 12:00,87,14504,13833,1,wk,Fall
9/13/2012 12:00,79,14466,13833,1,wk,Fall
9/14/2012 12:00,69,12654,13833,1,wk,Fall
9/15/2012 12:00,73.5,10380,13833,1,wknd,Fall
9/16/2012 12:00,69,11252,13833,1,wknd,Fall
9/17/2012 12:00,75,14426,13833,1,wk,Fall
9/18/2012 12:00,76.5,14518,13833,1,wk,Fall
9/19/2012 12:00,74.5,13832,13833,1,wk,Fall
9/20/2012 12:00,76.5,14294,13833,1,wk,Fall
9/21/2012 12:00,76.5,13212,13833,1,wk,Fall
9/22/2012 12:00,76.5,10338,13833,1,wknd,Fall
9/23/2012 12:00,79.5,11276,13833,1,wknd,Fall
9/24/2012 12:00,80.5,14472,13833,1,wk,Fall
9/25/2012 12:00,81.5,14654,13833,1,wk,Fall
9/26/2012 12:00,82,14936,13833,1,wk,Fall
9/27/2012 12:00,79.5,14660,13833,1,wk,Fall
9/28/2012 12:00,79,13552,13833,1,wk,Fall
9/29/2012 12:00,74.5,10562,13833,1,wknd,Fall
9/30/2012 12:00,71.5,11320,13833,1,wknd,Fall
10/1/2012 12:00,72.5,14404,13978,1,wk,Fall
10/2/2012 12:00,71.5,14402,13978,1,wk,Fall
10/3/2012 12:00,70.5,14442,13978,1,wk,Fall
10/4/2012 12:00,78.5,14478,13978,1,wk,Fall
10/5/2012 12:00,80,13364,13978,1,wk,Fall
10/6/2012 12:00,63.5,10702,13978,1,wknd,Fall
10/7/2012 12:00,54,11364,13978,1,wknd,Fall
10/8/2012 12:00,60,14372,13978,1,wk,Fall
10/9/2012 12:00,69.5,14274,13978,1,wk,Fall
10/10/2012 12:00,79.5,14472,13978,1,wk,Fall
10/11/2012 12:00,78,14438,13978,1,wk,Fall
10/12/2012 12:00,80,13110,13978,1,wk,Fall
10/13/2012 12:00,78.5,10216,13978,1,wknd,Fall
10/14/2012 12:00,76,11006,13978,1,wknd,Fall
10/15/2012 12:00,69.5,14002,13978,1,wk,Fall
10/16/2012 12:00,66.5,14078,13978,1,wk,Fall
10/17/2012 12:00,77,14214,13978,1,wk,Fall
10/18/2012 12:00,67,14016,13978,1,wk,Fall
10/19/2012 12:00,66.5,12928,13978,1,wk,Fall
10/20/2012 12:00,71,10140,13978,1,wknd,Fall
10/21/2012 12:00,82.5,11120,13978,1,wknd,Fall
10/22/2012 12:00,80.5,14260,13978,1,wk,Fall
10/23/2012 12:00,78,14208,13978,1,wk,Fall
10/24/2012 12:00,77,13948,13978,1,wk,Fall
10/25/2012 12:00,75.5,13952,13978,1,wk,Fall
10/26/2012 12:00,56.5,12938,13978,1,wk,Fall
10/27/2012 12:00,54,10176,13978,1,wknd,Fall
10/28/2012 12:00,55,10976,13978,1,wknd,Fall
10/29/2012 12:00,55,14134,13978,1,wk,Fall
10/30/2012 12:00,60.5,13978,13978,1,wk,Fall
10/31/2012 12:00,71,13836,13978,1,wk,Fall
11/1/2012 12:00,72.5,13720,12669,1,wk,Fall
11/2/2012 12:00,73,12686,12669,1,wk,Fall
11/3/2012 12:00,75,9948,12669,1,wknd,Fall
11/4/2012 12:00,70.5,11408,12669,1,wknd,Fall
11/5/2012 12:00,72,13734,12669,1,wk,Fall
11/6/2012 12:00,64.5,13580,12669,1,wk,Fall
11/7/2012 12:00,67,13730,12669,1,wk,Fall
11/8/2012 12:00,70,13606,12669,1,wk,Fall
11/9/2012 12:00,73.5,12652,12669,1,wk,Fall
11/10/2012 12:00,74,10150,12669,1,wknd,Fall
11/11/2012 12:00,73.5,10920,12669,1,wknd,Fall
11/12/2012 12:00,54,13834,12669,1,wk,Fall
11/13/2012 12:00,47.5,14126,12669,1,wk,Fall
11/14/2012 12:00,57,13884,12669,1,wk,Fall
11/15/2012 12:00,53,13828,12669,1,wk,Fall
11/16/2012 12:00,58,12716,12669,1,wk,Fall
11/17/2012 12:00,54,10422,12669,1,wknd,Fall
11/18/2012 12:00,60.5,11122,12669,1,wknd,Fall
11/19/2012 12:00,66.5,13566,12669,1,wk,Fall
11/20/2012 12:00,68,12608,12669,1,wk,Fall
11/21/2012 12:00,68.5,10108,12669,1,wk,Fall
11/22/2012 12:00,67.5,7618,12669,0,wk,Fall
11/23/2012 12:00,64,7518,12669,0,wk,Fall
11/24/2012 12:00,56,7334,12669,0,wknd,Fall
11/25/2012 12:00,61.5,8238,12669,0,wknd,Fall
11/26/2012 12:00,72.5,12414,12669,1,wk,Fall
11/27/2012 12:00,50,12846,12669,1,wk,Fall
11/28/2012 12:00,53,12942,12669,1,wk,Fall
11/29/2012 12:00,57.5,12990,12669,1,wk,Fall
11/30/2012 12:00,70.5,12098,12669,1,wk,Fall
12/1/2012 12:00,75,10668,10244,1,wknd,Winter
12/2/2012 12:00,74,11374,10244,1,wknd,Winter
12/3/2012 12:00,72.5,13138,10244,1,wk,Winter
12/4/2012 12:00,68,13186,10244,1,wk,Winter
12/5/2012 12:00,62,13064,10244,1,wk,Winter
12/6/2012 12:00,61.5,12748,10244,1,wk,Winter
12/7/2012 12:00,68,11586,10244,1,wk,Winter
12/8/2012 12:00,72,9792,10244,1,wknd,Winter
12/9/2012 12:00,67.5,10284,10244,1,wknd,Winter
12/10/2012 12:00,45.5,11592,10244,1,wk,Winter
12/11/2012 12:00,43,12040,10244,1,wk,Winter
12/12/2012 12:00,46,12800,10244,1,wk,Winter
12/13/2012 12:00,52,12248,10244,1,wk,Winter
12/14/2012 12:00,63.5,11478,10244,1,wk,Winter
12/15/2012 12:00,67,10244,10244,1,wknd,Winter
12/16/2012 12:00,62.5,10534,10244,1,wknd,Winter
12/17/2012 12:00,58,11104,10244,1,wk,Winter
12/18/2012 12:00,61,10094,10244,1,wk,Winter
12/19/2012 12:00,74.5,8712,10244,0,wk,Winter
12/20/2012 12:00,53,8098,10244,0,wk,Winter
12/21/2012 12:00,48.5,7744,10244,0,wk,Winter
12/22/2012 12:00,52,7334,10244,0,wknd,Winter
12/23/2012 12:00,65.5,7412,10244,0,wknd,Winter
12/24/2012 12:00,58,7460,10244,0,wk,Winter
12/25/2012 12:00,49.5,7452,10244,0,wk,Winter
12/26/2012 12:00,36,7546,10244,0,wk,Winter
12/27/2012 12:00,37.5,7674,10244,0,wk,Winter
12/28/2012 12:00,50,7716,10244,0,wk,Winter
12/29/2012 12:00,42.5,7658,10244,0,wknd,Winter
12/30/2012 12:00,40,7494,10244,0,wknd,Winter
12/31/2012 12:00,52,7424,10244,0,wk,Winter
1/1/2013 12:00,47,7356,10862,0,wk,Winter
1/2/2013 12:00,39.5,8124,10862,0,wk,Winter
1/3/2013 12:00,39,8584,10862,0,wk,Winter
1/4/2013 12:00,41,8574,10862,0,wk,Winter
1/5/2013 12:00,47,7950,10862,0,wknd,Winter
1/6/2013 12:00,47.5,7910,10862,0,wknd,Winter
1/7/2013 12:00,44,9218,10862,0,wk,Winter
1/8/2013 12:00,50,9376,10862,0,wk,Winter
1/9/2013 12:00,55,9524,10862,0,wk,Winter
1/10/2013 12:00,55.5,9656,10862,0,wk,Winter
1/11/2013 12:00,60.5,9916,10862,0,wk,Winter
1/12/2013 12:00,61,9548,10862,0,wknd,Winter
1/13/2013 12:00,45.5,10304,10862,0,wknd,Winter
1/14/2013 12:00,43,12598,10862,1,wk,Winter
1/15/2013 12:00,38.5,12998,10862,1,wk,Winter
1/16/2013 12:00,42,13060,10862,1,wk,Winter
1/17/2013 12:00,52,13104,10862,1,wk,Winter
1/18/2013 12:00,50,12196,10862,1,wk,Winter
1/19/2013 12:00,55,10578,10862,1,wknd,Winter
1/20/2013 12:00,58.5,10862,10862,1,wknd,Winter
1/21/2013 12:00,60.5,11898,10862,1,wk,Winter
1/22/2013 12:00,57,13442,10862,1,wk,Winter
1/23/2013 12:00,64,13548,10862,1,wk,Winter
1/24/2013 12:00,69.5,13504,10862,1,wk,Winter
1/25/2013 12:00,68,12580,10862,1,wk,Winter
1/26/2013 12:00,59,10408,10862,1,wknd,Winter
1/27/2013 12:00,69.5,11416,10862,1,wknd,Winter
1/28/2013 12:00,73,13986,10862,1,wk,Winter
1/29/2013 12:00,70.5,13826,10862,1,wk,Winter
1/30/2013 12:00,48.5,13674,10862,1,wk,Winter
1/31/2013 12:00,51,13776,10862,1,wk,Winter
2/1/2013 12:00,59,12666,13692,1,wk,Winter
2/2/2013 12:00,61,10542,13692,1,wknd,Winter
2/3/2013 12:00,58.5,11166,13692,1,wknd,Winter
2/4/2013 12:00,66.5,13774,13692,1,wk,Winter
2/5/2013 12:00,66.5,13596,13692,1,wk,Winter
2/6/2013 12:00,68,13850,13692,1,wk,Winter
2/7/2013 12:00,72.5,13742,13692,1,wk,Winter
2/8/2013 12:00,60.5,12762,13692,1,wk,Winter
2/9/2013 12:00,61,10516,13692,1,wknd,Winter
2/10/2013 12:00,62,11322,13692,1,wknd,Winter
2/11/2013 12:00,54,13820,13692,1,wk,Winter
2/12/2013 12:00,60.5,13802,13692,1,wk,Winter
2/13/2013 12:00,52,13868,13692,1,wk,Winter
2/14/2013 12:00,54.5,13756,13692,1,wk,Winter
2/15/2013 12:00,53,12484,13692,1,wk,Winter
2/16/2013 12:00,50.5,10434,13692,1,wknd,Winter
2/17/2013 12:00,55.5,11086,13692,1,wknd,Winter
2/18/2013 12:00,70.5,13750,13692,1,wk,Winter
2/19/2013 12:00,58,13844,13692,1,wk,Winter
2/20/2013 12:00,58,13828,13692,1,wk,Winter
2/21/2013 12:00,65.5,13662,13692,1,wk,Winter
2/22/2013 12:00,51.5,12638,13692,1,wk,Winter
2/23/2013 12:00,56.5,10030,13692,1,wknd,Winter
2/24/2013 12:00,57.5,11290,13692,1,wknd,Winter
2/25/2013 12:00,56,13848,13692,1,wk,Winter
2/26/2013 12:00,54.5,13750,13692,1,wk,Winter
2/27/2013 12:00,55.5,13780,13692,1,wk,Winter
2/28/2013 12:00,52,13722,13692,1,wk,Winter
3/1/2013 12:00,53.5,12622,11506,1,wk,Spring
3/2/2013 12:00,51.5,12138,11506,1,wknd,Spring
3/3/2013 12:00,58,11300,11506,1,wknd,Spring
3/4/2013 12:00,72,13756,11506,1,wk,Spring
3/5/2013 12:00,57,13738,11506,1,wk,Spring
3/6/2013 12:00,53,13820,11506,1,wk,Spring
3/7/2013 12:00,58.5,13538,11506,1,wk,Spring
3/8/2013 12:00,62,11506,11506,1,wk,Spring
3/9/2013 12:00,67.5,8796,11506,0,wknd,Spring
3/10/2013 12:00,56.5,7990,11506,0,wknd,Spring
3/11/2013 12:00,53.5,9252,11506,0,wk,Spring
3/12/2013 12:00,61,9996,11506,0,wk,Spring
3/13/2013 12:00,62.5,9912,11506,0,wk,Spring
3/14/2013 12:00,64.5,9882,11506,0,wk,Spring
3/15/2013 12:00,67.5,10002,11506,0,wk,Spring
3/16/2013 12:00,72.5,9192,11506,0,wknd,Spring
3/17/2013 12:00,75,9698,11506,0,wknd,Spring
3/18/2013 12:00,76,13942,11506,1,wk,Spring
3/19/2013 12:00,68,13876,11506,1,wk,Spring
3/20/2013 12:00,63,13818,11506,1,wk,Spring
3/21/2013 12:00,67,13634,11506,1,wk,Spring
3/22/2013 12:00,70,12826,11506,1,wk,Spring
3/23/2013 12:00,66,10724,11506,1,wknd,Spring
3/24/2013 12:00,52,11412,11506,1,wknd,Spring
3/25/2013 12:00,49.5,13822,11506,1,wk,Spring
3/26/2013 12:00,50,13864,11506,1,wk,Spring
3/27/2013 12:00,55.5,13718,11506,1,wk,Spring
3/28/2013 12:00,65.5,13690,11506,1,wk,Spring
3/29/2013 12:00,70,11412,11506,1,wk,Spring
3/30/2013 12:00,75.5,10080,11506,1,wknd,Spring
3/31/2013 12:00,72.5,11164,11506,1,wknd,Spring
4/1/2013 12:00,73.5,13774,13679,1,wk,Spring
4/2/2013 12:00,64.5,13778,13679,1,wk,Spring
4/3/2013 12:00,53,13876,13679,1,wk,Spring
4/4/2013 12:00,54,13676,13679,1,wk,Spring
4/5/2013 12:00,56.5,12432,13679,1,wk,Spring
4/6/2013 12:00,67.5,10144,13679,1,wknd,Spring
4/7/2013 12:00,73.5,11036,13679,1,wknd,Spring
4/8/2013 12:00,72,13692,13679,1,wk,Spring
4/9/2013 12:00,78,13748,13679,1,wk,Spring
4/10/2013 12:00,59.5,13888,13679,1,wk,Spring
4/11/2013 12:00,55.5,13426,13679,1,wk,Spring
4/12/2013 12:00,62.5,12578,13679,1,wk,Spring
4/13/2013 12:00,66,10380,13679,1,wknd,Spring
4/14/2013 12:00,72.5,11288,13679,1,wknd,Spring
4/15/2013 12:00,79,13792,13679,1,wk,Spring
4/16/2013 12:00,77.5,13900,13679,1,wk,Spring
4/17/2013 12:00,79,13928,13679,1,wk,Spring
4/18/2013 12:00,62.5,13746,13679,1,wk,Spring
4/19/2013 12:00,57,12550,13679,1,wk,Spring
4/20/2013 12:00,57,10208,13679,1,wknd,Spring
4/21/2013 12:00,64,11306,13679,1,wknd,Spring
4/22/2013 12:00,70.5,13778,13679,1,wk,Spring
4/23/2013 12:00,64,13818,13679,1,wk,Spring
4/24/2013 12:00,55,13682,13679,1,wk,Spring
4/25/2013 12:00,63,13660,13679,1,wk,Spring
4/26/2013 12:00,69.5,12716,13679,1,wk,Spring
4/27/2013 12:00,77,10520,13679,1,wknd,Spring
4/28/2013 12:00,74.5,11490,13679,1,wknd,Spring
4/29/2013 12:00,76.5,14036,13679,1,wk,Spring
4/30/2013 12:00,74,13960,13679,1,wk,Spring
5/1/2013 12:00,78.5,14126,10162,1,wk,Spring
5/2/2013 12:00,61.5,14192,10162,1,wk,Spring
5/3/2013 12:00,57.5,12718,10162,1,wk,Spring
5/4/2013 12:00,65.5,10546,10162,1,wknd,Spring
5/5/2013 12:00,65,11010,10162,1,wknd,Spring
5/6/2013 12:00,63,12706,10162,1,wk,Spring
5/7/2013 12:00,69,13136,10162,1,wk,Spring
5/8/2013 12:00,75.5,13506,10162,1,wk,Spring
5/9/2013 12:00,72,13408,10162,1,wk,Spring
5/10/2013 12:00,75,12506,10162,1,wk,Spring
5/11/2013 12:00,72.5,10938,10162,1,wknd,Spring
5/12/2013 12:00,71.5,10866,10162,1,wknd,Spring
5/13/2013 12:00,70,11850,10162,1,wk,Spring
5/14/2013 12:00,74,11034,10162,1,wk,Spring
5/15/2013 12:00,77,10110,10162,0,wk,Spring
5/16/2013 12:00,82,9434,10162,0,wk,Spring
5/17/2013 12:00,85,8872,10162,0,wk,Spring
5/18/2013 12:00,84,8454,10162,0,wknd,Spring
5/19/2013 12:00,83.5,8490,10162,0,wknd,Spring
5/20/2013 12:00,83.5,9456,10162,0,wk,Spring
5/21/2013 12:00,79.5,9562,10162,0,wk,Spring
5/22/2013 12:00,77.5,9646,10162,0,wk,Spring
5/23/2013 12:00,83,9646,10162,0,wk,Spring
5/24/2013 12:00,74.5,9604,10162,0,wk,Spring
5/25/2013 12:00,75.5,8342,10162,0,wknd,Spring
5/26/2013 12:00,79,8308,10162,0,wknd,Spring
5/27/2013 12:00,81,8446,10162,0,wk,Spring
5/28/2013 12:00,82.5,10014,10162,0,wk,Spring
5/29/2013 12:00,81.5,10228,10162,0,wk,Spring
5/30/2013 12:00,83,10058,10162,0,wk,Spring
5/31/2013 12:00,84.5,10162,10162,0,wk,Spring
6/1/2013 12:00,86,9202,11224,0,wknd,Summer
6/2/2013 12:00,78.5,9158,11224,0,wknd,Summer
6/3/2013 12:00,79,11164,11224,0,wk,Summer
6/4/2013 12:00,82,11242,11224,0,wk,Summer
6/5/2013 12:00,82,11454,11224,0,wk,Summer
6/6/2013 12:00,84.5,11846,11224,0,wk,Summer
6/7/2013 12:00,79,11000,11224,0,wk,Summer
6/8/2013 12:00,77.5,9308,11224,0,wknd,Summer
6/9/2013 12:00,79,9838,11224,0,wknd,Summer
6/10/2013 12:00,83.5,12430,11224,0,wk,Summer
6/11/2013 12:00,85.5,12736,11224,0,wk,Summer
6/12/2013 12:00,86,12378,11224,0,wk,Summer
6/13/2013 12:00,87,12074,11224,0,wk,Summer
6/14/2013 12:00,84,11616,11224,0,wk,Summer
6/15/2013 12:00,85,9896,11224,0,wknd,Summer
6/16/2013 12:00,87,9800,11224,0,wknd,Summer
6/17/2013 12:00,88,12014,11224,0,wk,Summer
6/18/2013 12:00,82.5,12248,11224,0,wk,Summer
6/19/2013 12:00,87,14544,11224,0,wk,Summer
6/20/2013 12:00,87,8788,11224,0,wk,Summer
6/21/2013 12:00,88,11206,11224,0,wk,Summer
6/22/2013 12:00,88,10126,11224,0,wknd,Summer
6/23/2013 12:00,88,10052,11224,0,wknd,Summer
6/24/2013 12:00,87.5,12060,11224,0,wk,Summer
6/25/2013 12:00,89.5,12564,11224,0,wk,Summer
6/26/2013 12:00,90,12176,11224,0,wk,Summer
6/27/2013 12:00,90,12112,11224,0,wk,Summer
6/28/2013 12:00,90.5,11196,11224,0,wk,Summer
6/29/2013 12:00,91.5,9668,11224,0,wknd,Summer
6/30/2013 12:00,84,9320,11224,0,wknd,Summer
7/1/2013 12:00,82,11264,11070,0,wk,Summer
7/2/2013 12:00,82,11674,11070,0,wk,Summer
7/3/2013 12:00,81.5,11194,11070,0,wk,Summer
7/4/2013 12:00,83,8114,11070,0,wk,Summer
7/5/2013 12:00,85.5,9122,11070,0,wk,Summer
7/6/2013 12:00,86,8714,11070,0,wknd,Summer
7/7/2013 12:00,89,9412,11070,0,wknd,Summer
7/8/2013 12:00,84,11666,11070,0,wk,Summer
7/9/2013 12:00,89,12042,11070,0,wk,Summer
7/10/2013 12:00,89,11702,11070,0,wk,Summer
7/11/2013 12:00,89,11740,11070,0,wk,Summer
7/12/2013 12:00,89,11026,11070,0,wk,Summer
7/13/2013 12:00,90.5,9700,11070,0,wknd,Summer
7/14/2013 12:00,86,9328,11070,0,wknd,Summer
7/15/2013 12:00,74,11536,11070,0,wk,Summer
7/16/2013 12:00,83,11424,11070,0,wk,Summer
7/17/2013 12:00,82.5,11332,11070,0,wk,Summer
7/18/2013 12:00,84,11620,11070,0,wk,Summer
7/19/2013 12:00,84,11132,11070,0,wk,Summer
7/20/2013 12:00,85.5,9714,11070,0,wknd,Summer
7/21/2013 12:00,85.5,9462,11070,0,wknd,Summer
7/22/2013 12:00,88.5,11086,11070,0,wk,Summer
7/23/2013 12:00,88.5,11142,11070,0,wk,Summer
7/24/2013 12:00,87,11056,11070,0,wk,Summer
7/25/2013 12:00,88,11236,11070,0,wk,Summer
7/26/2013 12:00,87,10998,11070,0,wk,Summer
7/27/2013 12:00,82,9700,11070,0,wknd,Summer
7/28/2013 12:00,87,9416,11070,0,wknd,Summer
7/29/2013 12:00,89.5,10962,11070,0,wk,Summer
7/30/2013 12:00,89,11070,11070,0,wk,Summer
7/31/2013 12:00,88.5,11050,11070,0,wk,Summer
8/1/2013 12:00,90,11080,10586,0,wk,Summer
8/2/2013 12:00,90,10570,10586,0,wk,Summer
8/3/2013 12:00,89.5,9184,10586,0,wknd,Summer
8/4/2013 12:00,89.5,9110,10586,0,wknd,Summer
8/5/2013 12:00,90,10362,10586,0,wk,Summer
8/6/2013 12:00,91,10380,10586,0,wk,Summer
8/7/2013 12:00,92.5,10354,10586,0,wk,Summer
8/8/2013 12:00,91.5,10908,10586,0,wk,Summer
8/9/2013 12:00,90,10420,10586,0,wk,Summer
8/10/2013 12:00,91.5,9142,10586,0,wknd,Summer
8/11/2013 12:00,89,9060,10586,0,wknd,Summer
8/12/2013 12:00,88,10496,10586,0,wk,Summer
8/13/2013 12:00,90.5,10542,10586,0,wk,Summer
8/14/2013 12:00,92,10528,10586,0,wk,Summer
8/15/2013 12:00,85.5,10716,10586,0,wk,Summer
8/16/2013 12:00,85,10586,10586,0,wk,Summer
8/17/2013 12:00,84.5,9266,10586,0,wknd,Summer
8/18/2013 12:00,83.5,9278,10586,0,wknd,Summer
8/19/2013 12:00,85,10862,10586,0,wk,Summer
8/20/2013 12:00,85.5,10962,10586,0,wk,Summer
8/21/2013 12:00,86.5,10954,10586,0,wk,Summer
8/22/2013 12:00,87.5,10986,10586,0,wk,Summer
8/23/2013 12:00,88.5,11388,10586,0,wk,Summer
8/24/2013 12:00,89.5,10542,10586,0,wknd,Summer
8/25/2013 12:00,86.5,11058,10586,0,wknd,Summer
8/26/2013 12:00,83,12586,10586,0,wk,Summer
8/27/2013 12:00,81,12530,10586,0,wk,Summer
8/28/2013 12:00,86,13744,10586,1,wk,Summer
8/29/2013 12:00,88.5,13998,10586,1,wk,Summer
8/30/2013 12:00,90.5,13080,10586,1,wk,Summer
8/31/2013 12:00,90,10686,10586,1,wknd,Summer
9/1/2013 12:00,89.5,10716,13874,1,wknd,Fall
9/2/2013 12:00,90,11532,13874,1,wk,Fall
9/3/2013 12:00,89.5,13978,13874,1,wk,Fall
9/4/2013 12:00,89.5,14036,13874,1,wk,Fall
9/5/2013 12:00,86.5,14014,13874,1,wk,Fall
9/6/2013 12:00,88,13026,13874,1,wk,Fall
9/7/2013 12:00,88,10704,13874,1,wknd,Fall
9/8/2013 12:00,84.5,11454,13874,1,wknd,Fall
9/9/2013 12:00,83.5,13960,13874,1,wk,Fall
9/10/2013 12:00,84.5,13880,13874,1,wk,Fall
9/11/2013 12:00,86,13908,13874,1,wk,Fall
9/12/2013 12:00,85,13996,13874,1,wk,Fall
9/13/2013 12:00,86.5,12872,13874,1,wk,Fall
9/14/2013 12:00,85,10630,13874,1,wknd,Fall
9/15/2013 12:00,85.5,11378,13874,1,wknd,Fall
9/16/2013 12:00,85,13956,13874,1,wk,Fall
9/17/2013 12:00,83,13954,13874,1,wk,Fall
9/18/2013 12:00,85,14082,13874,1,wk,Fall
9/19/2013 12:00,86.5,14084,13874,1,wk,Fall
9/20/2013 12:00,76,12880,13874,1,wk,Fall
9/21/2013 12:00,77,10498,13874,1,wknd,Fall
9/22/2013 12:00,74,11340,13874,1,wknd,Fall
9/23/2013 12:00,74.5,13872,13874,1,wk,Fall
9/24/2013 12:00,82,14018,13874,1,wk,Fall
9/25/2013 12:00,83,14128,13874,1,wk,Fall
9/26/2013 12:00,81,13996,13874,1,wk,Fall
9/27/2013 12:00,84.5,12980,13874,1,wk,Fall
9/28/2013 12:00,83.5,10632,13874,1,wknd,Fall
9/29/2013 12:00,72,11394,13874,1,wknd,Fall
9/30/2013 12:00,76.5,13876,13874,1,wk,Fall
10/1/2013 12:00,78.5,14034,13668,1,wk,Fall
10/2/2013 12:00,83.5,14144,13668,1,wk,Fall
10/3/2013 12:00,84.5,14134,13668,1,wk,Fall
10/4/2013 12:00,82.5,12878,13668,1,wk,Fall
10/5/2013 12:00,76,10682,13668,1,wknd,Fall
10/6/2013 12:00,68.5,11384,13668,1,wknd,Fall
10/7/2013 12:00,70,13666,13668,1,wk,Fall
10/8/2013 12:00,69,13790,13668,1,wk,Fall
10/9/2013 12:00,70,13886,13668,1,wk,Fall
10/10/2013 12:00,74.5,13864,13668,1,wk,Fall
10/11/2013 12:00,80,12756,13668,1,wk,Fall
10/12/2013 12:00,81,10392,13668,1,wknd,Fall
10/13/2013 12:00,71.5,11242,13668,1,wknd,Fall
10/14/2013 12:00,75,13780,13668,1,wk,Fall
10/15/2013 12:00,71.5,13876,13668,1,wk,Fall
10/16/2013 12:00,58,13828,13668,1,wk,Fall
10/17/2013 12:00,64.5,13602,13668,1,wk,Fall
10/18/2013 12:00,63.5,12680,13668,1,wk,Fall
10/19/2013 12:00,58,10390,13668,1,wknd,Fall
10/20/2013 12:00,59.5,11262,13668,1,wknd,Fall
10/21/2013 12:00,70,13668,13668,1,wk,Fall
10/22/2013 12:00,65.5,13568,13668,1,wk,Fall
10/23/2013 12:00,68,13774,13668,1,wk,Fall
10/24/2013 12:00,67.5,13754,13668,1,wk,Fall
10/25/2013 12:00,66.5,12590,13668,1,wk,Fall
10/26/2013 12:00,71.5,10234,13668,1,wknd,Fall
10/27/2013 12:00,69.5,11106,13668,1,wknd,Fall
10/28/2013 12:00,74,13790,13668,1,wk,Fall
10/29/2013 12:00,77.5,13958,13668,1,wk,Fall
10/30/2013 12:00,78,13926,13668,1,wk,Fall
10/31/2013 12:00,68,13694,13668,1,wk,Fall
11/1/2013 12:00,67.5,12608,12551,1,wk,Fall
11/2/2013 12:00,62,10200,12551,1,wknd,Fall
11/3/2013 12:00,57.5,11334,12551,1,wknd,Fall
11/4/2013 12:00,63.5,13568,12551,1,wk,Fall
11/5/2013 12:00,73,13700,12551,1,wk,Fall
11/6/2013 12:00,62,13834,12551,1,wk,Fall
11/7/2013 12:00,53.5,13816,12551,1,wk,Fall
11/8/2013 12:00,58,12480,12551,1,wk,Fall
11/9/2013 12:00,62,10282,12551,1,wknd,Fall
11/10/2013 12:00,65.5,11178,12551,1,wknd,Fall
11/11/2013 12:00,65,13514,12551,1,wk,Fall
11/12/2013 12:00,52.5,13592,12551,1,wk,Fall
11/13/2013 12:00,45.5,13756,12551,1,wk,Fall
11/14/2013 12:00,48,13694,12551,1,wk,Fall
11/15/2013 12:00,64.5,12528,12551,1,wk,Fall
11/16/2013 12:00,72,10226,12551,1,wknd,Fall
11/17/2013 12:00,78.5,11116,12551,1,wknd,Fall
11/18/2013 12:00,71,13688,12551,1,wk,Fall
11/19/2013 12:00,64.5,13538,12551,1,wk,Fall
11/20/2013 12:00,65,13604,12551,1,wk,Fall
11/21/2013 12:00,74,13640,12551,1,wk,Fall
11/22/2013 12:00,55,12574,12551,1,wk,Fall
11/23/2013 12:00,39.5,10384,12551,1,wknd,Fall
11/24/2013 12:00,39,11102,12551,1,wknd,Fall
11/25/2013 12:00,37.5,13438,12551,1,wk,Fall
11/26/2013 12:00,46,12366,12551,1,wk,Fall
11/27/2013 12:00,42.5,10416,12551,1,wk,Fall
11/28/2013 12:00,44.5,8314,12551,0,wk,Fall
11/29/2013 12:00,48.5,8272,12551,0,wk,Fall
11/30/2013 12:00,59,8196,12551,0,wknd,Fall
12/1/2013 12:00,63,9092,10338,0,wknd,Winter
12/2/2013 12:00,69,13486,10338,1,wk,Winter
12/3/2013 12:00,67,13586,10338,1,wk,Winter
12/4/2013 12:00,65.5,13830,10338,1,wk,Winter
12/5/2013 12:00,51,13574,10338,1,wk,Winter
12/6/2013 12:00,34,12524,10338,1,wk,Winter
12/7/2013 12:00,29,10338,10338,1,wknd,Winter
12/8/2013 12:00,37.5,10748,10338,1,wknd,Winter
12/9/2013 12:00,37.5,12830,10338,1,wk,Winter
12/10/2013 12:00,38.5,13240,10338,1,wk,Winter
12/11/2013 12:00,45,13516,10338,1,wk,Winter
12/12/2013 12:00,43,13366,10338,1,wk,Winter
12/13/2013 12:00,48,12468,10338,1,wk,Winter
12/14/2013 12:00,45.5,10720,10338,1,wknd,Winter
12/15/2013 12:00,48,10674,10338,1,wknd,Winter
12/16/2013 12:00,51.5,11638,10338,1,wk,Winter
12/17/2013 12:00,55,10560,10338,1,wk,Winter
12/18/2013 12:00,55.5,9140,10338,0,wk,Winter
12/19/2013 12:00,66.5,8232,10338,0,wk,Winter
12/20/2013 12:00,70.5,8140,10338,0,wk,Winter
12/21/2013 12:00,59.5,7692,10338,0,wknd,Winter
12/22/2013 12:00,47.5,7710,10338,0,wknd,Winter
12/23/2013 12:00,45,7480,10338,0,wk,Winter
12/24/2013 12:00,46,7882,10338,0,wk,Winter
12/25/2013 12:00,49.5,7778,10338,0,wk,Winter
12/26/2013 12:00,48,7774,10338,0,wk,Winter
12/27/2013 12:00,52.5,7692,10338,0,wk,Winter
12/28/2013 12:00,51,7604,10338,0,wknd,Winter
12/29/2013 12:00,50,7586,10338,0,wknd,Winter
12/30/2013 12:00,39.5,7724,10338,0,wk,Winter
12/31/2013 12:00,45.5,7568,10338,0,wk,Winter
1/1/2014 12:00,54,7532,10388,0,wk,Winter
1/2/2014 12:00,44,8008,10388,0,wk,Winter
1/3/2014 12:00,43,8156,10388,0,wk,Winter
1/4/2014 12:00,56.5,3928,10388,0,wknd,Winter
1/5/2014 12:00,46.5,7362,10388,0,wknd,Winter
1/6/2014 12:00,29,9846,10388,0,wk,Winter
1/7/2014 12:00,35,9928,10388,0,wk,Winter
1/8/2014 12:00,46.5,9684,10388,0,wk,Winter
1/9/2014 12:00,61.5,9366,10388,0,wk,Winter
1/10/2014 12:00,64.5,9842,10388,0,wk,Winter
1/11/2014 12:00,61.5,9386,10388,0,wknd,Winter
1/12/2014 12:00,56.5,10216,10388,0,wknd,Winter
1/13/2014 12:00,57,12728,10388,1,wk,Winter
1/14/2014 12:00,56.5,12740,10388,1,wk,Winter
1/15/2014 12:00,52,12888,10388,1,wk,Winter
1/16/2014 12:00,56,12966,10388,1,wk,Winter
1/17/2014 12:00,53.5,11958,10388,1,wk,Winter
1/18/2014 12:00,53.5,9796,10388,1,wknd,Winter
1/19/2014 12:00,58.5,9954,10388,1,wknd,Winter
1/20/2014 12:00,64,10834,10388,1,wk,Winter
1/21/2014 12:00,50.5,12982,10388,1,wk,Winter
1/22/2014 12:00,53.5,13042,10388,1,wk,Winter
1/23/2014 12:00,41.5,12934,10388,1,wk,Winter
1/24/2014 12:00,33,10388,10388,1,wk,Winter
1/25/2014 12:00,48,9952,10388,1,wknd,Winter
1/26/2014 12:00,59.5,10602,10388,1,wknd,Winter
1/27/2014 12:00,47,12838,10388,1,wk,Winter
1/28/2014 12:00,33,11758,10388,1,wk,Winter
1/29/2014 12:00,38,12950,10388,1,wk,Winter
1/30/2014 12:00,48,12906,10388,1,wk,Winter
1/31/2014 12:00,67.5,11892,10388,1,wk,Winter
2/1/2014 12:00,65.5,9750,12958,1,wknd,Winter
2/2/2014 12:00,45,10462,12958,1,wknd,Winter
2/3/2014 12:00,40,12936,12958,1,wk,Winter
2/4/2014 12:00,53,13002,12958,1,wk,Winter
2/5/2014 12:00,39.5,13040,12958,1,wk,Winter
2/6/2014 12:00,29,12704,12958,1,wk,Winter
2/7/2014 12:00,33.5,11116,12958,1,wk,Winter
2/8/2014 12:00,51,9844,12958,1,wknd,Winter
2/9/2014 12:00,58.5,10698,12958,1,wknd,Winter
2/10/2014 12:00,47.5,13110,12958,1,wk,Winter
2/11/2014 12:00,34.5,12980,12958,1,wk,Winter
2/12/2014 12:00,45,13178,12958,1,wk,Winter
2/13/2014 12:00,50.5,12986,12958,1,wk,Winter
2/14/2014 12:00,66.5,11940,12958,1,wk,Winter
2/15/2014 12:00,59,9886,12958,1,wknd,Winter
2/16/2014 12:00,67.5,10614,12958,1,wknd,Winter
2/17/2014 12:00,69.5,13044,12958,1,wk,Winter
2/18/2014 12:00,68.5,13234,12958,1,wk,Winter
2/19/2014 12:00,72.5,13382,12958,1,wk,Winter
2/20/2014 12:00,70,13412,12958,1,wk,Winter
2/21/2014 12:00,56.5,12248,12958,1,wk,Winter
2/22/2014 12:00,62.5,10334,12958,1,wknd,Winter
2/23/2014 12:00,74,11246,12958,1,wknd,Winter
2/24/2014 12:00,65.5,13592,12958,1,wk,Winter
2/25/2014 12:00,61.5,13622,12958,1,wk,Winter
2/26/2014 12:00,44,13352,12958,1,wk,Winter
2/27/2014 12:00,45,13378,12958,1,wk,Winter
2/28/2014 12:00,62,12380,12958,1,wk,Winter
3/1/2014 12:00,67.5,11734,11734,1,wknd,Spring
3/2/2014 12:00,50.5,11042,11734,1,wknd,Spring
3/3/2014 12:00,35.5,13184,11734,1,wk,Spring
3/4/2014 12:00,40,13188,11734,1,wk,Spring
3/5/2014 12:00,45.5,13642,11734,1,wk,Spring
3/6/2014 12:00,54,13436,11734,1,wk,Spring
3/7/2014 12:00,53,11190,11734,1,wk,Spring
3/8/2014 12:00,51.5,8904,11734,0,wknd,Spring
3/9/2014 12:00,48.5,7968,11734,0,wknd,Spring
3/10/2014 12:00,60.5,9732,11734,0,wk,Spring
3/11/2014 12:00,69.5,9874,11734,0,wk,Spring
3/12/2014 12:00,59.5,9710,11734,0,wk,Spring
3/13/2014 12:00,52.5,9732,11734,0,wk,Spring
3/14/2014 12:00,62,9860,11734,0,wk,Spring
3/15/2014 12:00,68,8612,11734,0,wknd,Spring
3/16/2014 12:00,56,9290,11734,0,wknd,Spring
3/17/2014 12:00,54.5,13382,11734,1,wk,Spring
3/18/2014 12:00,65,13652,11734,1,wk,Spring
3/19/2014 12:00,61.5,13640,11734,1,wk,Spring
3/20/2014 12:00,59,13784,11734,1,wk,Spring
3/21/2014 12:00,67,12632,11734,1,wk,Spring
3/22/2014 12:00,69,10760,11734,1,wknd,Spring
3/23/2014 12:00,54,11526,11734,1,wknd,Spring
3/24/2014 12:00,58,13748,11734,1,wk,Spring
3/25/2014 12:00,56.5,13668,11734,1,wk,Spring
3/26/2014 12:00,60,13920,11734,1,wk,Spring
3/27/2014 12:00,71.5,13808,11734,1,wk,Spring
3/28/2014 12:00,76,12716,11734,1,wk,Spring
3/29/2014 12:00,64,10508,11734,1,wknd,Spring
3/30/2014 12:00,62,11408,11734,1,wknd,Spring
3/31/2014 12:00,72.5,13684,11734,1,wk,Spring
4/1/2014 12:00,76,13722,13477,1,wk,Spring
4/2/2014 12:00,76,13792,13477,1,wk,Spring
4/3/2014 12:00,76.5,13654,13477,1,wk,Spring
4/4/2014 12:00,64,12406,13477,1,wk,Spring
4/5/2014 12:00,59.5,10438,13477,1,wknd,Spring
4/6/2014 12:00,56.5,11378,13477,1,wknd,Spring
4/7/2014 12:00,62,13562,13477,1,wk,Spring
4/8/2014 12:00,63.5,13422,13477,1,wk,Spring
4/9/2014 12:00,64.5,13466,13477,1,wk,Spring
4/10/2014 12:00,72,13488,13477,1,wk,Spring
4/11/2014 12:00,73,12468,13477,1,wk,Spring
4/12/2014 12:00,75,10404,13477,1,wknd,Spring
4/13/2014 12:00,73,11274,13477,1,wknd,Spring
4/14/2014 12:00,58,13604,13477,1,wk,Spring
4/15/2014 12:00,52,13632,13477,1,wk,Spring
4/16/2014 12:00,56.5,13574,13477,1,wk,Spring
4/17/2014 12:00,61.5,13458,13477,1,wk,Spring
4/18/2014 12:00,68.5,11336,13477,1,wk,Spring
4/19/2014 12:00,66,10360,13477,1,wknd,Spring
4/20/2014 12:00,68,10926,13477,1,wknd,Spring
4/21/2014 12:00,74,13702,13477,1,wk,Spring
4/22/2014 12:00,75,13832,13477,1,wk,Spring
4/23/2014 12:00,73,13686,13477,1,wk,Spring
4/24/2014 12:00,77.5,13672,13477,1,wk,Spring
4/25/2014 12:00,75.5,12496,13477,1,wk,Spring
4/26/2014 12:00,77,10544,13477,1,wknd,Spring
4/27/2014 12:00,84.5,11340,13477,1,wknd,Spring
4/28/2014 12:00,79.5,13552,13477,1,wk,Spring
4/29/2014 12:00,72,13514,13477,1,wk,Spring
4/30/2014 12:00,66,13602,13477,1,wk,Spring
5/1/2014 12:00,64.5,13602,9882,1,wk,Spring
5/2/2014 12:00,69.5,12356,9882,1,wk,Spring
5/3/2014 12:00,76,10546,9882,1,wknd,Spring
5/4/2014 12:00,76,11022,9882,1,wknd,Spring
5/5/2014 12:00,76,12510,9882,1,wk,Spring
5/6/2014 12:00,76,12874,9882,1,wk,Spring
5/7/2014 12:00,79,13286,9882,1,wk,Spring
5/8/2014 12:00,78.5,13186,9882,1,wk,Spring
5/9/2014 12:00,76,12298,9882,1,wk,Spring
5/10/2014 12:00,75.5,10812,9882,1,wknd,Spring
5/11/2014 12:00,82.5,10962,9882,1,wknd,Spring
5/12/2014 12:00,72,12138,9882,1,wk,Spring
5/13/2014 12:00,61,10766,9882,1,wk,Spring
5/14/2014 12:00,63.5,10766,9882,0,wk,Spring
5/15/2014 12:00,65,8690,9882,0,wk,Spring
5/16/2014 12:00,73.5,7946,9882,0,wk,Spring
5/17/2014 12:00,73,7822,9882,0,wknd,Spring
5/18/2014 12:00,73.5,7822,9882,0,wknd,Spring
5/19/2014 12:00,76,7822,9882,0,wk,Spring
5/20/2014 12:00,78,7822,9882,0,wk,Spring
5/21/2014 12:00,79.5,10690,9882,0,wk,Spring
5/22/2014 12:00,78.5,8996,9882,0,wk,Spring
5/23/2014 12:00,77.5,9034,9882,0,wk,Spring
5/24/2014 12:00,78,8004,9882,0,wknd,Spring
5/25/2014 12:00,79.5,8086,9882,0,wknd,Spring
5/26/2014 12:00,69.5,8214,9882,0,wk,Spring
5/27/2014 12:00,68,9642,9882,0,wk,Spring
5/28/2014 12:00,76,9882,9882,0,wk,Spring
5/29/2014 12:00,77.5,9798,9882,0,wk,Spring
5/30/2014 12:00,81,9372,9882,0,wk,Spring
5/31/2014 12:00,81.5,8536,9882,0,wknd,Spring
6/1/2014 12:00,79.5,8514,11439,0,wknd,Summer
6/2/2014 12:00,82.5,10024,11439,0,wk,Summer
6/3/2014 12:00,82.5,10206,11439,0,wk,Summer
6/4/2014 12:00,82.5,10424,11439,0,wk,Summer
6/5/2014 12:00,82.5,11486,11439,0,wk,Summer
6/6/2014 12:00,82.5,10762,11439,0,wk,Summer
6/7/2014 12:00,83,9282,11439,0,wknd,Summer
6/8/2014 12:00,83,9712,11439,0,wknd,Summer
6/9/2014 12:00,77,12124,11439,0,wk,Summer
6/10/2014 12:00,78,12562,11439,0,wk,Summer
6/11/2014 12:00,80,12250,11439,0,wk,Summer
6/12/2014 12:00,80,12262,11439,0,wk,Summer
6/13/2014 12:00,78.5,11732,11439,0,wk,Summer
6/14/2014 12:00,80,9848,11439,0,wknd,Summer
6/15/2014 12:00,82.5,9668,11439,0,wknd,Summer
6/16/2014 12:00,83.5,11942,11439,0,wk,Summer
6/17/2014 12:00,83.5,12306,11439,0,wk,Summer
6/18/2014 12:00,84.5,12154,11439,0,wk,Summer
6/19/2014 12:00,83.5,11976,11439,0,wk,Summer
6/20/2014 12:00,83,11392,11439,0,wk,Summer
6/21/2014 12:00,83.5,10020,11439,0,wknd,Summer
6/22/2014 12:00,83,10242,11439,0,wknd,Summer
6/23/2014 12:00,78,12190,11439,0,wk,Summer
6/24/2014 12:00,83.5,12506,11439,0,wk,Summer
6/25/2014 12:00,80,12184,11439,0,wk,Summer
6/26/2014 12:00,79.5,11956,11439,0,wk,Summer
6/27/2014 12:00,83,11244,11439,0,wk,Summer
6/28/2014 12:00,85.5,9574,11439,0,wknd,Summer
6/29/2014 12:00,86,9604,11439,0,wknd,Summer
6/30/2014 12:00,86.5,11784,11439,0,wk,Summer
7/1/2014 12:00,85.5,11940,11474,0,wk,Summer
7/2/2014 12:00,85,11604,11474,0,wk,Summer
7/3/2014 12:00,84,11272,11474,0,wk,Summer
7/4/2014 12:00,82,9170,11474,0,wk,Summer
7/5/2014 12:00,81.5,9258,11474,0,wknd,Summer
7/6/2014 12:00,83.5,9526,11474,0,wknd,Summer
7/7/2014 12:00,84.5,11602,11474,0,wk,Summer
7/8/2014 12:00,86,11998,11474,0,wk,Summer
7/9/2014 12:00,85,11694,11474,0,wk,Summer
7/10/2014 12:00,84,11790,11474,0,wk,Summer
7/11/2014 12:00,83,10968,11474,0,wk,Summer
7/12/2014 12:00,84.5,9594,11474,0,wknd,Summer
7/13/2014 12:00,87,9376,11474,0,wknd,Summer
7/14/2014 12:00,88,11564,11474,0,wk,Summer
7/15/2014 12:00,82.5,11598,11474,0,wk,Summer
7/16/2014 12:00,84,11638,11474,0,wk,Summer
7/17/2014 12:00,81.5,11518,11474,0,wk,Summer
7/18/2014 12:00,75,10812,11474,0,wk,Summer
7/19/2014 12:00,78,9430,11474,0,wknd,Summer
7/20/2014 12:00,84,9588,11474,0,wknd,Summer
7/21/2014 12:00,86.5,11570,11474,0,wk,Summer
7/22/2014 12:00,86,11646,11474,0,wk,Summer
7/23/2014 12:00,86,11772,11474,0,wk,Summer
7/24/2014 12:00,84,12070,11474,0,wk,Summer
7/25/2014 12:00,85.5,11682,11474,0,wk,Summer
7/26/2014 12:00,87,10058,11474,0,wknd,Summer
7/27/2014 12:00,86.5,9730,11474,0,wknd,Summer
7/28/2014 12:00,86.5,11444,11474,0,wk,Summer
7/29/2014 12:00,86.5,11444,11474,0,wk,Summer
7/30/2014 12:00,86,11262,11474,0,wk,Summer
7/31/2014 12:00,87,11474,11474,0,wk,Summer
8/1/2014 12:00,82,11186,10612,0,wk,Summer
8/2/2014 12:00,79,9634,10612,0,wknd,Summer
8/3/2014 12:00,82.5,9384,10612,0,wknd,Summer
8/4/2014 12:00,83,11000,10612,0,wk,Summer
8/5/2014 12:00,85,10994,10612,0,wk,Summer
8/6/2014 12:00,87.5,11004,10612,0,wk,Summer
8/7/2014 12:00,89.5,11058,10612,0,wk,Summer
8/8/2014 12:00,89,10722,10612,0,wk,Summer
8/9/2014 12:00,88.5,9224,10612,0,wknd,Summer
8/10/2014 12:00,89,9244,10612,0,wknd,Summer
8/11/2014 12:00,89,10804,10612,0,wk,Summer
8/12/2014 12:00,86.5,10528,10612,0,wk,Summer
8/13/2014 12:00,83,10330,10612,0,wk,Summer
8/14/2014 12:00,84,10142,10612,0,wk,Summer
8/15/2014 12:00,88,9948,10612,0,wk,Summer
8/16/2014 12:00,90.5,8738,10612,0,wknd,Summer
8/17/2014 12:00,90,8858,10612,0,wknd,Summer
8/18/2014 12:00,90,10398,10612,0,wk,Summer
8/19/2014 12:00,86.5,10872,10612,0,wk,Summer
8/20/2014 12:00,90,10598,10612,0,wk,Summer
8/21/2014 12:00,91.5,10612,10612,0,wk,Summer
8/22/2014 12:00,91,10800,10612,0,wk,Summer
8/23/2014 12:00,88,10162,10612,0,wknd,Summer
8/24/2014 12:00,89,10690,10612,0,wknd,Summer
8/25/2014 12:00,88.5,11832,10612,0,wk,Summer
8/26/2014 12:00,89,11962,10612,0,wk,Summer
8/27/2014 12:00,87,13460,10612,1,wk,Summer
8/28/2014 12:00,87.5,13412,10612,1,wk,Summer
8/29/2014 12:00,86.5,12268,10612,1,wk,Summer
8/30/2014 12:00,84.5,10200,10612,1,wknd,Summer
8/31/2014 12:00,86.5,10048,10612,1,wknd,Summer
9/1/2014 12:00,89.5,11088,13285,1,wk,Fall
9/2/2014 12:00,88,13450,13285,1,wk,Fall
9/3/2014 12:00,88,13328,13285,1,wk,Fall
9/4/2014 12:00,86,13242,13285,1,wk,Fall
9/5/2014 12:00,87,12314,13285,1,wk,Fall
9/6/2014 12:00,85.5,10190,13285,1,wknd,Fall
9/7/2014 12:00,81.5,10816,13285,1,wknd,Fall
9/8/2014 12:00,84,13328,13285,1,wk,Fall
9/9/2014 12:00,85.5,13476,13285,1,wk,Fall
9/10/2014 12:00,88,13476,13285,1,wk,Fall
9/11/2014 12:00,88.5,13510,13285,1,wk,Fall
9/12/2014 12:00,81,12430,13285,1,wk,Fall
9/13/2014 12:00,63,10028,13285,1,wknd,Fall
9/14/2014 12:00,70.5,10550,13285,1,wknd,Fall
9/15/2014 12:00,78.5,13330,13285,1,wk,Fall
9/16/2014 12:00,84,13576,13285,1,wk,Fall
9/17/2014 12:00,83,13592,13285,1,wk,Fall
9/18/2014 12:00,81,13412,13285,1,wk,Fall
9/19/2014 12:00,80,12492,13285,1,wk,Fall
9/20/2014 12:00,82,10108,13285,1,wknd,Fall
9/21/2014 12:00,81,10924,13285,1,wknd,Fall
9/22/2014 12:00,80.5,13588,13285,1,wk,Fall
9/23/2014 12:00,76,13484,13285,1,wk,Fall
9/24/2014 12:00,72,13510,13285,1,wk,Fall
9/25/2014 12:00,72.5,13488,13285,1,wk,Fall
9/26/2014 12:00,75.5,12234,13285,1,wk,Fall
9/27/2014 12:00,74,9684,13285,1,wknd,Fall
9/28/2014 12:00,77,10542,13285,1,wknd,Fall
9/29/2014 12:00,78,13234,13285,1,wk,Fall
9/30/2014 12:00,77.5,13504,13285,1,wk,Fall
10/1/2014 12:00,84,13576,13458,1,wk,Fall
10/2/2014 12:00,84,13518,13458,1,wk,Fall
10/3/2014 12:00,75,12334,13458,1,wk,Fall
10/4/2014 12:00,69.5,10180,13458,1,wknd,Fall
10/5/2014 12:00,74.5,10834,13458,1,wknd,Fall
10/6/2014 12:00,80.5,13456,13458,1,wk,Fall
10/7/2014 12:00,83,13736,13458,1,wk,Fall
10/8/2014 12:00,82,13842,13458,1,wk,Fall
10/9/2014 12:00,83.5,13562,13458,1,wk,Fall
10/10/2014 12:00,83.5,12484,13458,1,wk,Fall
10/11/2014 12:00,68.5,10124,13458,1,wknd,Fall
10/12/2014 12:00,69,10864,13458,1,wknd,Fall
10/13/2014 12:00,68.5,13436,13458,1,wk,Fall
10/14/2014 12:00,65.5,13458,13458,1,wk,Fall
10/15/2014 12:00,72,13554,13458,1,wk,Fall
10/16/2014 12:00,71.5,13634,13458,1,wk,Fall
10/17/2014 12:00,74,12732,13458,1,wk,Fall
10/18/2014 12:00,76,10408,13458,1,wknd,Fall
10/19/2014 12:00,73.5,11050,13458,1,wknd,Fall
10/20/2014 12:00,72.5,13570,13458,1,wk,Fall
10/21/2014 12:00,70.5,13616,13458,1,wk,Fall
10/22/2014 12:00,72,13724,13458,1,wk,Fall
10/23/2014 12:00,74.5,13688,13458,1,wk,Fall
10/24/2014 12:00,72.5,12508,13458,1,wk,Fall
10/25/2014 12:00,75,10258,13458,1,wknd,Fall
10/26/2014 12:00,73.5,10980,13458,1,wknd,Fall
10/27/2014 12:00,74,13488,13458,1,wk,Fall
10/28/2014 12:00,74.5,13600,13458,1,wk,Fall
10/29/2014 12:00,73,13546,13458,1,wk,Fall
10/30/2014 12:00,72.5,13588,13458,1,wk,Fall
10/31/2014 12:00,66,12394,13458,1,wk,Fall
11/1/2014 12:00,57.5,9960,12175,1,wknd,Fall
11/2/2014 12:00,61.5,11182,12175,1,wknd,Fall
11/3/2014 12:00,67.5,13372,12175,1,wk,Fall
11/4/2014 12:00,66.5,13568,12175,1,wk,Fall
11/5/2014 12:00,57,13428,12175,1,wk,Fall
11/6/2014 12:00,59,13352,12175,1,wk,Fall
11/7/2014 12:00,59.5,12088,12175,1,wk,Fall
11/8/2014 12:00,61.5,9954,12175,1,wknd,Fall
11/9/2014 12:00,60.5,10632,12175,1,wknd,Fall
11/10/2014 12:00,62.5,13258,12175,1,wk,Fall
11/11/2014 12:00,53.5,13406,12175,1,wk,Fall
11/12/2014 12:00,43.5,13186,12175,1,wk,Fall
11/13/2014 12:00,36,13000,12175,1,wk,Fall
11/14/2014 12:00,37.5,12042,12175,1,wk,Fall
11/15/2014 12:00,44,9886,12175,1,wknd,Fall
11/16/2014 12:00,42,10708,12175,1,wknd,Fall
11/17/2014 12:00,41.5,13272,12175,1,wk,Fall
11/18/2014 12:00,43,13588,12175,1,wk,Fall
11/19/2014 12:00,51,13544,12175,1,wk,Fall
11/20/2014 12:00,57,13528,12175,1,wk,Fall
11/21/2014 12:00,68,12528,12175,1,wk,Fall
11/22/2014 12:00,62.5,10230,12175,1,wknd,Fall
11/23/2014 12:00,67,11018,12175,1,wknd,Fall
11/24/2014 12:00,53,13306,12175,1,wk,Fall
11/25/2014 12:00,52.5,12262,12175,1,wk,Fall
11/26/2014 12:00,59.5,10234,12175,1,wk,Fall
11/27/2014 12:00,53,7924,12175,0,wk,Fall
11/28/2014 12:00,57,7972,12175,0,wk,Fall
11/29/2014 12:00,64.5,7994,12175,0,wknd,Fall
11/30/2014 12:00,71.5,8976,12175,0,wknd,Fall
12/1/2014 12:00,53.5,13462,10452,1,wk,Winter
12/2/2014 12:00,44.5,13326,10452,1,wk,Winter
12/3/2014 12:00,53.5,13464,10452,1,wk,Winter
12/4/2014 12:00,62,13616,10452,1,wk,Winter
12/5/2014 12:00,69,12680,10452,1,wk,Winter
12/6/2014 12:00,62,10536,10452,1,wknd,Winter
12/7/2014 12:00,54,10886,10452,1,wknd,Winter
12/8/2014 12:00,58,12654,10452,1,wk,Winter
12/9/2014 12:00,56,12796,10452,1,wk,Winter
12/10/2014 12:00,56.5,13380,10452,1,wk,Winter
12/11/2014 12:00,62,13200,10452,1,wk,Winter
12/12/2014 12:00,65,12412,10452,1,wk,Winter
12/13/2014 12:00,64.5,10678,10452,1,wknd,Winter
12/14/2014 12:00,67.5,10670,10452,1,wknd,Winter
12/15/2014 12:00,63,11430,10452,1,wk,Winter
12/16/2014 12:00,54.5,10452,10452,1,wk,Winter
12/17/2014 12:00,50.5,9608,10452,0,wk,Winter
12/18/2014 12:00,54.5,8684,10452,0,wk,Winter
12/19/2014 12:00,52.5,8284,10452,0,wk,Winter
12/20/2014 12:00,51.5,8062,10452,0,wknd,Winter
12/21/2014 12:00,53,8062,10452,0,wknd,Winter
12/22/2014 12:00,66.5,7912,10452,0,wk,Winter
12/23/2014 12:00,51,7762,10452,0,wk,Winter
12/24/2014 12:00,46,7738,10452,0,wk,Winter
12/25/2014 12:00,49,7724,10452,0,wk,Winter
12/26/2014 12:00,63.5,7808,10452,0,wk,Winter
12/27/2014 12:00,53.5,7768,10452,0,wknd,Winter
12/28/2014 12:00,39.5,7658,10452,0,wknd,Winter
12/29/2014 12:00,48.5,7762,10452,0,wk,Winter
12/30/2014 12:00,42.5,7860,10452,0,wk,Winter
12/31/2014 12:00,39,7806,10452,0,wk,Winter
1/1/2015 12:00,37,7714,10028,0,wk,Winter
1/2/2015 12:00,40.5,8018,10028,0,wk,Winter
1/3/2015 12:00,50.5,7844,10028,0,wknd,Winter
1/4/2015 12:00,43,7776,10028,0,wknd,Winter
1/5/2015 12:00,40.5,9222,10028,0,wk,Winter
1/6/2015 12:00,53.5,9434,10028,0,wk,Winter
1/7/2015 12:00,40.5,8978,10028,0,wk,Winter
1/8/2015 12:00,29.5,8760,10028,0,wk,Winter
1/9/2015 12:00,36,8882,10028,0,wk,Winter
1/10/2015 12:00,34,8360,10028,0,wknd,Winter
1/11/2015 12:00,41.5,8316,10028,0,wknd,Winter
1/12/2015 12:00,43,10028,10028,0,wk,Winter
1/13/2015 12:00,38.5,9974,10028,0,wk,Winter
1/14/2015 12:00,39,10010,10028,0,wk,Winter
1/15/2015 12:00,48.5,10180,10028,0,wk,Winter
1/16/2015 12:00,51,10270,10028,0,wk,Winter
1/17/2015 12:00,54,9392,10028,0,wknd,Winter
1/18/2015 12:00,59,9826,10028,0,wknd,Winter
1/19/2015 12:00,56,10704,10028,0,wk,Winter
1/20/2015 12:00,60.5,13068,10028,1,wk,Winter
1/21/2015 12:00,53,13362,10028,1,wk,Winter
1/22/2015 12:00,46.5,13478,10028,1,wk,Winter
1/23/2015 12:00,44.5,12282,10028,1,wk,Winter
1/24/2015 12:00,49.5,10036,10028,1,wknd,Winter
1/25/2015 12:00,56.5,10768,10028,1,wknd,Winter
1/26/2015 12:00,60,13112,10028,1,wk,Winter
1/27/2015 12:00,67,13178,10028,1,wk,Winter
1/28/2015 12:00,61.5,13366,10028,1,wk,Winter
1/29/2015 12:00,65.5,13506,10028,1,wk,Winter
1/30/2015 12:00,53,12342,10028,1,wk,Winter
1/31/2015 12:00,55.5,10118,10028,1,wknd,Winter
2/1/2015 12:00,58.5,10834,13192,1,wknd,Winter
2/2/2015 12:00,41,13182,13192,1,wk,Winter
2/3/2015 12:00,41.5,13470,13192,1,wk,Winter
2/4/2015 12:00,48.5,13656,13192,1,wk,Winter
2/5/2015 12:00,45,13564,13192,1,wk,Winter
2/6/2015 12:00,48.5,12380,13192,1,wk,Winter
2/7/2015 12:00,54.5,10380,13192,1,wknd,Winter
2/8/2015 12:00,68,11248,13192,1,wknd,Winter
2/9/2015 12:00,67.5,13636,13192,1,wk,Winter
2/10/2015 12:00,63.5,13610,13192,1,wk,Winter
2/11/2015 12:00,64.5,13778,13192,1,wk,Winter
2/12/2015 12:00,53,13580,13192,1,wk,Winter
2/13/2015 12:00,54.5,12432,13192,1,wk,Winter
2/14/2015 12:00,63,10422,13192,1,wknd,Winter
2/15/2015 12:00,62.5,11330,13192,1,wknd,Winter
2/16/2015 12:00,51,13464,13192,1,wk,Winter
2/17/2015 12:00,44.5,13464,13192,1,wk,Winter
2/18/2015 12:00,49,13706,13192,1,wk,Winter
2/19/2015 12:00,54,13730,13192,1,wk,Winter
2/20/2015 12:00,64.5,12616,13192,1,wk,Winter
2/21/2015 12:00,66.5,10224,13192,1,wknd,Winter
2/22/2015 12:00,46.5,11000,13192,1,wknd,Winter
2/23/2015 12:00,33.5,13202,13192,1,wk,Winter
2/24/2015 12:00,33.5,13020,13192,1,wk,Winter
2/25/2015 12:00,49,13224,13192,1,wk,Winter
2/26/2015 12:00,42.5,13202,13192,1,wk,Winter
2/27/2015 12:00,33.5,12070,13192,1,wk,Winter
2/28/2015 12:00,33.5,9866,13192,1,wknd,Winter
3/1/2015 12:00,39,10790,12048,1,wknd,Spring
3/2/2015 12:00,41.5,13200,12048,1,wk,Spring
3/3/2015 12:00,50.5,13188,12048,1,wk,Spring
3/4/2015 12:00,52,13072,12048,1,wk,Spring
3/5/2015 12:00,39,12480,12048,1,wk,Spring
3/6/2015 12:00,41.5,12108,12048,1,wk,Spring
3/7/2015 12:00,49,11328,12048,1,wknd,Spring
3/8/2015 12:00,50.5,10704,12048,1,wknd,Spring
3/9/2015 12:00,52,13388,12048,1,wk,Spring
3/10/2015 12:00,56.5,13320,12048,1,wk,Spring
3/11/2015 12:00,56.5,13248,12048,1,wk,Spring
3/12/2015 12:00,62.5,12808,12048,1,wk,Spring
3/13/2015 12:00,65.5,10588,12048,1,wk,Spring
3/14/2015 12:00,65.5,8116,12048,0,wknd,Spring
3/15/2015 12:00,60,7888,12048,0,wknd,Spring
3/16/2015 12:00,64.5,9012,12048,0,wk,Spring
3/17/2015 12:00,70,9068,12048,0,wk,Spring
3/18/2015 12:00,70.5,9044,12048,0,wk,Spring
3/19/2015 12:00,73,8800,12048,0,wk,Spring
3/20/2015 12:00,64,9280,12048,0,wk,Spring
3/21/2015 12:00,58,8284,12048,0,wknd,Spring
3/22/2015 12:00,67.5,9036,12048,0,wknd,Spring
3/23/2015 12:00,66,13268,12048,1,wk,Spring
3/24/2015 12:00,71,13048,12048,1,wk,Spring
3/25/2015 12:00,73,13164,12048,1,wk,Spring
3/26/2015 12:00,62,13212,12048,1,wk,Spring
3/27/2015 12:00,64,12048,12048,1,wk,Spring
3/28/2015 12:00,66,9912,12048,1,wknd,Spring
3/29/2015 12:00,70.5,10600,12048,1,wknd,Spring
3/30/2015 12:00,72,13048,12048,1,wk,Spring
3/31/2015 12:00,74,13120,12048,1,wk,Spring
4/1/2015 12:00,75.5,13172,13060,1,wk,Spring
4/2/2015 12:00,76,13028,13060,1,wk,Spring
4/3/2015 12:00,76,10964,13060,1,wk,Spring
4/4/2015 12:00,62.5,9716,13060,1,wknd,Spring
4/5/2015 12:00,64,10440,13060,1,wknd,Spring
4/6/2015 12:00,75,10440,13060,1,wk,Spring
4/7/2015 12:00,77.5,13152,13060,1,wk,Spring
4/8/2015 12:00,74,13108,13060,1,wk,Spring
4/9/2015 12:00,78.5,13244,13060,1,wk,Spring
4/10/2015 12:00,65,13216,13060,1,wk,Spring
4/11/2015 12:00,64.5,12204,13060,1,wknd,Spring
4/12/2015 12:00,74.5,9848,13060,1,wknd,Spring
4/13/2015 12:00,75.5,10752,13060,1,wk,Spring
4/14/2015 12:00,67,13144,13060,1,wk,Spring
4/15/2015 12:00,68.5,13096,13060,1,wk,Spring
4/16/2015 12:00,74,13200,13060,1,wk,Spring
4/17/2015 12:00,70.5,13120,13060,1,wk,Spring
4/18/2015 12:00,65.5,12108,13060,1,wknd,Spring
4/19/2015 12:00,73,9680,13060,1,wknd,Spring
4/20/2015 12:00,63.5,10468,13060,1,wk,Spring
4/21/2015 12:00,66,12864,13060,1,wk,Spring
4/22/2015 12:00,74,13092,13060,1,wk,Spring
4/23/2015 12:00,76.5,13512,13060,1,wk,Spring
4/24/2015 12:00,77,13400,13060,1,wk,Spring
4/25/2015 12:00,81.5,12416,13060,1,wknd,Spring
4/26/2015 12:00,77.5,9988,13060,1,wknd,Spring
4/27/2015 12:00,74,10764,13060,1,wk,Spring
4/28/2015 12:00,59,13104,13060,1,wk,Spring
4/29/2015 12:00,63,13200,13060,1,wk,Spring
4/30/2015 12:00,66.5,13348,13060,1,wk,Spring
5/1/2015 12:00,69.5,12436,10492,1,wk,Spring
5/2/2015 12:00,70.5,10276,10492,1,wknd,Spring
5/3/2015 12:00,71,11036,10492,1,wknd,Spring
5/4/2015 12:00,75,13420,10492,1,wk,Spring
5/5/2015 12:00,74.5,13336,10492,1,wk,Spring
5/6/2015 12:00,79,13136,10492,1,wk,Spring
5/7/2015 12:00,78,13224,10492,1,wk,Spring
5/8/2015 12:00,76,12184,10492,1,wk,Spring
5/9/2015 12:00,78.5,9940,10492,1,wknd,Spring
5/10/2015 12:00,81.5,10492,10492,1,wknd,Spring
5/11/2015 12:00,73.5,12092,10492,1,wk,Spring
5/12/2015 12:00,67,12412,10492,1,wk,Spring
5/13/2015 12:00,67,12892,10492,1,wk,Spring
5/14/2015 12:00,77.5,12828,10492,1,wk,Spring
5/15/2015 12:00,72,12076,10492,1,wk,Spring
5/16/2015 12:00,77,10296,10492,1,wknd,Spring
5/17/2015 12:00,75,10500,10492,1,wknd,Spring
5/18/2015 12:00,80.5,11432,10492,1,wk,Spring
5/19/2015 12:00,81.5,10636,10492,1,wk,Spring
5/20/2015 12:00,80.5,9392,10492,0,wk,Spring
5/21/2015 12:00,69,8804,10492,0,wk,Spring
5/22/2015 12:00,69.5,8384,10492,0,wk,Spring
5/23/2015 12:00,76.5,8184,10492,0,wknd,Spring
5/24/2015 12:00,73,8020,10492,0,wknd,Spring
5/25/2015 12:00,74,8036,10492,0,wk,Spring
5/26/2015 12:00,77.5,9184,10492,0,wk,Spring
5/27/2015 12:00,76,9208,10492,0,wk,Spring
5/28/2015 12:00,78,9268,10492,0,wk,Spring
5/29/2015 12:00,76.5,9244,10492,0,wk,Spring
5/30/2015 12:00,79,8488,10492,0,wknd,Spring
5/31/2015 12:00,76.5,8624,10492,0,wknd,Spring
6/1/2015 12:00,76,10492,11328,0,wk,Summer
6/2/2015 12:00,78.5,10476,11328,0,wk,Summer
6/3/2015 12:00,78,10560,11328,0,wk,Summer
6/4/2015 12:00,78,10740,11328,0,wk,Summer
6/5/2015 12:00,79.5,10348,11328,0,wk,Summer
6/6/2015 12:00,80,9120,11328,0,wknd,Summer
6/7/2015 12:00,80.5,9780,11328,0,wknd,Summer
6/8/2015 12:00,82,12076,11328,0,wk,Summer
6/9/2015 12:00,83.5,12308,11328,0,wk,Summer
6/10/2015 12:00,82.5,12036,11328,0,wk,Summer
6/11/2015 12:00,83.5,11724,11328,0,wk,Summer
6/12/2015 12:00,84,11276,11328,0,wk,Summer
6/13/2015 12:00,85,9628,11328,0,wknd,Summer
6/14/2015 12:00,79,9540,11328,0,wknd,Summer
6/15/2015 12:00,81.5,11832,11328,0,wk,Summer
6/16/2015 12:00,78,12356,11328,0,wk,Summer
6/17/2015 12:00,80.5,12080,11328,0,wk,Summer
6/18/2015 12:00,81.5,11732,11328,0,wk,Summer
6/19/2015 12:00,77.5,11380,11328,0,wk,Summer
6/20/2015 12:00,77.5,10116,11328,0,wknd,Summer
6/21/2015 12:00,79,10016,11328,0,wknd,Summer
6/22/2015 12:00,80.5,11836,11328,0,wk,Summer
6/23/2015 12:00,83.5,12328,11328,0,wk,Summer
6/24/2015 12:00,83,12064,11328,0,wk,Summer
6/25/2015 12:00,83,11892,11328,0,wk,Summer
6/26/2015 12:00,84.5,11112,11328,0,wk,Summer
6/27/2015 12:00,82.5,9852,11328,0,wknd,Summer
6/28/2015 12:00,82,9872,11328,0,wknd,Summer
6/29/2015 12:00,83.5,11760,11328,0,wk,Summer
6/30/2015 12:00,83.5,12092,11328,0,wk,Summer
7/1/2015 12:00,81,11688,11336,0,wk,Summer
7/2/2015 12:00,80.5,11168,11336,0,wk,Summer
7/3/2015 12:00,83.5,10404,11336,0,wk,Summer
7/4/2015 12:00,84,8984,11336,0,wknd,Summer
7/5/2015 12:00,83.5,9180,11336,0,wknd,Summer
7/6/2015 12:00,84,9180,11336,0,wk,Summer
7/7/2015 12:00,84.5,11856,11336,0,wk,Summer
7/8/2015 12:00,84.5,11684,11336,0,wk,Summer
7/9/2015 12:00,84.5,11516,11336,0,wk,Summer
7/10/2015 12:00,84,10880,11336,0,wk,Summer
7/11/2015 12:00,83,9784,11336,0,wknd,Summer
7/12/2015 12:00,84,9688,11336,0,wknd,Summer
7/13/2015 12:00,85.5,11552,11336,0,wk,Summer
7/14/2015 12:00,85.5,11884,11336,0,wk,Summer
7/15/2015 12:00,85,11924,11336,0,wk,Summer
7/16/2015 12:00,84.5,11748,11336,0,wk,Summer
7/17/2015 12:00,86,11248,11336,0,wk,Summer
7/18/2015 12:00,87.5,9888,11336,0,wknd,Summer
7/19/2015 12:00,86.5,9916,11336,0,wknd,Summer
7/20/2015 12:00,85.5,11548,11336,0,wk,Summer
7/21/2015 12:00,86,11664,11336,0,wk,Summer
7/22/2015 12:00,87,11776,11336,0,wk,Summer
7/23/2015 12:00,88,11992,11336,0,wk,Summer
7/24/2015 12:00,88,11724,11336,0,wk,Summer
7/25/2015 12:00,86.5,10232,11336,0,wknd,Summer
7/26/2015 12:00,87,10060,11336,0,wknd,Summer
7/27/2015 12:00,88.5,11592,11336,0,wk,Summer
7/28/2015 12:00,88.5,11532,11336,0,wk,Summer
7/29/2015 12:00,88.5,11336,11336,0,wk,Summer
7/30/2015 12:00,88,11304,11336,0,wk,Summer
7/31/2015 12:00,90,10820,11336,0,wk,Summer
8/1/2015 12:00,86,9464,10824,0,wknd,Summer
8/2/2015 12:00,87.5,9472,10824,0,wknd,Summer
8/3/2015 12:00,87,10824,10824,0,wk,Summer
8/4/2015 12:00,88.5,10788,10824,0,wk,Summer
8/5/2015 12:00,89.5,11044,10824,0,wk,Summer
8/6/2015 12:00,89.5,11148,10824,0,wk,Summer
8/7/2015 12:00,88.5,10660,10824,0,wk,Summer
8/8/2015 12:00,90,9532,10824,0,wknd,Summer
8/9/2015 12:00,89.5,9512,10824,0,wknd,Summer
8/10/2015 12:00,89.5,10892,10824,0,wk,Summer
8/11/2015 12:00,90,10868,10824,0,wk,Summer
8/12/2015 12:00,92,10728,10824,0,wk,Summer
8/13/2015 12:00,91,10804,10824,0,wk,Summer
8/14/2015 12:00,89.5,10472,10824,0,wk,Summer
8/15/2015 12:00,88.5,9292,10824,0,wknd,Summer
8/16/2015 12:00,86.5,9240,10824,0,wknd,Summer
8/17/2015 12:00,86,10444,10824,0,wk,Summer
8/18/2015 12:00,87.5,11056,10824,0,wk,Summer
8/19/2015 12:00,88.5,10772,10824,0,wk,Summer
8/20/2015 12:00,78.5,10844,10824,0,wk,Summer
8/21/2015 12:00,82,11160,10824,0,wk,Summer
8/22/2015 12:00,87,10572,10824,0,wknd,Summer
8/23/2015 12:00,88.5,10992,10824,0,wknd,Summer
8/24/2015 12:00,88.5,12460,10824,0,wk,Summer
8/25/2015 12:00,89,12796,10824,0,wk,Summer
8/26/2015 12:00,85.5,13624,10824,1,wk,Summer
8/27/2015 12:00,86,13532,10824,1,wk,Summer
8/28/2015 12:00,85,12608,10824,1,wk,Summer
8/29/2015 12:00,83,10500,10824,1,wknd,Summer
8/30/2015 12:00,85.5,11064,10824,1,wknd,Summer
8/31/2015 12:00,85.5,13748,10824,1,wk,Summer
9/1/2015 12:00,84,13820,13504,1,wk,Fall
9/2/2015 12:00,83,13820,13504,1,wk,Fall
9/3/2015 12:00,83.5,13852,13504,1,wk,Fall
9/4/2015 12:00,87.5,12608,13504,1,wk,Fall
9/5/2015 12:00,90,10340,13504,1,wknd,Fall
9/6/2015 12:00,88,10412,13504,1,wknd,Fall
9/7/2015 12:00,88,11488,13504,1,wk,Fall
9/8/2015 12:00,87.5,13880,13504,1,wk,Fall
9/9/2015 12:00,83.5,13684,13504,1,wk,Fall
9/10/2015 12:00,84,13768,13504,1,wk,Fall
9/11/2015 12:00,84,12772,13504,1,wk,Fall
9/12/2015 12:00,80,10280,13504,1,wknd,Fall
9/13/2015 12:00,77,11088,13504,1,wknd,Fall
9/14/2015 12:00,77,13500,13504,1,wk,Fall
9/15/2015 12:00,84,13680,13504,1,wk,Fall
9/16/2015 12:00,84,13508,13504,1,wk,Fall
9/17/2015 12:00,85.5,13556,13504,1,wk,Fall
9/18/2015 12:00,85.5,12492,13504,1,wk,Fall
9/19/2015 12:00,85,10308,13504,1,wknd,Fall
9/20/2015 12:00,82,11048,13504,1,wknd,Fall
9/21/2015 12:00,84,13440,13504,1,wk,Fall
9/22/2015 12:00,83.5,13592,13504,1,wk,Fall
9/23/2015 12:00,81,13524,13504,1,wk,Fall
9/24/2015 12:00,82,13608,13504,1,wk,Fall
9/25/2015 12:00,84,12512,13504,1,wk,Fall
9/26/2015 12:00,81.5,10288,13504,1,wknd,Fall
9/27/2015 12:00,81,11072,13504,1,wknd,Fall
9/28/2015 12:00,79,13520,13504,1,wk,Fall
9/29/2015 12:00,80.5,13608,13504,1,wk,Fall
9/30/2015 12:00,82.5,13600,13504,1,wk,Fall
10/1/2015 12:00,81.5,13748,13700,1,wk,Fall
10/2/2015 12:00,78,12672,13700,1,wk,Fall
10/3/2015 12:00,71.5,10300,13700,1,wknd,Fall
10/4/2015 12:00,73,11232,13700,1,wknd,Fall
10/5/2015 12:00,76,13788,13700,1,wk,Fall
10/6/2015 12:00,76.5,13696,13700,1,wk,Fall
10/7/2015 12:00,76.5,13908,13700,1,wk,Fall
10/8/2015 12:00,79.5,14040,13700,1,wk,Fall
10/9/2015 12:00,80,12876,13700,1,wk,Fall
10/10/2015 12:00,78.5,10424,13700,1,wknd,Fall
10/11/2015 12:00,79.5,11324,13700,1,wknd,Fall
10/12/2015 12:00,85.5,14088,13700,1,wk,Fall
10/13/2015 12:00,79,13984,13700,1,wk,Fall
10/14/2015 12:00,78,13828,13700,1,wk,Fall
10/15/2015 12:00,79,13968,13700,1,wk,Fall
10/16/2015 12:00,76,12812,13700,1,wk,Fall
10/17/2015 12:00,75,10248,13700,1,wknd,Fall
10/18/2015 12:00,70.5,10996,13700,1,wknd,Fall
10/19/2015 12:00,70,13700,13700,1,wk,Fall
10/20/2015 12:00,72.5,13816,13700,1,wk,Fall
10/21/2015 12:00,79,14140,13700,1,wk,Fall
10/22/2015 12:00,76,14128,13700,1,wk,Fall
10/23/2015 12:00,75.5,13080,13700,1,wk,Fall
10/24/2015 12:00,68,10724,13700,1,wknd,Fall
10/25/2015 12:00,60.5,11352,13700,1,wknd,Fall
10/26/2015 12:00,68.5,13760,13700,1,wk,Fall
10/27/2015 12:00,71,13776,13700,1,wk,Fall
10/28/2015 12:00,70,13832,13700,1,wk,Fall
10/29/2015 12:00,66,13928,13700,1,wk,Fall
10/30/2015 12:00,71,13172,13700,1,wk,Fall
10/31/2015 12:00,71,10736,13700,1,wknd,Fall
11/1/2015 12:00,67,12020,12530,1,wknd,Fall
11/2/2015 12:00,68,14092,12530,1,wk,Fall
11/3/2015 12:00,68.5,14220,12530,1,wk,Fall
11/4/2015 12:00,69.5,14204,12530,1,wk,Fall
11/5/2015 12:00,78.5,14276,12530,1,wk,Fall
11/6/2015 12:00,67.5,12260,12530,1,wk,Fall
11/7/2015 12:00,59.5,10196,12530,1,wknd,Fall
11/8/2015 12:00,62,10980,12530,1,wknd,Fall
11/9/2015 12:00,62.5,13648,12530,1,wk,Fall
11/10/2015 12:00,67,13724,12530,1,wk,Fall
11/11/2015 12:00,77,13940,12530,1,wk,Fall
11/12/2015 12:00,63.5,13616,12530,1,wk,Fall
11/13/2015 12:00,60.5,12460,12530,1,wk,Fall
11/14/2015 12:00,59.5,10488,12530,1,wknd,Fall
11/15/2015 12:00,62,11316,12530,1,wknd,Fall
11/16/2015 12:00,70,13848,12530,1,wk,Fall
11/17/2015 12:00,61,13820,12530,1,wk,Fall
11/18/2015 12:00,57.5,13740,12530,1,wk,Fall
11/19/2015 12:00,62.5,13688,12530,1,wk,Fall
11/20/2015 12:00,64.5,12600,12530,1,wk,Fall
11/21/2015 12:00,53.5,10200,12530,1,wknd,Fall
11/22/2015 12:00,46.5,10996,12530,1,wknd,Fall
11/23/2015 12:00,47.5,13600,12530,1,wk,Fall
11/24/2015 12:00,55.5,12376,12530,1,wk,Fall
11/25/2015 12:00,68,10324,12530,1,wk,Fall
11/26/2015 12:00,71,8060,12530,0,wk,Fall
11/27/2015 12:00,57.5,7968,12530,0,wk,Fall
11/28/2015 12:00,41.5,7816,12530,0,wknd,Fall
11/29/2015 12:00,44.5,8872,12530,0,wknd,Fall
11/30/2015 12:00,50,13704,12530,1,wk,Fall
12/1/2015 12:00,52.5,13604,9072,1,wk,Winter
12/2/2015 12:00,55,13568,9072,1,wk,Winter
12/3/2015 12:00,51.5,13472,9072,1,wk,Winter
12/4/2015 12:00,50,12172,9072,1,wk,Winter
12/5/2015 12:00,51,10016,9072,1,wknd,Winter
12/6/2015 12:00,57,10420,9072,1,wknd,Winter
12/7/2015 12:00,56.5,12404,9072,1,wk,Winter
12/8/2015 12:00,58.5,12768,9072,1,wk,Winter
12/9/2015 12:00,61.5,13028,9072,1,wk,Winter
12/10/2015 12:00,64.5,13188,9072,1,wk,Winter
12/11/2015 12:00,65.5,12356,9072,1,wk,Winter
12/12/2015 12:00,72.5,10448,9072,1,wknd,Winter
12/13/2015 12:00,60,10144,9072,1,wknd,Winter
12/14/2015 12:00,58.5,10848,9072,1,wk,Winter
12/15/2015 12:00,64,10096,9072,1,wk,Winter
12/16/2015 12:00,54.5,9072,9072,0,wk,Winter
12/17/2015 12:00,53.5,8336,9072,0,wk,Winter
12/18/2015 12:00,46,8188,9072,0,wk,Winter
12/19/2015 12:00,51,7840,9072,0,wknd,Winter
12/20/2015 12:00,59,7724,9072,0,wknd,Winter
12/21/2015 12:00,65,8092,9072,0,wk,Winter
12/22/2015 12:00,64,7796,9072,0,wk,Winter
12/23/2015 12:00,67,7340,9072,0,wk,Winter
12/24/2015 12:00,63,7276,9072,0,wk,Winter
12/25/2015 12:00,60.5,7152,9072,0,wk,Winter
12/26/2015 12:00,74,7152,9072,0,wknd,Winter
12/27/2015 12:00,54.5,7092,9072,0,wknd,Winter
12/28/2015 12:00,41,7412,9072,0,wk,Winter
12/29/2015 12:00,43,7420,9072,0,wk,Winter
12/30/2015 12:00,49,7408,9072,0,wk,Winter
12/31/2015 12:00,46,7288,9072,0,wk,Winter
1/1/2016 12:00,46,7276,9408,0,wk,Winter
1/2/2016 12:00,44.5,7288,9408,0,wknd,Winter
1/3/2016 12:00,51.5,3268,9408,0,wknd,Winter
1/4/2016 12:00,47.5,8388,9408,0,wk,Winter
1/5/2016 12:00,46,8528,9408,0,wk,Winter
1/6/2016 12:00,49.5,8712,9408,0,wk,Winter
1/7/2016 12:00,61,8464,9408,0,wk,Winter
1/8/2016 12:00,55,8444,9408,0,wk,Winter
1/9/2016 12:00,48,7488,9408,0,wknd,Winter
1/10/2016 12:00,41.5,7536,9408,0,wknd,Winter
1/11/2016 12:00,45,9408,9408,0,wk,Winter
1/12/2016 12:00,50,9400,9408,0,wk,Winter
1/13/2016 12:00,52,9152,9408,0,wk,Winter
1/14/2016 12:00,58.5,9236,9408,0,wk,Winter
1/15/2016 12:00,59,9556,9408,0,wk,Winter
1/16/2016 12:00,53.5,8784,9408,0,wknd,Winter
1/17/2016 12:00,44.5,9300,9408,0,wknd,Winter
1/18/2016 12:00,47.5,10112,9408,0,wk,Winter
1/19/2016 12:00,56,12656,9408,1,wk,Winter
1/20/2016 12:00,51,12708,9408,1,wk,Winter
1/21/2016 12:00,53.5,12940,9408,1,wk,Winter
1/22/2016 12:00,45.5,11976,9408,1,wk,Winter
1/23/2016 12:00,44,9804,9408,1,wknd,Winter
1/24/2016 12:00,52.5,10612,9408,1,wknd,Winter
1/25/2016 12:00,65.5,13164,9408,1,wk,Winter
1/26/2016 12:00,50.5,13388,9408,1,wk,Winter
1/27/2016 12:00,47.5,13352,9408,1,wk,Winter
1/28/2016 12:00,51.5,13380,9408,1,wk,Winter
1/29/2016 12:00,57,12424,9408,1,wk,Winter
1/30/2016 12:00,61.5,10256,9408,1,wknd,Winter
1/31/2016 12:00,72,10952,9408,1,wknd,Winter
2/1/2016 12:00,65.5,13360,13380,1,wk,Winter
2/2/2016 12:00,61.5,13512,13380,1,wk,Winter
2/3/2016 12:00,48.5,13780,13380,1,wk,Winter
2/4/2016 12:00,46.5,13952,13380,1,wk,Winter
2/5/2016 12:00,47.5,12564,13380,1,wk,Winter
2/6/2016 12:00,50,9996,13380,1,wknd,Winter
2/7/2016 12:00,50,10960,13380,1,wknd,Winter
2/8/2016 12:00,55.5,13380,13380,1,wk,Winter
2/9/2016 12:00,56.5,13672,13380,1,wk,Winter
2/10/2016 12:00,56,13512,13380,1,wk,Winter
2/11/2016 12:00,67.5,13416,13380,1,wk,Winter
2/12/2016 12:00,63,12244,13380,1,wk,Winter
2/13/2016 12:00,63.5,10056,13380,1,wknd,Winter
2/14/2016 12:00,66,10896,13380,1,wknd,Winter
2/15/2016 12:00,62,13268,13380,1,wk,Winter
2/16/2016 12:00,62.5,13480,13380,1,wk,Winter
2/17/2016 12:00,62.5,13616,13380,1,wk,Winter
2/18/2016 12:00,66.5,13612,13380,1,wk,Winter
2/19/2016 12:00,72.5,12284,13380,1,wk,Winter
2/20/2016 12:00,71,10256,13380,1,wknd,Winter
2/21/2016 12:00,68,11104,13380,1,wknd,Winter
2/22/2016 12:00,64.5,13568,13380,1,wk,Winter
2/23/2016 12:00,54,13568,13380,1,wk,Winter
2/24/2016 12:00,53.5,13672,13380,1,wk,Winter
2/25/2016 12:00,53.5,13672,13380,1,wk,Winter
2/26/2016 12:00,52.5,26096,13380,1,wk,Winter
2/27/2016 12:00,57.5,10124,13380,1,wknd,Winter
2/28/2016 12:00,66.5,10976,13380,1,wknd,Winter
2/29/2016 12:00,69.5,13320,13380,1,wk,Winter
3/1/2016 12:00,70,13244,12212,1,wk,Spring
3/2/2016 12:00,63.5,13424,12212,1,wk,Spring
3/3/2016 12:00,72.5,13292,12212,1,wk,Spring
3/4/2016 12:00,60.5,12212,12212,1,wk,Spring
3/5/2016 12:00,68,11356,12212,1,wknd,Spring
3/6/2016 12:00,67.5,10976,12212,1,wknd,Spring
3/7/2016 12:00,70,13440,12212,1,wk,Spring
3/8/2016 12:00,75.5,13496,12212,1,wk,Spring
3/9/2016 12:00,65,13504,12212,1,wk,Spring
3/10/2016 12:00,61,13280,12212,1,wk,Spring
3/11/2016 12:00,65,10520,12212,1,wk,Spring
3/12/2016 12:00,65.5,8264,12212,0,wknd,Spring
3/13/2016 12:00,70.5,7504,12212,0,wknd,Spring
3/14/2016 12:00,73,9132,12212,0,wk,Spring
3/15/2016 12:00,79.5,9292,12212,0,wk,Spring
3/16/2016 12:00,71,9208,12212,0,wk,Spring
3/17/2016 12:00,73,8984,12212,0,wk,Spring
3/18/2016 12:00,67.5,9112,12212,0,wk,Spring
3/19/2016 12:00,54.5,8156,12212,0,wknd,Spring
3/20/2016 12:00,53,9008,12212,0,wknd,Spring
3/21/2016 12:00,51.5,13348,12212,1,wk,Spring
3/22/2016 12:00,61.5,13304,12212,1,wk,Spring
3/23/2016 12:00,73.5,13240,12212,1,wk,Spring
3/24/2016 12:00,59,13016,12212,1,wk,Spring
3/25/2016 12:00,57,10924,12212,1,wk,Spring
3/26/2016 12:00,61,9588,12212,1,wknd,Spring
3/27/2016 12:00,65,10320,12212,1,wknd,Spring
3/28/2016 12:00,61.5,12972,12212,1,wk,Spring
3/29/2016 12:00,63.5,13056,12212,1,wk,Spring
3/30/2016 12:00,72.5,13196,12212,1,wk,Spring
3/31/2016 12:00,76,13124,12212,1,wk,Spring
4/1/2016 12:00,58.5,12000,13092,1,wk,Spring
4/2/2016 12:00,59.5,9940,13092,1,wknd,Spring
4/3/2016 12:00,61.5,10620,13092,1,wknd,Spring
4/4/2016 12:00,68,13084,13092,1,wk,Spring
4/5/2016 12:00,67.5,13200,13092,1,wk,Spring
4/6/2016 12:00,68.5,13168,13092,1,wk,Spring
4/7/2016 12:00,66.5,13352,13092,1,wk,Spring
4/8/2016 12:00,67.5,12080,13092,1,wk,Spring
4/9/2016 12:00,67.5,9708,13092,1,wknd,Spring
4/10/2016 12:00,72,10636,13092,1,wknd,Spring
4/11/2016 12:00,79.5,13192,13092,1,wk,Spring
4/12/2016 12:00,67.5,13216,13092,1,wk,Spring
4/13/2016 12:00,65,13100,13092,1,wk,Spring
4/14/2016 12:00,65.5,13116,13092,1,wk,Spring
4/15/2016 12:00,66.5,11928,13092,1,wk,Spring
4/16/2016 12:00,69.5,9752,13092,1,wknd,Spring
4/17/2016 12:00,71,10620,13092,1,wknd,Spring
4/18/2016 12:00,69,13268,13092,1,wk,Spring
4/19/2016 12:00,71.5,13372,13092,1,wk,Spring
4/20/2016 12:00,70.5,13332,13092,1,wk,Spring
4/21/2016 12:00,71.5,13260,13092,1,wk,Spring
4/22/2016 12:00,72,12148,13092,1,wk,Spring
4/23/2016 12:00,69,9716,13092,1,wknd,Spring
4/24/2016 12:00,71,10476,13092,1,wknd,Spring
4/25/2016 12:00,79,13488,13092,1,wk,Spring
4/26/2016 12:00,79,13412,13092,1,wk,Spring
4/27/2016 12:00,76,13460,13092,1,wk,Spring
4/28/2016 12:00,75,13444,13092,1,wk,Spring
4/29/2016 12:00,79.5,12220,13092,1,wk,Spring
4/30/2016 12:00,76,9932,13092,1,wknd,Spring
5/1/2016 12:00,72,10564,10044,1,wknd,Spring
5/2/2016 12:00,63.5,13164,10044,1,wk,Spring
5/3/2016 12:00,66.5,13192,10044,1,wk,Spring
5/4/2016 12:00,70.5,13188,10044,1,wk,Spring
5/5/2016 12:00,74,13156,10044,1,wk,Spring
5/6/2016 12:00,71,11924,10044,1,wk,Spring
5/7/2016 12:00,72.5,9640,10044,1,wknd,Spring
5/8/2016 12:00,70,10044,10044,1,wknd,Spring
5/9/2016 12:00,77,11960,10044,1,wk,Spring
5/10/2016 12:00,78.5,12508,10044,1,wk,Spring
5/11/2016 12:00,76,13164,10044,1,wk,Spring
5/12/2016 12:00,76,12988,10044,1,wk,Spring
5/13/2016 12:00,79,11724,10044,1,wk,Spring
5/14/2016 12:00,72,10200,10044,1,wknd,Spring
5/15/2016 12:00,67,10216,10044,1,wknd,Spring
5/16/2016 12:00,73.5,11080,10044,1,wk,Spring
5/17/2016 12:00,73.5,10396,10044,1,wk,Spring
5/18/2016 12:00,71,9584,10044,0,wk,Spring
5/19/2016 12:00,68.5,8876,10044,0,wk,Spring
5/20/2016 12:00,72.5,8100,10044,0,wk,Spring
5/21/2016 12:00,76.5,7948,10044,0,wknd,Spring
5/22/2016 12:00,79.5,7812,10044,0,wknd,Spring
5/23/2016 12:00,78,8976,10044,0,wk,Spring
5/24/2016 12:00,80.5,8988,10044,0,wk,Spring
5/25/2016 12:00,81.5,8776,10044,0,wk,Spring
5/26/2016 12:00,79,9052,10044,0,wk,Spring
5/27/2016 12:00,71,8976,10044,0,wk,Spring
5/28/2016 12:00,78,8144,10044,0,wknd,Spring
5/29/2016 12:00,79,7936,10044,0,wknd,Spring
5/30/2016 12:00,77.5,8012,10044,0,wk,Spring
5/31/2016 12:00,74.5,9544,10044,0,wk,Spring
6/1/2016 12:00,77.5,10000,10954,0,wk,Summer
6/2/2016 12:00,76,10592,10954,0,wk,Summer
6/3/2016 12:00,75,10196,10954,0,wk,Summer
6/4/2016 12:00,76.5,8984,10954,0,wknd,Summer
6/5/2016 12:00,78,9188,10954,0,wknd,Summer
6/6/2016 12:00,80,11312,10954,0,wk,Summer
6/7/2016 12:00,80.5,12084,10954,0,wk,Summer
6/8/2016 12:00,81,11656,10954,0,wk,Summer
6/9/2016 12:00,81.5,11064,10954,0,wk,Summer
6/10/2016 12:00,80,10600,10954,0,wk,Summer
6/11/2016 12:00,84.5,9236,10954,0,wknd,Summer
6/12/2016 12:00,85.5,9412,10954,0,wknd,Summer
6/13/2016 12:00,85,11548,10954,0,wk,Summer
6/14/2016 12:00,86,12548,10954,0,wk,Summer
6/15/2016 12:00,87,11888,10954,0,wk,Summer
6/16/2016 12:00,85.5,11068,10954,0,wk,Summer
6/17/2016 12:00,86.5,10560,10954,0,wk,Summer
6/18/2016 12:00,86,9260,10954,0,wknd,Summer
6/19/2016 12:00,85.5,9416,10954,0,wknd,Summer
6/20/2016 12:00,85,11580,10954,0,wk,Summer
6/21/2016 12:00,85.5,12472,10954,0,wk,Summer
6/22/2016 12:00,86,11636,10954,0,wk,Summer
6/23/2016 12:00,85,11196,10954,0,wk,Summer
6/24/2016 12:00,84,10844,10954,0,wk,Summer
6/25/2016 12:00,82.5,9392,10954,0,wknd,Summer
6/26/2016 12:00,85.5,9172,10954,0,wknd,Summer
6/27/2016 12:00,85.5,11212,10954,0,wk,Summer
6/28/2016 12:00,86.5,12004,10954,0,wk,Summer
6/29/2016 12:00,83.5,11364,10954,0,wk,Summer
6/30/2016 12:00,85,10456,10954,0,wk,Summer
7/1/2016 12:00,85,9932,10704,0,wk,Summer
7/2/2016 12:00,87,8092,10704,0,wknd,Summer
7/3/2016 12:00,88,7744,10704,0,wknd,Summer
7/4/2016 12:00,89.5,7872,10704,0,wk,Summer
7/5/2016 12:00,89,10360,10704,0,wk,Summer
7/6/2016 12:00,89.5,11456,10704,0,wk,Summer
7/7/2016 12:00,89,11952,10704,0,wk,Summer
7/8/2016 12:00,89.5,10948,10704,0,wk,Summer
7/9/2016 12:00,88.5,9284,10704,0,wknd,Summer
7/10/2016 12:00,87,9420,10704,0,wknd,Summer
7/11/2016 12:00,89.5,11208,10704,0,wk,Summer
7/12/2016 12:00,88.5,11892,10704,0,wk,Summer
7/13/2016 12:00,90.5,11640,10704,0,wk,Summer
7/14/2016 12:00,89,11088,10704,0,wk,Summer
7/15/2016 12:00,89.5,10732,10704,0,wk,Summer
7/16/2016 12:00,88,9616,10704,0,wknd,Summer
7/17/2016 12:00,87.5,9224,10704,0,wknd,Summer
7/18/2016 12:00,88.5,10852,10704,0,wk,Summer
7/19/2016 12:00,88.5,11016,10704,0,wk,Summer
7/20/2016 12:00,89,10832,10704,0,wk,Summer
7/21/2016 12:00,88.5,10648,10704,0,wk,Summer
7/22/2016 12:00,89,10472,10704,0,wk,Summer
7/23/2016 12:00,89.5,9212,10704,0,wknd,Summer
7/24/2016 12:00,89.5,9416,10704,0,wknd,Summer
7/25/2016 12:00,89,11176,10704,0,wk,Summer
7/26/2016 12:00,84,11080,10704,0,wk,Summer
7/27/2016 12:00,83,10932,10704,0,wk,Summer
7/28/2016 12:00,86,10816,10704,0,wk,Summer
7/29/2016 12:00,85,10704,10704,0,wk,Summer
7/30/2016 12:00,86.5,9448,10704,0,wknd,Summer
7/31/2016 12:00,88,9220,10704,0,wknd,Summer
8/1/2016 12:00,87,10724,10620,0,wk,Summer
8/2/2016 12:00,86.5,10768,10620,0,wk,Summer
8/3/2016 12:00,87.5,10796,10620,0,wk,Summer
8/4/2016 12:00,87.5,10780,10620,0,wk,Summer
8/5/2016 12:00,88.5,10452,10620,0,wk,Summer
8/6/2016 12:00,88.5,9196,10620,0,wknd,Summer
8/7/2016 12:00,88.5,9152,10620,0,wknd,Summer
8/8/2016 12:00,89,10604,10620,0,wk,Summer
8/9/2016 12:00,90.5,10632,10620,0,wk,Summer
8/10/2016 12:00,91.5,10672,10620,0,wk,Summer
8/11/2016 12:00,90,10656,10620,0,wk,Summer
8/12/2016 12:00,92,10592,10620,0,wk,Summer
8/13/2016 12:00,86.5,8876,10620,0,wknd,Summer
8/14/2016 12:00,77.5,8700,10620,0,wknd,Summer
8/15/2016 12:00,73.5,9784,10620,0,wk,Summer
8/16/2016 12:00,77,10284,10620,0,wk,Summer
8/17/2016 12:00,79.5,10176,10620,0,wk,Summer
8/18/2016 12:00,81,10220,10620,0,wk,Summer
8/19/2016 12:00,84,10620,10620,0,wk,Summer
8/20/2016 12:00,78,9816,10620,0,wknd,Summer
8/21/2016 12:00,77.5,10184,10620,0,wknd,Summer
8/22/2016 12:00,83,12420,10620,0,wk,Summer
8/23/2016 12:00,85.5,12768,10620,0,wk,Summer
8/24/2016 12:00,84.5,13328,10620,1,wk,Summer
8/25/2016 12:00,84,13464,10620,1,wk,Summer
8/26/2016 12:00,84,12376,10620,1,wk,Summer
8/27/2016 12:00,82,9920,10620,1,wknd,Summer
8/28/2016 12:00,82.5,10552,10620,1,wknd,Summer
8/29/2016 12:00,82,12980,10620,1,wk,Summer
8/30/2016 12:00,82.5,13188,10620,1,wk,Summer
8/31/2016 12:00,84,13124,10620,1,wk,Summer
9/1/2016 12:00,85.5,13304,12898,1,wk,Fall
9/2/2016 12:00,83.5,12072,12898,1,wk,Fall
9/3/2016 12:00,82.5,9708,12898,1,wknd,Fall
9/4/2016 12:00,84,9992,12898,1,wknd,Fall
9/5/2016 12:00,83.5,11040,12898,1,wk,Fall
9/6/2016 12:00,86,13532,12898,1,wk,Fall
9/7/2016 12:00,87,13444,12898,1,wk,Fall
9/8/2016 12:00,86,13332,12898,1,wk,Fall
9/9/2016 12:00,86,12408,12898,1,wk,Fall
9/10/2016 12:00,82,9808,12898,1,wknd,Fall
9/11/2016 12:00,81,10764,12898,1,wknd,Fall
9/12/2016 12:00,81.5,13112,12898,1,wk,Fall
9/13/2016 12:00,84,13344,12898,1,wk,Fall
9/14/2016 12:00,84,13420,12898,1,wk,Fall
9/15/2016 12:00,83,13480,12898,1,wk,Fall
9/16/2016 12:00,85,12404,12898,1,wk,Fall
9/17/2016 12:00,85,10024,12898,1,wknd,Fall
9/18/2016 12:00,86.5,10840,12898,1,wknd,Fall
9/19/2016 12:00,87.5,13316,12898,1,wk,Fall
9/20/2016 12:00,87,13408,12898,1,wk,Fall
9/21/2016 12:00,85.5,13264,12898,1,wk,Fall
9/22/2016 12:00,82,13468,12898,1,wk,Fall
9/23/2016 12:00,84.5,12236,12898,1,wk,Fall
9/24/2016 12:00,87,9860,12898,1,wknd,Fall
9/25/2016 12:00,79,10600,12898,1,wknd,Fall
9/26/2016 12:00,70,12796,12898,1,wk,Fall
9/27/2016 12:00,73.5,13000,12898,1,wk,Fall
9/28/2016 12:00,77,13000,12898,1,wk,Fall
9/29/2016 12:00,74.5,13040,12898,1,wk,Fall
9/30/2016 12:00,71.5,11884,12898,1,wk,Fall
10/1/2016 12:00,69.5,9388,13020,1,wknd,Fall
10/2/2016 12:00,71.5,10404,13020,1,wknd,Fall
10/3/2016 12:00,74.5,12912,13020,1,wk,Fall
10/4/2016 12:00,80.5,13096,13020,1,wk,Fall
10/5/2016 12:00,83.5,13336,13020,1,wk,Fall
10/6/2016 12:00,84,13380,13020,1,wk,Fall
10/7/2016 12:00,76,12040,13020,1,wk,Fall
10/8/2016 12:00,73.5,9364,13020,1,wknd,Fall
10/9/2016 12:00,71,10380,13020,1,wknd,Fall
10/10/2016 12:00,68,12956,13020,1,wk,Fall
10/11/2016 12:00,70.5,13008,13020,1,wk,Fall
10/12/2016 12:00,76,13108,13020,1,wk,Fall
10/13/2016 12:00,78.5,13368,13020,1,wk,Fall
10/14/2016 12:00,77,13368,13020,1,wk,Fall
10/15/2016 12:00,81,13368,13020,1,wknd,Fall
10/16/2016 12:00,84.5,13368,13020,1,wknd,Fall
10/17/2016 12:00,84,13368,13020,1,wk,Fall
10/18/2016 12:00,84,13428,13020,1,wk,Fall
10/19/2016 12:00,83.5,13288,13020,1,wk,Fall
10/20/2016 12:00,74,13080,13020,1,wk,Fall
10/21/2016 12:00,65,12124,13020,1,wk,Fall
10/22/2016 12:00,63.5,9856,13020,1,wknd,Fall
10/23/2016 12:00,69.5,10580,13020,1,wknd,Fall
10/24/2016 12:00,76.5,13060,13020,1,wk,Fall
10/25/2016 12:00,76.5,13052,13020,1,wk,Fall
10/26/2016 12:00,75.5,13136,13020,1,wk,Fall
10/27/2016 12:00,76,13020,13020,1,wk,Fall
10/28/2016 12:00,73.5,12088,13020,1,wk,Fall
10/29/2016 12:00,75,9812,13020,1,wknd,Fall
10/30/2016 12:00,76,10496,13020,1,wknd,Fall
10/31/2016 12:00,73,12844,13020,1,wk,Fall
11/1/2016 12:00,81,12972,12450,1,wk,Fall
11/2/2016 12:00,80.5,12992,12450,1,wk,Fall
11/3/2016 12:00,74,13144,12450,1,wk,Fall
11/4/2016 12:00,70.5,11980,12450,1,wk,Fall
11/5/2016 12:00,67.5,9732,12450,1,wknd,Fall
11/6/2016 12:00,67.5,10808,12450,1,wknd,Fall
11/7/2016 12:00,66,13064,12450,1,wk,Fall
11/8/2016 12:00,65.5,13096,12450,1,wk,Fall
11/9/2016 12:00,62.5,12824,12450,1,wk,Fall
11/10/2016 12:00,63.5,12888,12450,1,wk,Fall
11/11/2016 12:00,64.5,11892,12450,1,wk,Fall
11/12/2016 12:00,67,9596,12450,1,wknd,Fall
11/13/2016 12:00,65,10408,12450,1,wknd,Fall
11/14/2016 12:00,69,13008,12450,1,wk,Fall
11/15/2016 12:00,72.5,12992,12450,1,wk,Fall
11/16/2016 12:00,70.5,13060,12450,1,wk,Fall
11/17/2016 12:00,70,13296,12450,1,wk,Fall
11/18/2016 12:00,65.5,12076,12450,1,wk,Fall
11/19/2016 12:00,52,10184,12450,1,wknd,Fall
11/20/2016 12:00,51,10892,12450,1,wknd,Fall
11/21/2016 12:00,60.5,12956,12450,1,wk,Fall
11/22/2016 12:00,69,12036,12450,1,wk,Fall
11/23/2016 12:00,62,9896,12450,0,wk,Fall
11/24/2016 12:00,61,7860,12450,0,wk,Fall
11/25/2016 12:00,60.5,7968,12450,0,wk,Fall
11/26/2016 12:00,61.5,7808,12450,0,wknd,Fall
11/27/2016 12:00,66,8648,12450,0,wknd,Fall
11/28/2016 12:00,65,13000,12450,1,wk,Fall
11/29/2016 12:00,64,13200,12450,1,wk,Fall
11/30/2016 12:00,54.5,13336,12450,1,wk,Fall
12/1/2016 12:00,53,13304,8520,1,wk,Winter
12/2/2016 12:00,57.5,12452,8520,1,wk,Winter
12/3/2016 12:00,50.5,10224,8520,1,wknd,Winter
12/4/2016 12:00,51,10908,8520,1,wknd,Winter
12/5/2016 12:00,49.5,12980,8520,1,wk,Winter
12/6/2016 12:00,50.5,12776,8520,1,wk,Winter
12/7/2016 12:00,47.5,12956,8520,1,wk,Winter
12/8/2016 12:00,44,13128,8520,1,wk,Winter
12/9/2016 12:00,39.5,12204,8520,1,wk,Winter
12/10/2016 12:00,43.5,10504,8520,1,wknd,Winter
12/11/2016 12:00,58.5,10500,8520,1,wknd,Winter
12/12/2016 12:00,56.5,11552,8520,1,wk,Winter
12/13/2016 12:00,63.5,11028,8520,1,wk,Winter
12/14/2016 12:00,50,10592,8520,1,wk,Winter
12/15/2016 12:00,49.5,9020,8520,0,wk,Winter
12/16/2016 12:00,59,8168,8520,0,wk,Winter
12/17/2016 12:00,55,7732,8520,0,wknd,Winter
12/18/2016 12:00,31.5,7808,8520,0,wknd,Winter
12/19/2016 12:00,34,8308,8520,0,wk,Winter
12/20/2016 12:00,47,8520,8520,0,wk,Winter
12/21/2016 12:00,57,8456,8520,0,wk,Winter
12/22/2016 12:00,59,8312,8520,0,wk,Winter
12/23/2016 12:00,60,7756,8520,0,wk,Winter
12/24/2016 12:00,71.5,7444,8520,0,wknd,Winter
12/25/2016 12:00,74,7232,8520,0,wknd,Winter
12/26/2016 12:00,77,7328,8520,0,wk,Winter
12/27/2016 12:00,69,7072,8520,0,wk,Winter
12/28/2016 12:00,72.5,7408,8520,0,wk,Winter
12/29/2016 12:00,59.5,7732,8520,0,wk,Winter
12/30/2016 12:00,52,8172,8520,0,wk,Winter
12/31/2016 12:00,64,7624,8520,0,wknd,Winter
1/1/2017 12:00,64,7524,9944,0,wknd,Winter
1/2/2017 12:00,63,8136,9944,0,wk,Winter
1/3/2017 12:00,60,8300,9944,0,wk,Winter
1/4/2017 12:00,44,8580,9944,0,wk,Winter
1/5/2017 12:00,48.5,8740,9944,0,wk,Winter
1/6/2017 12:00,28.5,8960,9944,0,wk,Winter
1/7/2017 12:00,31.5,8372,9944,0,wknd,Winter
1/8/2017 12:00,37,8336,9944,0,wknd,Winter
1/9/2017 12:00,57,9944,9944,0,wk,Winter
1/10/2017 12:00,69,9756,9944,0,wk,Winter
1/11/2017 12:00,69.5,9844,9944,0,wk,Winter
1/12/2017 12:00,74,9740,9944,0,wk,Winter
1/13/2017 12:00,67,9868,9944,0,wk,Winter
1/14/2017 12:00,51.5,9100,9944,0,wknd,Winter
1/15/2017 12:00,62,9712,9944,0,wknd,Winter
1/16/2017 12:00,64,10636,9944,0,wk,Winter
1/17/2017 12:00,53.5,13008,9944,1,wk,Winter
1/18/2017 12:00,51.5,13012,9944,1,wk,Winter
1/19/2017 12:00,61.5,13052,9944,1,wk,Winter
1/20/2017 12:00,61.5,12064,9944,1,wk,Winter
1/21/2017 12:00,64.5,9808,9944,1,wknd,Winter
1/22/2017 12:00,61.5,10692,9944,1,wknd,Winter
1/23/2017 12:00,61,13096,9944,1,wk,Winter
1/24/2017 12:00,67,13060,9944,1,wk,Winter
1/25/2017 12:00,58.5,13084,9944,1,wk,Winter
1/26/2017 12:00,49.5,13304,9944,1,wk,Winter
1/27/2017 12:00,48,12228,9944,1,wk,Winter
1/28/2017 12:00,50,10044,9944,1,wknd,Winter
1/29/2017 12:00,55,10968,9944,1,wknd,Winter
1/30/2017 12:00,63,13208,9944,1,wk,Winter
1/31/2017 12:00,61,13008,9944,1,wk,Winter
2/1/2017 12:00,66.5,12928,12858,1,wk,Winter
2/2/2017 12:00,55,12996,12858,1,wk,Winter
2/3/2017 12:00,49,12140,12858,1,wk,Winter
2/4/2017 12:00,49,9816,12858,1,wknd,Winter
2/5/2017 12:00,61.5,10508,12858,1,wknd,Winter
2/6/2017 12:00,72.5,12812,12858,1,wk,Winter
2/7/2017 12:00,71,12988,12858,1,wk,Winter
2/8/2017 12:00,69,13168,12858,1,wk,Winter
2/9/2017 12:00,55.5,13192,12858,1,wk,Winter
2/10/2017 12:00,65,12132,12858,1,wk,Winter
2/11/2017 12:00,76,9592,12858,1,wknd,Winter
2/12/2017 12:00,72.5,10308,12858,1,wknd,Winter
2/13/2017 12:00,70.5,12992,12858,1,wk,Winter
2/14/2017 12:00,57,12728,12858,1,wk,Winter
2/15/2017 12:00,54,12944,12858,1,wk,Winter
2/16/2017 12:00,55,13124,12858,1,wk,Winter
2/17/2017 12:00,63.5,11912,12858,1,wk,Winter
2/18/2017 12:00,74,9548,12858,1,wknd,Winter
2/19/2017 12:00,71,10468,12858,1,wknd,Winter
2/20/2017 12:00,64,13068,12858,1,wk,Winter
2/21/2017 12:00,67,13096,12858,1,wk,Winter
2/22/2017 12:00,69,13212,12858,1,wk,Winter
2/23/2017 12:00,72.5,13044,12858,1,wk,Winter
2/24/2017 12:00,67,11892,12858,1,wk,Winter
2/25/2017 12:00,53.5,9944,12858,1,wknd,Winter
2/26/2017 12:00,57,10528,12858,1,wknd,Winter
2/27/2017 12:00,74,12904,12858,1,wk,Winter
2/28/2017 12:00,74.5,13132,12858,1,wk,Winter
3/1/2017 12:00,63.5,13136,12028,1,wk,Spring
3/2/2017 12:00,57.5,13412,12028,1,wk,Spring
3/3/2017 12:00,55.5,12160,12028,1,wk,Spring
3/4/2017 12:00,56.5,10992,12028,1,wknd,Spring
3/5/2017 12:00,66,10524,12028,1,wknd,Spring
3/6/2017 12:00,76,13008,12028,1,wk,Spring
3/7/2017 12:00,69,12940,12028,1,wk,Spring
3/8/2017 12:00,68,13180,12028,1,wk,Spring
3/9/2017 12:00,73.5,12912,12028,1,wk,Spring
3/10/2017 12:00,72.5,10352,12028,1,wk,Spring
3/11/2017 12:00,63.5,8004,12028,0,wknd,Spring
3/12/2017 12:00,54.5,7596,12028,0,wknd,Spring
3/13/2017 12:00,59,9180,12028,0,wk,Spring
3/14/2017 12:00,56.5,9224,12028,0,wk,Spring
3/15/2017 12:00,62,9104,12028,0,wk,Spring
3/16/2017 12:00,68.5,9164,12028,0,wk,Spring
3/17/2017 12:00,74,8900,12028,0,wk,Spring
3/18/2017 12:00,74.5,7636,12028,0,wknd,Spring
3/19/2017 12:00,75,9300,12028,1,wknd,Spring
3/20/2017 12:00,74.5,12688,12028,1,wk,Spring
3/21/2017 12:00,74,12844,12028,1,wk,Spring
3/22/2017 12:00,75.5,12948,12028,1,wk,Spring
3/23/2017 12:00,75,13140,12028,1,wk,Spring
3/24/2017 12:00,71.5,12028,12028,1,wk,Spring
3/25/2017 12:00,68.5,9792,12028,1,wknd,Spring
3/26/2017 12:00,74.5,10556,12028,1,wknd,Spring
3/27/2017 12:00,78,13244,12028,1,wk,Spring
3/28/2017 12:00,78,13240,12028,1,wk,Spring
3/29/2017 12:00,72,13276,12028,1,wk,Spring
3/30/2017 12:00,68,13136,12028,1,wk,Spring
3/31/2017 12:00,70.5,12000,12028,1,wk,Spring
4/1/2017 12:00,70.5,9700,12886,1,wknd,Spring
4/2/2017 12:00,67,10544,12886,1,wknd,Spring
4/3/2017 12:00,69.5,13100,12886,1,wk,Spring
4/4/2017 12:00,74.5,12992,12886,1,wk,Spring
4/5/2017 12:00,63.5,13100,12886,1,wk,Spring
4/6/2017 12:00,64,13040,12886,1,wk,Spring
4/7/2017 12:00,66.5,12084,12886,1,wk,Spring
4/8/2017 12:00,69,9580,12886,1,wknd,Spring
4/9/2017 12:00,73.5,10620,12886,1,wknd,Spring
4/10/2017 12:00,75.5,13244,12886,1,wk,Spring
4/11/2017 12:00,67,13052,12886,1,wk,Spring
4/12/2017 12:00,69.5,12900,12886,1,wk,Spring
4/13/2017 12:00,74.5,12968,12886,1,wk,Spring
4/14/2017 12:00,74.5,11048,12886,1,wk,Spring
4/15/2017 12:00,75.5,9240,12886,1,wknd,Spring
4/16/2017 12:00,76.5,10188,12886,1,wknd,Spring
4/17/2017 12:00,71.5,12904,12886,1,wk,Spring
4/18/2017 12:00,71.5,12872,12886,1,wk,Spring
4/19/2017 12:00,76.5,12904,12886,1,wk,Spring
4/20/2017 12:00,79,13044,12886,1,wk,Spring
4/21/2017 12:00,80,12276,12886,1,wk,Spring
4/22/2017 12:00,65,9752,12886,1,wknd,Spring
4/23/2017 12:00,63.5,10484,12886,1,wknd,Spring
4/24/2017 12:00,65,12904,12886,1,wk,Spring
4/25/2017 12:00,76,13116,12886,1,wk,Spring
4/26/2017 12:00,76.5,13192,12886,1,wk,Spring
4/27/2017 12:00,69.5,13164,12886,1,wk,Spring
4/28/2017 12:00,82.5,12300,12886,1,wk,Spring
4/29/2017 12:00,79,10036,12886,1,wknd,Spring
4/30/2017 12:00,65,10448,12886,1,wknd,Spring
5/1/2017 12:00,71,12552,9920,1,wk,Spring
5/2/2017 12:00,77,12996,9920,1,wk,Spring
5/3/2017 12:00,79.5,13436,9920,1,wk,Spring
5/4/2017 12:00,69.5,13148,9920,1,wk,Spring
5/5/2017 12:00,70.5,11960,9920,1,wk,Spring
5/6/2017 12:00,72.5,9596,9920,1,wknd,Spring
5/7/2017 12:00,74.5,10012,9920,1,wknd,Spring
5/8/2017 12:00,74,11884,9920,1,wk,Spring
5/9/2017 12:00,71,12372,9920,1,wk,Spring
5/10/2017 12:00,77,12880,9920,1,wk,Spring
5/11/2017 12:00,79.5,12916,9920,1,wk,Spring
5/12/2017 12:00,75.5,11740,9920,1,wk,Spring
5/13/2017 12:00,73.5,10044,9920,1,wknd,Spring
5/14/2017 12:00,77.5,9908,9920,1,wknd,Spring
5/15/2017 12:00,79.5,11056,9920,1,wk,Spring
5/16/2017 12:00,78,10536,9920,1,wk,Spring
5/17/2017 12:00,80,9460,9920,0,wk,Spring
5/18/2017 12:00,83.5,8832,9920,0,wk,Spring
5/19/2017 12:00,85,8480,9920,0,wk,Spring
5/20/2017 12:00,75,8088,9920,0,wknd,Spring
5/21/2017 12:00,70,7880,9920,0,wknd,Spring
5/22/2017 12:00,69,9124,9920,0,wk,Spring
5/23/2017 12:00,72,9120,9920,0,wk,Spring
5/24/2017 12:00,71.5,9464,9920,0,wk,Spring
5/25/2017 12:00,78,9696,9920,0,wk,Spring
5/26/2017 12:00,83.5,9708,9920,0,wk,Spring
5/27/2017 12:00,86.5,8764,9920,0,wknd,Spring
5/28/2017 12:00,80,8524,9920,0,wknd,Spring
5/29/2017 12:00,78,8476,9920,0,wk,Spring
5/30/2017 12:00,78,9920,9920,0,wk,Spring
5/31/2017 12:00,76.5,10008,9920,0,wk,Spring
6/1/2017 12:00,78,10816,10970,0,wk,Summer
6/2/2017 12:00,83,10500,10970,0,wk,Summer
6/3/2017 12:00,81.5,9452,10970,0,wknd,Summer
6/4/2017 12:00,79.5,9564,10970,0,wknd,Summer
6/5/2017 12:00,78,11628,10970,0,wk,Summer
6/6/2017 12:00,81,12072,10970,0,wk,Summer
6/7/2017 12:00,82.5,11912,10970,0,wk,Summer
6/8/2017 12:00,83,11552,10970,0,wk,Summer
6/9/2017 12:00,82,11100,10970,0,wk,Summer
6/10/2017 12:00,81.5,9604,10970,0,wknd,Summer
6/11/2017 12:00,83,9628,10970,0,wknd,Summer
6/12/2017 12:00,84.5,11612,10970,0,wk,Summer
6/13/2017 12:00,87,11784,10970,0,wk,Summer
6/14/2017 12:00,87,11628,10970,0,wk,Summer
6/15/2017 12:00,87.5,11320,10970,0,wk,Summer
6/16/2017 12:00,87.5,10948,10970,0,wk,Summer
6/17/2017 12:00,89,10024,10970,0,wknd,Summer
6/18/2017 12:00,89,9676,10970,0,wknd,Summer
6/19/2017 12:00,84,11316,10970,0,wk,Summer
6/20/2017 12:00,87,11892,10970,0,wk,Summer
6/21/2017 12:00,86,11380,10970,0,wk,Summer
6/22/2017 12:00,87.5,11128,10970,0,wk,Summer
6/23/2017 12:00,91,10864,10970,0,wk,Summer
6/24/2017 12:00,78.5,9228,10970,0,wknd,Summer
6/25/2017 12:00,82.5,9104,10970,0,wknd,Summer
6/26/2017 12:00,81.5,10924,10970,0,wk,Summer
6/27/2017 12:00,81,11636,10970,0,wk,Summer
6/28/2017 12:00,81.5,10992,10970,0,wk,Summer
6/29/2017 12:00,87,10776,10970,0,wk,Summer
6/30/2017 12:00,88.5,10608,10970,0,wk,Summer
7/1/2017 12:00,88.5,9136,10644,0,wknd,Summer
7/2/2017 12:00,89,8860,10644,0,wknd,Summer
7/3/2017 12:00,87.5,10032,10644,0,wk,Summer
7/4/2017 12:00,89.5,8960,10644,0,wk,Summer
